Product,Category,Frequency,Monetary,Recency_Years,R_Score,F_Score,M_Score,Segment
(★개인 결제)[아임굿] '간'편한 기력회복 숙취해소 특허받은 과채음료,건강식품,1,165000,0,5,1,1,New / Niche SKUs
(여름철대비) 산뜻 상쾌 쾌적 시원 솔솔 선풍기 7종,Unknown,1,0,2,2,1,1,Dormant / Long-tail
Hot Ice님 개인 결제창입니다.,Unknown,1,96000,2,2,1,1,Dormant / Long-tail
NK타히보 골드제로 타히보차 음료 500ml 1box[20병],Unknown,40,1945000,3,1,4,4,Declining Stars (At Risk)
NK타히보530 삼각티백 타히보차 티백 1box[30포],욕실/세정/위생용품,4,239200,3,1,1,2,Dormant / Long-tail
[1004] 유기농 인증 프리미엄 천사미 신안 유기농쌀 10KG,농축산/과일/계란,144,5166000,1,3,5,5,Steady Sellers
[101퍼센트] 가성비 반영구 롤 클리너,생활용품/차량용품/마스크,22,415800,2,2,3,2,Needs Review
[23년 특품] 전북 단야 마을 밥맛 좋은 신동진 햅쌀,식품,73,1601300,0,5,4,4,Star Performers
[300야드] 비거리 증가 발란스 인솔,패션/잡화,10,589500,1,3,2,3,Needs Review
[4+1] 셀핀다 고순도 프리미엄 발효가바 100% 1500mg,건강,25,8280000,3,1,3,5,Steady Sellers
[4+1] 셀핀다 고순도 프리미엄 발효가바 100% 750mg,건강,17,3315000,3,1,2,5,Needs Review
[AGK노르딕] 리모컨 에어맥스 팬큘레이터 선풍기,Unknown,3,358000,1,3,1,2,Needs Review
[ALL바른] 신선하고 간편한 국산 대구로 만든 대구탕 2종,국/탕/찌개/면,88,841500,2,2,4,3,Steady Sellers
[AMC] 통째들어간 'FRESH BEATS' ABC주스,음료/차,18,1039370,1,3,3,3,Steady Sellers
[CJ바이오] 김치 생 유산균 스페셜 프로바이오틱스 2g*30포,건강식품,83,1113000,2,2,4,3,Steady Sellers
[EMPORIO ARMANI] 아르마니 기내용 캐리어 21인치,패션/잡화,3,450000,1,3,1,2,Needs Review
[G&C] 모기의 천적 그린N클린 캠핑 모기패치&밴드,계절가전/계절용품,25,125000,1,3,3,1,Needs Review
[G&C] 모기의 천적 그린N클린 캥핑 모기패치&밴드,계절가전/계절용품,71,355000,2,2,4,2,Needs Review
[GNC] 머리부터 발끝까지 10종 멀티비타민 트리플액션,건강식품,48,2800000,2,2,4,5,Declining Stars (At Risk)
[GNC] 청소의 제왕 만능 실리콘 끌개 빗자루 호빗,욕실/세정/위생용품,126,2460000,1,3,5,4,Steady Sellers
[HAAP:합] 유칼립투스 카밍 마스크,뷰티/다이어트,81,3360000,1,3,4,5,Steady Sellers
[HAAP:합] 유칼립투스 카밍 에센스,뷰티/다이어트,131,7224000,1,3,5,5,Steady Sellers
[HD푸드] 통영 바다장어 특대 사이즈 1kg(2~4미),수산/건어물/김,29,1131000,1,3,3,3,Steady Sellers
[K-HOT팩] 친환경 아사히카사히 핫팩,계절가전/계절용품,129,835800,2,2,5,3,Steady Sellers
[KBH] 고함량 단백질 산양유 프로틴 1+1,건강식품,89,6246600,1,3,4,5,Steady Sellers
[LOML] 냄새차단 대용량 휴지통 29L,생활용품/차량용품/마스크,2,120600,1,3,1,1,Needs Review
[NFC생명과학] 근육통에 탁월한 제주 참꽃 마사지 크림,뷰티/다이어트,3,114000,2,2,1,1,Dormant / Long-tail
[NK타히보] 530 삼각티백 타히보차 티백 1box[30포],건강식품,14,777400,1,3,2,3,Needs Review
[NK타히보] 골드제로 타히보차 음료 500ml 1box[20병],건강식품,349,17150000,2,2,5,5,Declining Stars (At Risk)
[NK타히보] 파우더EX 고농축 동결건조 타히보추출분말 1box[30포],건강식품,1,151300,3,1,1,1,Dormant / Long-tail
[NK타히보] 프리미엄티 액상 타히보차 선물세트 30ml[60포],건강식품,20,2533000,2,2,3,4,Steady Sellers
[NK플러스] 건강기능 멀티비타민 면역력강화,Unknown,11,1408000,3,1,2,4,Needs Review
[NK플러스] 건강기능 멀티비타민 면역력강화 1box[3병],Unknown,47,1276000,2,2,4,4,Declining Stars (At Risk)
[NP21] 주름개선 미백효과 비타민 멀티밤 9g,뷰티/다이어트,28,554400,1,3,3,3,Steady Sellers
[PGA투어] 아이웨어 브룩스 선글라스,패션/잡화,12,1668000,2,2,2,4,Needs Review
[PGA투어] 아이웨어 조던 선글라스,패션/잡화,11,1529000,2,2,2,4,Needs Review
[PGA투어] 초발수코팅 방탄렌즈 아이웨어 선글라스 2종,패션/잡화,4,716000,2,2,1,3,Needs Review
[QVE] 마이 헬스가드 안심공간 생활방역,욕실/세정/위생용품,24,729000,2,2,3,3,Steady Sellers
[SFC바이오] 갈증날 땐 수박소다UP,식품,251,7367000,1,3,5,5,Steady Sellers
[SFC바이오] 소화흡수 프로젝트 닥터헬리파,건강식품,12,957000,1,3,2,3,Needs Review
[THE팔당] 맛있게 매콤한 오징어볶음 350g*2팩,밥/반찬/요리,175,3633000,1,3,5,5,Steady Sellers
[★새날] 기억하자! 이채양명주 디퓨저,Unknown,1389,27402300,0,5,5,5,Star Performers
[★새날] 기억하자! 이채양명주 디퓨저(500ml 한개),Unknown,2,39800,0,5,1,1,New / Niche SKUs
[가득찬푸드] 갈비향 가득 갈비꿩만두 600g,밥/반찬/요리,18,162800,2,2,3,1,Needs Review
[가득찬푸드] 매콤 쭈꾸미만두 350G,밥/반찬/요리,13,98200,3,1,2,1,Dormant / Long-tail
[가득찬푸드] 매콤 쭈꾸미만두 350g,밥/반찬/요리,102,701700,1,3,4,3,Steady Sellers
[가득찬푸드] 삼색옹심이꿩만두,밥/반찬/요리,14,139700,2,2,2,1,Dormant / Long-tail
[가득찬푸드] 슈프림 새우만두,밥/반찬/요리,18,142400,3,1,3,1,Needs Review
[가득찬푸드] 슈프림 새우만두 350g,밥/반찬/요리,27,216300,2,2,3,2,Needs Review
[가득찬푸드] 잎새 꿩만두,밥/반찬/요리,64,585600,2,2,4,3,Steady Sellers
[가득찬푸드] 잎새 꿩만두 600g,밥/반찬/요리,8,79200,0,5,2,1,New / Niche SKUs
[가마솥옛날수제누룽지] 국내산 쌀로 만든 바삭 누룽지,Unknown,104,2286000,1,3,4,4,Steady Sellers
[가야] 이은자 산수유 엑기스 500ml,건강식품,7,261000,2,2,2,2,Dormant / Long-tail
[가야] 전남 구례 라임청 300ml,건강식품,4,168000,3,1,1,1,Dormant / Long-tail
[가야] 전남 구례 라임청 500ml,음료/차,6,252000,2,2,1,2,Dormant / Long-tail
[가지산돼지국밥] 진하고 깔끔한 가지산 돼지국밥,국/탕/찌개/면,144,3219500,1,3,5,5,Steady Sellers
[감부자] 영동 곶감 선물세트,농축산/과일/계란,8,515000,1,3,2,2,Needs Review
[감성씨푸드] 쉽고 간편한 얼큰 특제 알탕 755g,국/탕/찌개/면,103,1621800,1,3,4,4,Steady Sellers
[감익는마을] 상주 특산품 왕곶감 선물세트,농축산/과일/계란,14,539000,2,2,2,3,Needs Review
[강개상인] 피부속부터 건강하게  홍삼석류콜라겐,건강식품,16,1287000,1,3,2,4,Needs Review
[강고집] 100% 국내산 닭다리로 만든 냉장 닭갈비 1kg,밥/반찬/요리,351,6870600,0,5,5,5,Star Performers
[강고집] 국내산 고소한 구운닭 치킨 부위별 4종,밥/반찬/요리,91,1485400,0,5,4,4,Star Performers
[강고집] 오대창볶음 마라맛 2인분,밥/반찬/요리,6,126000,0,5,1,1,New / Niche SKUs
[강대박] 사장님이 직접 구운 참나무 초벌삼겹살,농축산/과일/계란,127,7632000,2,2,5,5,Declining Stars (At Risk)
[강릉엄지네] 쫄깃쫄깃 꼬막무침 밀키트,밥/반찬/요리,5,69000,0,5,1,1,New / Niche SKUs
[강릉엄지네] 쫄깃쫄깃 꼬막무침 밀키트 2~3인분,밥/반찬/요리,22,483000,1,3,3,2,Needs Review
[강원도의힘] 더덕향기채반,Unknown,2,257600,1,3,1,2,Needs Review
[강한별] 시간은 되돌릴 수 없고 인생은 한번뿐,도서,6,96000,1,3,1,1,Needs Review
[강화도] 석모도 속노랑&꿀 고구마 10kg,농축산/과일/계란,135,4598600,3,1,5,5,Declining Stars (At Risk)
[건강과생활] 에코스 저자극 세탁&세정 용품 5종,욕실/세정/위생용품,47,1047600,1,3,4,3,Steady Sellers
[건강한하루] 고소한 국내산 검은콩 서리태가루,건강식품,153,1935000,2,2,5,4,Declining Stars (At Risk)
[경남제약] 갑상선 영양제 그린요오드,건강식품,25,1272000,1,3,3,4,Steady Sellers
[경남제약] 피부비타민 레모나 핑크케어 플러스 60포,건강식품,6,288000,2,2,1,2,Dormant / Long-tail
[경남제약] 피부탄력 개선 브이라인 리프팅 패치,뷰티/다이어트,37,1870600,2,2,3,4,Steady Sellers
[경영푸드] 2023년 수확 전남 신안 햇 수미 왕감자,농축산/과일/계란,41,918000,1,3,4,3,Steady Sellers
[경영푸드] 2023년 신안 천일염,잼/오일/조미/장,380,18213500,1,3,5,5,Steady Sellers
[경영푸드] 가공소금 3종 선물세트,잼/오일/조미/장,14,280000,1,3,2,2,Needs Review
[경영푸드] 가성비 돼지 등갈비,식품,27,936000,0,5,3,3,Steady Sellers
[경영푸드] 구룡포 과메기 야채세트,식품,192,6545000,0,5,5,5,Star Performers
[경영푸드] 국내 자연산 회필렛 광어회,수산/건어물/김,85,2809200,1,3,4,5,Steady Sellers
[경영푸드] 국내산 간장게장 중사이즈,식품,21,780000,0,5,3,3,Steady Sellers
[경영푸드] 국내산 김장세트 해남 절임 배추 20kg+새우젓(사전예약 11월 08일부터 발송),김치/젓갈,99,4312000,1,3,4,5,Steady Sellers
[경영푸드] 국내산 냉동 암꽃게 1.5kg,식품,56,926100,0,5,4,3,Steady Sellers
[경영푸드] 국내산 당일 경매 목포 뻘낙지,수산/건어물/김,15,751800,1,3,2,3,Needs Review
[경영푸드] 국내산 목포 파먹갈치 8마리,식품,30,891000,1,3,3,3,Steady Sellers
[경영푸드] 국내산 무안 저장용 만생 양파,농축산/과일/계란,6,114000,1,3,1,1,Needs Review
[경영푸드] 국내산 바다 장어,식품,29,672000,0,5,3,3,Steady Sellers
[경영푸드] 국내산 반건조 오징어 특대사이즈,식품,15,735000,0,5,2,3,Needs Review
[경영푸드] 국내산 반건조 우럭 3마리,식품,10,405000,0,5,2,2,New / Niche SKUs
[경영푸드] 국내산 반건조 참돔 5마리,식품,26,858000,0,5,3,3,Steady Sellers
[경영푸드] 국내산 반건조 통치 민어 5마리,식품,7,245000,0,5,2,2,New / Niche SKUs
[경영푸드] 국내산 생물 암꽃게,식품,76,3088400,0,5,4,5,Star Performers
[경영푸드] 국내산 서해안 반건조 참조기,식품,201,3954400,0,5,5,5,Star Performers
[경영푸드] 국내산 서해안 생물 고등어,수산/건어물/김,7,261000,1,3,2,2,Needs Review
[경영푸드] 국내산 서해안 자연산 반건조 두절조기,식품,80,1309000,0,5,4,4,Star Performers
[경영푸드] 국내산 손질 갑오징어,수산/건어물/김,29,849700,1,3,3,3,Steady Sellers
[경영푸드] 국내산 손질 냉동 목포 먹갈치,식품,30,930000,0,5,3,3,Steady Sellers
[경영푸드] 국내산 신안 흰다리 활 왕새우,수산/건어물/김,27,1323900,1,3,3,4,Steady Sellers
[경영푸드] 국내산 안동 부사사과,식품,33,1148800,0,5,3,4,Steady Sellers
[경영푸드] 국내산 알배기 활 암꽃게 2kg,수산/건어물/김,27,1296900,1,3,3,4,Steady Sellers
[경영푸드] 국내산 자연산 민어회,식품,84,2421900,1,3,4,4,Steady Sellers
[경영푸드] 국내산 자연산 민어회 400g,식품,72,2343000,0,5,4,4,Star Performers
[경영푸드] 국내산 자연산 반건조 박대 5마리,식품,23,690000,0,5,3,3,Steady Sellers
[경영푸드] 국내산 자연산 활 대방어회,식품,25,701800,0,5,3,3,Steady Sellers
[경영푸드] 국내산 자연산 활 중방어회,식품,197,5776100,1,3,5,5,Steady Sellers
[경영푸드] 국내산 참치(참다랑어) 회필렛,식품,88,2797800,0,5,4,4,Star Performers
[경영푸드] 국내산 특대사이즈 급냉 암꽃게,식품,54,2450000,0,5,4,4,Star Performers
[경영푸드] 국내산 파참조기 5kg,식품,21,425000,1,3,3,2,Needs Review
[경영푸드] 국내산 한돈 선물세트 2종,농축산/과일/계란,1,60000,1,3,1,1,Needs Review
[경영푸드] 국내산 한우 1++(9) 투뿔나인 모음전,식품,53,4189000,0,5,4,5,Star Performers
[경영푸드] 국내산 한우 명절 선물세트 4종,농축산/과일/계란,20,1860000,1,3,3,4,Steady Sellers
[경영푸드] 도다리쑥국 야채세트,식품,24,569800,0,5,3,3,Steady Sellers
[경영푸드] 동해 러시아 마가단 자숙 대게,수산/건어물/김,10,606000,1,3,2,3,Needs Review
[경영푸드] 목포 뻘낙지 세발낙지 10마리,식품,66,2677500,1,3,4,4,Steady Sellers
[경영푸드] 목포 손질 먹갈치,수산/건어물/김,91,2712800,1,3,4,4,Steady Sellers
[경영푸드] 민어포/참조기포/동태포/절단오징어 전감 모음전,수산/건어물/김,6,134000,1,3,1,1,Needs Review
[경영푸드] 반건조 부세조기 3마리,식품,6,198000,0,5,1,2,New / Niche SKUs
[경영푸드] 반건조생선 선물세트 10종,식품,3,260000,1,3,1,2,Needs Review
[경영푸드] 상황버섯 태양초 고추장&된장,잼/오일/조미/장,47,1175000,1,3,4,4,Steady Sellers
[경영푸드] 서해안 생물 초코 오징어 8마리,수산/건어물/김,22,644600,1,3,3,3,Steady Sellers
[경영푸드] 서해안 오동통통 활 수꽃게,식품,9,360000,1,3,2,2,Needs Review
[경영푸드] 설날 국내산 1등급 한우 선물세트,식품,57,4394500,0,5,4,5,Star Performers
[경영푸드] 설날 반건조생선 10미 선물세트,식품,36,2156400,0,5,3,4,Steady Sellers
[경영푸드] 설날 손질 생선포 전감 모음전,식품,8,163000,0,5,2,1,New / Niche SKUs
[경영푸드] 설날 영광 법성포 굴비 선물세트,식품,8,479200,0,5,2,2,New / Niche SKUs
[경영푸드] 소한마리 두근두근 세트,식품,121,4563000,0,5,5,5,Star Performers
[경영푸드] 신안 최고등급 특품 육젓 새우젓,수산/건어물/김,170,9240000,0,5,5,5,Star Performers
[경영푸드] 신안지도산 최상급 햇추젓 가을 새우젓,수산/건어물/김,232,6651100,0,5,5,5,Star Performers
[경영푸드] 싱싱한 완도 활 전복 선물세트,식품,9,756000,1,3,2,3,Needs Review
[경영푸드] 자연산 광어 회필렛,식품,48,1099400,0,5,4,3,Steady Sellers
[경영푸드] 자연산 농어 회필렛 1+1,식품,45,1276000,1,3,4,4,Steady Sellers
[경영푸드] 참다랑어 한마리 회필렛,식품,76,4366000,0,5,4,5,Star Performers
[경영푸드] 캐나다산 자숙 랍스타,수산/건어물/김,32,1829000,0,5,3,4,Steady Sellers
[경영푸드] 특대사이즈 암꽃게 간장게장,수산/건어물/김,13,540000,1,3,2,3,Needs Review
[경영푸드] 한돈 냉장 돼지고기 세트 600g 2종,농축산/과일/계란,10,266000,1,3,2,2,Needs Review
[경영푸드] 한우 1+등급 5종 세트 한정판매,농축산/과일/계란,36,1764000,1,3,3,4,Steady Sellers
[경영푸드] 한우 1+등급 차돌박이,농축산/과일/계란,61,793000,0,5,4,3,Steady Sellers
[경영푸드] 한우 꽃등심+찹스테이크 세트,농축산/과일/계란,20,780000,1,3,3,3,Steady Sellers
[경영푸드] 해남 두백감자 1박스(10kg),식품,71,1353200,0,5,4,4,Star Performers
[경영푸드] 활 해산물 해신탕 세트,수산/건어물/김,229,8697000,0,5,5,5,Star Performers
[경영푸드] 활 횟감 갑오징어,식품,29,1092000,0,5,3,3,Steady Sellers
[경자국밥] 잡내없이 깔끔한 돼지국밥/순대국밥,국/탕/찌개/면,224,1680000,1,3,5,4,Steady Sellers
[경자국밥] 잡내없이 깔끔한 순대국밥/돼지국밥,국/탕/찌개/면,33,792000,2,2,3,3,Steady Sellers
[계백미트] 육즙팡팡 프리미엄 100% 소본갈비살,농축산/과일/계란,189,6117100,0,5,5,5,Star Performers
[고구마사랑] 전북 익산 품질 좋은 꿀고구마 & 호박고구마,농축산/과일/계란,90,2180100,2,2,4,4,Declining Stars (At Risk)
[고봉] 바다를 담은 깊은 맛 칼국수&수제비&칼제비,국/탕/찌개/면,57,1561000,2,2,4,4,Declining Stars (At Risk)
[고성태젓갈] 강원도식 명태회무침,밥/반찬/요리,112,1999800,2,2,5,4,Declining Stars (At Risk)
[고성태젓갈] 강원도식 양념명란젓(파지),김치/젓갈,508,9388500,2,2,5,5,Declining Stars (At Risk)
[고양진] 소문난 맛집 레시피로 만든 김치찌개 2~3인분,국/탕/찌개/면,922,19381800,0,5,5,5,Star Performers
[골드축산] 블랙앵거스 등급 최상급 수제양념 LA갈비 1.2kg,밥/반찬/요리,205,8935100,2,2,5,5,Declining Stars (At Risk)
[골든밥] 황금빛 맛과 영양의 현미 쌀 골든밥 95% 4kg,농축산/과일/계란,238,7707400,0,5,5,5,Star Performers
[공룡떡집] 30년 전통 떡을 빚는 마을 찹쌀떡,유제품/베이커리/떡,2509,69883800,2,2,5,5,Declining Stars (At Risk)
[공룡떡집] 30년 전통 떡을 빚는 마을 찹쌀떡 6종,유제품/베이커리/떡,752,20605400,1,3,5,5,Steady Sellers
[곶감명가] 청도반건시 곶감 선물세트,농축산/과일/계란,51,2285700,1,3,4,4,Steady Sellers
[과채연구소] NFC 착즙 100% 건강즙 자색당근 ABC 주스,음료/차,5,210600,0,5,1,2,New / Niche SKUs
[과채연구소] NFC 착즙 100% 건강즙 자색당근 사과 주스,음료/차,14,672700,0,5,2,3,Needs Review
[과채연구소] NFC 착즙 100% 건강즙 자색당근 석류콜라겐 주스,음료/차,2,103800,1,3,1,1,Needs Review
[과채연구소] NFC 착즙 100% 건강즙 자색당근 주스,음료/차,1,93000,1,3,1,1,Needs Review
[광득이] 포항 자연산 활 자숙골뱅이 & 소면 2인분,수산/건어물/김,80,1480000,2,2,4,4,Declining Stars (At Risk)
[구선손반] 감칠맛 나는 국내산 우렁강된장 300g,밥/반찬/요리,27,609700,1,3,3,3,Steady Sellers
[구선손반] 감칠맛 나는 국내산 우렁강된장 500g,밥/반찬/요리,39,780000,2,2,3,3,Steady Sellers
[구선손반] 홍은찬 셰프의 제주 흑돼지 통마늘 불고기,밥/반찬/요리,388,3698400,2,2,5,5,Declining Stars (At Risk)
[국개대표] 100% 국내산 치킨가슴살육포  70g 내외,사료/간식,12,102000,1,3,2,1,Needs Review
[국개대표] 100% 국내산 한우간육포 70g 내외,사료/간식,1,6500,2,2,1,1,Dormant / Long-tail
[국개대표] 100%국내산 닭근위육포 70g 내외,사료/간식,2,18600,2,2,1,1,Dormant / Long-tail
[국개대표] 고구마에 오리를 말은 고덕 말이 80g 내외,사료/간식,2,19600,2,2,1,1,Dormant / Long-tail
[국개대표] 고단백 치킨소고기 치우심 말이 70g 내외,사료/간식,1,9200,2,2,1,1,Dormant / Long-tail
[국개대표] 관절에 좋은 치킨목뼈 110g,사료/간식,1,9000,2,2,1,1,Dormant / Long-tail
[국개대표] 기력회복과 노화방지 한우 우족슬라이스 130g 내외,사료/간식,5,45000,2,2,1,1,Dormant / Long-tail
[국개대표] 눈 건강에 도움을 주는 당근스낵 100g 내외,사료/간식,5,41000,2,2,1,1,Dormant / Long-tail
[국개대표] 닭가슴살과 단호박 치단말이 70g 내외,사료/간식,6,53400,2,2,1,1,Dormant / Long-tail
[국개대표] 닭가슴살과 바나나로 만든 치바스틱 70g 내외,사료/간식,1,9200,2,2,1,1,Dormant / Long-tail
[국개대표] 맘맘영양밤 연어+가바(눈건강) 120g(8g*15개입),영양제,1,19800,2,2,1,1,Dormant / Long-tail
[국개대표] 맘맘영양밤 참치+가바(면역/장건강) 120g(8g*15개입),영양제,2,39600,2,2,1,1,Dormant / Long-tail
[국개대표] 미네랄과 비타민이 풍부한  한우허파 50g 내외,사료/간식,5,34000,2,2,1,1,Dormant / Long-tail
[국개대표] 바삭한 연어와 닭고기로 만든 살몬 스틱 70g 내외,사료/간식,10,98000,1,3,2,1,Needs Review
[국개대표] 보양식 치킨북어 치북말이 70g 내외,사료/간식,8,75200,2,2,2,1,Dormant / Long-tail
[국개대표] 성장기에 좋은 돼지코2p 30g 내외,사료/간식,9,50400,2,2,2,1,Dormant / Long-tail
[국개대표] 올바른끼니 소고기 사료 본품 1.2kg,사료/간식,6,228000,1,3,1,2,Needs Review
[국개대표] 올바른끼니 오리 사료 본품 1.2kg,사료/간식,1,38000,1,3,1,1,Needs Review
[국개대표] 치킨안심과 고구마 조합 치고 말이 80g 내외,사료/간식,8,73600,2,2,2,1,Dormant / Long-tail
[국개대표] 피모와 면역력 UP 훈련용 간식 킁킁이 100g 내외,사료/간식,3,25200,2,2,1,1,Dormant / Long-tail
[국개대표] 피부와 모질에 좋은 참치육포 60g 내외,사료/간식,2,18000,2,2,1,1,Dormant / Long-tail
[국개대표] 한입에 먹기 좋은 산책용 치킨안심 70g 내외,사료/간식,3,24900,2,2,1,1,Dormant / Long-tail
[국내산] 호 프리미엄 마스크 비말차단 KF-AD,생활용품/차량용품/마스크,443,6133000,1,3,5,5,Steady Sellers
[국내생산] 보풀없고 귀편한 아로마 3중 이든숨마스크 50매,생활용품/차량용품/마스크,157,3006890,1,3,5,5,Steady Sellers
[국밥명인] 소고기/수육/한우/장어 국밥 4종,국/탕/찌개/면,1055,8050100,0,5,5,5,Star Performers
[국왕푸드] 20년 전통 이부자 갈비탕/한우국밥,국/탕/찌개/면,1085,10633200,0,5,5,5,Star Performers
[군산해신탕] 우리가족 몸보신을 위한 해신탕 밀키트,국/탕/찌개/면,40,1244000,2,2,4,4,Declining Stars (At Risk)
[굳닭] 닭가슴살 흑현미 핫도그 10팩,과자/간식/안주,10,175000,0,5,2,1,New / Niche SKUs
[굳닭] 닭가슴살 흑현미/매콤 핫도그 10팩,과자/간식/안주,64,980000,1,3,4,3,Steady Sellers
[굳닭] 부담없는 칼로리 닭가슴살 곤약 순대 200g,밥/반찬/요리,47,710500,1,3,4,3,Steady Sellers
[굳닭] 한입에 쏘옥 닭가슴살 볼 3종 100g*10팩,과자/간식/안주,150,2330900,0,5,5,4,Star Performers
[굿팜] 1등급 무항생제 동물복지 계란,농축산/과일/계란,140,2424400,2,2,5,4,Declining Stars (At Risk)
[굿팜] 1등급 무항생제/동물복지 계란,농축산/과일/계란,123,2330400,1,3,5,4,Steady Sellers
[굿팜] 담백한 1등급 무항생제 구운계란,농축산/과일/계란,442,10436200,1,3,5,5,Steady Sellers
[귀빈정] 26년 전통 수제 부대찌개 2~3인분,국/탕/찌개/면,255,2992100,0,5,5,5,Star Performers
[귀빈정] 26년전통 명품 단호박 약과 1kg,과자/간식/안주,28,335400,0,5,3,2,Needs Review
[귀빈정] 26년전통 명품 수제 단호박 약과 1kg,과자/간식/안주,321,4089300,1,3,5,5,Steady Sellers
[귀빈정] 쫀득한 고기/김치/새우/왕/군 만두,과자/간식/안주,1582,11467200,0,5,5,5,Star Performers
[글랜무어] 연꽃추출물 RSB 엑티브 선크림,뷰티/다이어트,244,13936000,0,5,5,5,Star Performers
[글랜무어] 연꽃추출물 RSB 엑티브 아이크림,뷰티/다이어트,34,1950000,0,5,3,4,Steady Sellers
[금강수림] 민물 새우탕 1kg 3인분,국/탕/찌개/면,212,3181000,0,5,5,5,Star Performers
[금강수림] 바지락황태국 1kg 3인분,국/탕/찌개/면,163,2244000,0,5,5,4,Star Performers
[금강수림] 우리콩 청국장 1kg 3인분,국/탕/찌개/면,315,5296200,0,5,5,5,Star Performers
[금강수림] 인삼 장어탕 1kg 3인분,국/탕/찌개/면,121,1814000,0,5,5,4,Star Performers
[금강수림] 전통육개장 1kg 3인분,국/탕/찌개/면,1530,21236800,0,5,5,5,Star Performers
[금강수림] 한돈 고추장찌개 1kg 3인분,국/탕/찌개/면,94,1466000,0,5,4,4,Star Performers
[금강수림] 한우 미역국 1kg 3인분,국/탕/찌개/면,213,3386400,0,5,5,5,Star Performers
[금강수림] 한우 소고기무국 1kg 3인분,국/탕/찌개/면,164,2499400,0,5,5,4,Star Performers
[기다려온] 혼자서도 편하게 염색하는 7분 염모제,뷰티/다이어트,36,1385200,0,5,3,4,Steady Sellers
[기연] 프리미엄 차가버섯 앰플 음료 기연,Unknown,20,3000000,2,2,3,5,Steady Sellers
[길몽X모씨네] 당진 전통시장 맛집 진한 닭곰탕 밀키트,국/탕/찌개/면,40,1051000,0,5,4,3,Steady Sellers
[길몽] 당진 맛집 여름 별미 초계국수 / 물비빔 초계국수,국/탕/찌개/면,38,737800,0,5,3,3,Steady Sellers
[김녕해녀마을] 제주 수산물 선물세트 6종,식품,1,83000,1,3,1,1,Needs Review
[김녕해녀마을] 쫄깃쫄깃 탱글탱글 제주 마늘 전복장 600g,밥/반찬/요리,18,432000,1,3,3,2,Needs Review
[김덕수농가] 부산 대저 짭짤이 토마토,식품,341,9115000,0,5,5,5,Star Performers
[김병구명인] 빵지순례 제주 바게트 3종 세트,유제품/베이커리/떡,176,3010200,1,3,5,5,Steady Sellers
[김셰프] 국내산 생닭으로 만든 만장일치 춘천닭갈비,밥/반찬/요리,118,3560500,1,3,5,5,Steady Sellers
[김소형원장] 홍삼 품은 쌍화차 골드 50포,건강식품,32,837000,1,3,3,3,Steady Sellers
[김영사] 밥을 지어요,도서,297,5090800,0,5,5,5,Star Performers
[김영사] 한 끼 식사의 행복 서울 인생맛집 165,도서,1,16000,2,2,1,1,Dormant / Long-tail
[김오곤원장] 건자두 푸룬 양배추 환 100g,건강식품,28,898700,2,2,3,3,Steady Sellers
[김오곤원장] 침향녹용단 & 녹용홍삼스틱,건강식품,54,3150800,0,5,4,5,Star Performers
[김오곤원장] 흙속의 진주 백두대간 칡즙,건강식품,82,1382500,1,3,4,4,Steady Sellers
[김은영빵] 웰빙디저트 정직한 찹쌀 감자빵 고구마빵,유제품/베이커리/떡,89,2225000,2,2,4,4,Declining Stars (At Risk)
[김천농수산] 푸짐한 한끼 해신탕 3~4인분,국/탕/찌개/면,33,920700,1,3,3,3,Steady Sellers
[김천수산] 국내산 유기농 산딸기 생과,농축산/과일/계란,29,780100,1,3,3,3,Steady Sellers
[김천수산] 탱탱한 자숙 피문어 슬라이스,수산/건어물/김,56,1338400,1,3,4,4,Steady Sellers
[김천수산] 향긋한 도다리 쑥국 밀키트 3~4인분,국/탕/찌개/면,40,835000,1,3,4,3,Steady Sellers
[김태영] 푸짐한 옛날 전통 원조 부산어묵,밥/반찬/요리,187,2599300,1,3,5,4,Steady Sellers
[까사맘] 음식물 쓰레기 냉장고 3.5L,주방가전,6,792000,1,3,1,3,Needs Review
[깔끔대장] 만능 고무장갑 안전하손 (S/M/L),주방잡화/용품,123,1894700,1,3,5,4,Steady Sellers
[꼬마루] 건강한 명품 돼지고기 30cm 대왕 수제 육포 4종,과자/간식/안주,34,1111000,2,2,3,3,Steady Sellers
[꼬모트리] 내 눈을 위한 눈꺼풀 세정제 오큐솔루션,욕실/세정/위생용품,71,1010100,2,2,4,3,Steady Sellers
[꼼꼼패드] 국내산 프리미엄 배변패드 표준형 42g 50매,위생/케어/패드,14,402800,2,2,2,2,Dormant / Long-tail
[끄니] 친환경 무독성 점착 테이프클리너,생활용품/차량용품/마스크,17,167500,2,2,2,1,Dormant / Long-tail
[나드리] 복합 케어 멜 포맨 올인원 에센스 200ml,뷰티/다이어트,21,630000,1,3,3,3,Steady Sellers
[나무팩토리] 강력한 밀봉 2in1 미니 실링기,주방잡화/용품,14,163900,2,2,2,1,Dormant / Long-tail
[나물캐는곰] 강원도 인제 바삭 고소한 감자/김/고추 부각,과자/간식/안주,153,1453500,2,2,5,4,Declining Stars (At Risk)
[나물캐는곰] 강원도 인제 프리미엄 황태껍질부각,과자/간식/안주,1533,14221500,1,3,5,5,Steady Sellers
[나이젠] 피부 속부터 차오르는 특허받은 콜라겐 1+1,건강식품,171,9405000,1,3,5,5,Steady Sellers
[나잇유] 새콤달콤 햇 청사과 썸머킹 아오리사과,농축산/과일/계란,70,1199700,0,5,4,4,Star Performers
[넛토리] 충북 영동 명품곶감세트 3종,식품,16,1192000,0,5,2,4,Needs Review
[네오스핀] 고생 끝! 무선 욕실 청소기,욕실/세정/위생용품,38,2401300,0,5,3,4,Steady Sellers
[네이처브릴랑] 단 한장으로 편한 세탁 시트세제,욕실/세정/위생용품,27,729000,1,3,3,3,Steady Sellers
[네이처스케어] 다움생식 아침사랑생식85 30g*30포,Unknown,69,3795000,2,2,4,5,Declining Stars (At Risk)
[네이처스케어] 아침사랑생식85 1개월분/검은콩 오트밀 비오틴 코코넛슈가함유/미숫가루보다고소한맛,Unknown,27,1430000,0,5,3,4,Steady Sellers
[네이처파트너스] 프리미엄 하프물범 오메가3 셀올예 세트,건강,5,507500,1,3,1,2,Needs Review
[노르딕캠프] 초경량 캠핑용 테이블/체어,패션/잡화,2,80000,2,2,1,1,Dormant / Long-tail
[노블러스] 정제수 없는 100% 농축액 Always 무주천마,건강식품,2,308000,2,2,1,2,Dormant / Long-tail
[노블러스] 정제수 없는 100% 농축액 Always 홍삼천마,건강식품,2,162800,1,3,1,1,Needs Review
[노포식당] 건강 보양식 문어/소라솥밥 2~3인분,밥/반찬/요리,8,111200,1,3,2,1,Needs Review
[노포식당] 닭갈비/고추장제육/간장제육 3종 세트 2.4kg,밥/반찬/요리,13,650000,1,3,2,3,Needs Review
[노포식당] 봄철 건강 보양식 힘문어솥밥,밥/반찬/요리,26,414000,2,2,3,2,Needs Review
[노포식당] 산더미 육수 서울식 소불고기,밥/반찬/요리,70,3942900,1,3,4,5,Steady Sellers
[노포식당] 여름철 원기 회복 통마늘 닭곰탕,국/탕/찌개/면,63,1267000,2,2,4,4,Declining Stars (At Risk)
[노포식당] 오븐에서 바싹 구운 먹태리아 갈릭마요,과자/간식/안주,16,425500,2,2,2,2,Dormant / Long-tail
[노포식당] 카오야 베이징덕 패밀리세트 680g,밥/반찬/요리,37,1311500,1,3,3,4,Steady Sellers
[노플라스틱] 천연 펄프 종이수세미,주방잡화/용품,10,200000,1,3,2,2,Needs Review
[농부대첩] 쫄깃한 물떡과 깊은 맛의 육수까지 부산식 어묵탕,국/탕/찌개/면,67,975000,1,3,4,3,Steady Sellers
[농부대첩x무유황] 33년 전통 흑곶감 선물세트,과자/간식/안주,11,328900,1,3,2,2,Needs Review
[눈떠아] 허리를 위한 완벽한 휴식 메모리폼 매트리스,유아동/완구/매트,12,1275800,0,5,2,4,Needs Review
[뉴트리원] 나를 위한 현명한 선택 비비랩 저분자 콜라겐,뷰티/다이어트,28,1297300,2,2,3,4,Steady Sellers
[뉴트리원] 탱글탱글 맛있는 코코칼슘젤리,건강식품,7,333600,2,2,2,2,Dormant / Long-tail
[뉴트리커먼] 전립쎈 쏘팔메토 옥타코사놀 5종 기능성,건강식품,256,8794800,1,3,5,5,Steady Sellers
[뉴트리케어] 돌외잎주정추출물 리턴투다이어트,뷰티/다이어트,28,2299400,0,5,3,4,Steady Sellers
[뉴트리케어] 엠디레시피 100억 유산균 프로바이오틱스,건강식품,23,1610000,1,3,3,4,Steady Sellers
[뉴트리케어] 엠디레시피 온가족 눈 건강 아이케어,건강식품,46,2640000,1,3,4,4,Steady Sellers
[느리게걷는농장] 제주 천혜향 주스/밀감 주스,음료/차,26,1392500,1,3,3,4,Steady Sellers
[닌자] 미국 판매 1위 프로페셔널 초퍼 블렌더,주방가전,6,534000,2,2,1,2,Dormant / Long-tail
[다누앤] 힐링맥스 T-1 슬리퍼 / M-1 크록스형,패션/잡화,82,5110200,0,5,4,5,Star Performers
[다누앤] 힐링맥스 아동 실내화 K-1,패션/잡화,4,236000,0,5,1,2,New / Niche SKUs
[다누앤] 힐링맥스 워킹화 S-1,패션/잡화,21,3060000,0,5,3,5,Steady Sellers
[다다온유] 시원하고 맛있는 100% 청도 아이스 홍시,농축산/과일/계란,119,3181560,1,3,5,5,Steady Sellers
[다모애] 기능성 탈모 테라피 골드 샴푸 헤어토닉,뷰티/다이어트,897,20697800,0,5,5,5,Star Performers
[다비드] 남자의 자존심 남성활력제 블랙마카,건강식품,95,7588700,2,2,4,5,Declining Stars (At Risk)
[다비드] 풍성한 모발을 위한 비오틴 부스터,건강식품,47,3485000,2,2,4,5,Declining Stars (At Risk)
[다섯수레] 아름다운 목가구 만들기,도서,7,364000,2,2,2,2,Dormant / Long-tail
[다솔푸드] 불향 가득 담은 직화구이 6종,과자/간식/안주,499,3690000,0,5,5,5,Star Performers
[다온] 100%국내산 쌀로 만든 명품송편 2종,유제품/베이커리/떡,146,1784100,1,3,5,4,Steady Sellers
[다온] 무농약 산양산삼 7년근 12뿌리,건강식품,1,180000,2,2,1,1,Dormant / Long-tail
[다온] 무농약 산양산삼(산양삼) 7년근 7뿌리/12뿌리,건강식품,13,1606000,1,3,2,4,Needs Review
[다온] 한국인 맞춤 소화효소 블랙효소,건강식품,25,1722000,1,3,3,4,Steady Sellers
[다정한상점] 직접 그린 2022년 제철음식 달력,가구/인테리어,32,508800,2,2,3,2,Needs Review
[다참푸드] 프리미엄 던지네스 던전 크랩 800g,밥/반찬/요리,36,2630000,1,3,3,4,Steady Sellers
[다참푸드] 프리미엄 은대구 구이/스테이크,밥/반찬/요리,22,670900,1,3,3,3,Steady Sellers
[다해농수산] 구워 먹는 파 칼솟,농축산/과일/계란,19,188100,1,3,3,1,Needs Review
[다해농수산] 무주 반딧불 수박무,농축산/과일/계란,26,590500,1,3,3,3,Steady Sellers
[다해농수산] 이용식의 마당쇠 혼합 잡곡 3종,농축산/과일/계란,17,431300,0,5,2,2,New / Niche SKUs
"[다해농수산] 장흥 내저 생 찰매생이, 무안 찰감태",수산/건어물/김,17,315400,2,2,2,2,Dormant / Long-tail
[다해농수산] 특별한 빛깔의 건강떡 무지개꽃 떡국떡,유제품/베이커리/떡,378,2249400,0,5,5,4,Star Performers
[다해농수산] 프리미엄 완도 두번 구운 곱창김,수산/건어물/김,13,312900,3,1,2,2,Dormant / Long-tail
[다해농수산] 프리미엄 완도 두번 구운 곱창김 5봉 (50매),수산/건어물/김,511,7584100,0,5,5,5,Star Performers
[닥터글로덤] 젤리팩 1box 30포,뷰티/다이어트,28,754000,2,2,3,3,Steady Sellers
[닥터다니엘] 워터 테라픽 구강 세정기,욕실/세정/위생용품,43,3276000,1,3,4,5,Steady Sellers
[닥터다니엘] 중년의 건강을 책임지는 브이파워 더블맥스/파이토젠 퀸플러스,건강식품,7,745000,2,2,2,3,Needs Review
[닥터루틴] 레드팜 시카 수분 진정크림 100g,뷰티/다이어트,11,385000,3,1,2,2,Dormant / Long-tail
[닥터루틴] 레드팜 시카 수분 진정크림 100g 1+1,뷰티/다이어트,70,2132800,2,2,4,4,Declining Stars (At Risk)
[닥터리드엠] 성분 좋은 99% 입 냄새 제거 칫솔 치약세트,생활,10,604500,0,5,2,3,Needs Review
[닥터마그네슘] 셀리페어 베리코스 크림,뷰티/다이어트,17,1016600,1,3,2,3,Needs Review
[닥터쏘울] 건강한 발 밸런스를 위한 특허 닥터쏘울 깔창 인솔,건강용품,252,27430800,0,5,5,5,Star Performers
[닥터이엘] 차코르파티 대나무숯 치약,욕실/세정/위생용품,61,1099600,1,3,4,3,Steady Sellers
[닥터정수봉] 맛있는 한잔 다이어트 카페 30포,뷰티/다이어트,22,1585600,1,3,3,4,Steady Sellers
[닥터크랄레] 발톱&무좀 케어 페디세이버 15ml,욕실/세정/위생용품,37,962000,1,3,3,3,Steady Sellers
[닥터필] 물없이 간편하게 섭취할 수 있는 프로폴리스&이뮨,건강식품,8,753300,0,5,2,3,Needs Review
[닥터필] 아름다움을 위한 브라이트닝 글루타치온,뷰티/다이어트,23,1616000,1,3,3,4,Steady Sellers
[닥터필] 우리 아이 뼈건강을 지키는 비타민D키즈,건강식품,3,137000,1,3,1,1,Needs Review
"[닥터하스킨] 건조에 의한 가려움증 완화 (바디워시, 로션, 크림 택1)",뷰티/다이어트,43,1364000,2,2,4,4,Declining Stars (At Risk)
"[닥터하스킨] 여성Y존을 위한 최고의 선택, 클렌져,미스트,드로퍼",뷰티/다이어트,80,1881000,2,2,4,4,Declining Stars (At Risk)
[닥터하스킨] 촉촉하고 순한 아로마 에센셜 폼클렌저 150ml,뷰티/다이어트,26,520000,2,2,3,2,Needs Review
[닥터하스킨] 트러블/여드름/지성라인 미라클아토 에이씨,뷰티/다이어트,27,498000,2,2,3,2,Needs Review
[닥터하스킨] 피부 나이를 되돌려주는 주름개선/화이트닝 올인원,뷰티/다이어트,20,1140000,2,2,3,3,Steady Sellers
[단슐랭] 리얼 국내산 닭가슴로 만든 꼭꼬칩 6종,과자/간식/안주,154,2190000,1,3,5,4,Steady Sellers
[대국수산] 간편하게 즐기는 신선한 가을전어 1팩 5미,수산/건어물/김,64,454860,0,5,4,2,Needs Review
[대도] 감칠맛이 좋은 전라도 깍두기,김치/젓갈,11,159600,3,1,2,1,Dormant / Long-tail
[대도] 겨울철 별미 동치미김치,김치/젓갈,1328,22828000,0,5,5,5,Star Performers
[대도] 국물이 깔끔한 전라도 백김치,김치/젓갈,33,781700,3,1,3,3,Steady Sellers
[대도] 깔끔 담백 국산 포기김치,김치/젓갈,1629,40732400,0,5,5,5,Star Performers
[대도] 매콤달콤한 전라도 보쌈김치,김치/젓갈,132,2371200,3,1,5,4,Declining Stars (At Risk)
[대도] 매콤아삭 전라도 양파김치,김치/젓갈,15,234600,3,1,2,2,Dormant / Long-tail
[대도] 매콤한 맛이 일품인 전라도 파김치,김치/젓갈,58,1310800,3,1,4,4,Declining Stars (At Risk)
[대도] 산뜻한 맛! 전라도 얼갈이김치,김치/젓갈,3,59500,3,1,1,1,Dormant / Long-tail
[대도] 산뜻한 부추향 수제 전라도 부추김치,김치/젓갈,3,46000,3,1,1,1,Dormant / Long-tail
[대도] 시원한 전라남도식 묵은지,김치/젓갈,53,1204100,3,1,4,4,Declining Stars (At Risk)
[대도] 식감이 좋은 전라도 홍어김치,김치/젓갈,13,336500,3,1,2,2,Dormant / Long-tail
[대도] 쌉쌀한 맛 전라도 고들빼기김치,김치/젓갈,25,470100,3,1,3,2,Needs Review
[대도] 아삭하고 시원한 전라도 오이소박이,김치/젓갈,19,520000,3,1,3,2,Needs Review
[대도] 아삭한 식감 전라도 석박지,김치/젓갈,31,393500,3,1,3,2,Needs Review
[대도] 익을수록 맛있는 전라도 총각김치,김치/젓갈,84,1874300,3,1,4,4,Declining Stars (At Risk)
[대도] 전라도 갓김치,김치/젓갈,482,10657300,0,5,5,5,Star Performers
[대도] 전라도 고들빼기김치,김치/젓갈,58,1255400,2,2,4,4,Declining Stars (At Risk)
[대도] 전라도 깍두기,김치/젓갈,186,2492800,0,5,5,4,Star Performers
[대도] 전라도 묵은지,김치/젓갈,501,11794000,0,5,5,5,Star Performers
[대도] 전라도 백김치,김치/젓갈,241,5216400,0,5,5,5,Star Performers
[대도] 전라도 보쌈김치,김치/젓갈,807,18166200,0,5,5,5,Star Performers
[대도] 전라도 부추김치,김치/젓갈,12,222500,2,2,2,2,Dormant / Long-tail
[대도] 전라도 새깻잎김치,김치/젓갈,354,7610800,0,5,5,5,Star Performers
[대도] 전라도 석박지,김치/젓갈,360,6320250,0,5,5,5,Star Performers
[대도] 전라도 양파김치,김치/젓갈,72,1107900,2,2,4,3,Steady Sellers
[대도] 전라도 얼갈이김치,김치/젓갈,120,1810700,0,5,5,4,Star Performers
[대도] 전라도 열무김치,김치/젓갈,1056,20957400,0,5,5,5,Star Performers
[대도] 전라도 오이소박이,김치/젓갈,173,3836000,0,5,5,5,Star Performers
[대도] 전라도 전통식 포기김치,김치/젓갈,3672,91601550,2,2,5,5,Declining Stars (At Risk)
[대도] 전라도 총각김치,김치/젓갈,988,22230100,0,5,5,5,Star Performers
[대도] 전라도 파김치,김치/젓갈,351,9572600,1,3,5,5,Steady Sellers
[대도] 전라도 홍어김치,김치/젓갈,51,1045500,2,2,4,3,Steady Sellers
[대도] 전통방식 그대로 3번 쪄낸 수제 연잎 영양밥,김치/젓갈,3,39800,3,1,1,1,Dormant / Long-tail
[대도] 톡 쏘는 수제 전라도 갓김치,김치/젓갈,66,1296900,3,1,4,4,Declining Stars (At Risk)
[대도] 향이 좋은 전라도 새깻잎김치,김치/젓갈,30,592900,3,1,3,3,Steady Sellers
[대명] 좋은 습관 걸이형 제습제 케어프린,생활용품/차량용품/마스크,20,409000,0,5,3,2,Needs Review
[대솔] 송이버섯이 들어간 고추장 선물세트,식품,1,39800,2,2,1,1,Dormant / Long-tail
[대솔] 송이버섯이 들어간 벌꿀 선물세트,식품,21,945000,2,2,3,3,Steady Sellers
[대솔] 자연산 송이버섯 추출물 꿀차 선물세트,식품,9,270000,2,2,2,2,Dormant / Long-tail
[대웅생명과학] 건강 관리의 모든 것 알티지오메가3 쏘팔메토 루테인 3종,건강식품,390,4848100,0,5,5,5,Star Performers
[대웅생명과학] 뉴질랜드 순도 91.6% 고품질 락토페린,건강식품,18,967300,1,3,3,3,Steady Sellers
[대웅생명과학] 모기퇴치 멀티훈증기 리퀴드&패드 세트,계절가전/계절용품,3,31800,1,3,1,1,Needs Review
[대전블르스실비집] 맛있게 매운 실비 불냉면,국/탕/찌개/면,10,185400,1,3,2,1,Needs Review
[대카롱] 건강 영양식 호두 품은 대추,농축산/과일/계란,161,5190000,1,3,5,5,Steady Sellers
[댕기머리] 7분 동안 새치 염색 염모제 3컬러,뷰티/다이어트,35,1322600,0,5,3,4,Steady Sellers
[댕기머리] 두피관리 전통 한방 윤초 샴푸,뷰티/다이어트,12,456000,1,3,2,2,Needs Review
[더넥스트라운드] 프레시마스터 친환경 키핑백 10매,주방잡화/용품,28,706500,1,3,3,3,Steady Sellers
[더라운드] 집에서 즐기는 청담레스토랑의 맛 더라운드 라조장,밥/반찬/요리,18,563400,2,2,3,3,Steady Sellers
[더루츠] 2대째 이어온 소백산 여왕 벌꿀,식품,56,3718000,0,5,4,5,Star Performers
[더루츠] 옷을 책 처럼 꽂아서 정리하는 뉴 드레스북,패션/잡화,1,37900,0,5,1,1,New / Niche SKUs
[더블세이브S] 금수저 아이디어 김치도마,조리도구,52,2074900,1,3,4,4,Steady Sellers
[더썬] 휴대용 구취제거 구강청결제 케리케어,욕실/세정/위생용품,26,239900,2,2,3,2,Needs Review
[더제주] 담백한 제주 달코롬 한라봉 파이,과자/간식/안주,15,178500,1,3,2,1,Needs Review
[더킴] 간편하게 즐기는 프리미엄 양고기&양꼬치,밥/반찬/요리,308,2322100,3,1,5,4,Declining Stars (At Risk)
[더킴] 간편하게 즐기는 프리미엄 양꼬치,밥/반찬/요리,115,1090000,0,5,5,3,Steady Sellers
[더킴] 간편하게 즐기는 프리미엄 양꼬치&양세지,밥/반찬/요리,1233,10120200,2,2,5,5,Declining Stars (At Risk)
[더킴] 부드러운 어린양 램 100% 양고기 숄더랙&LA양갈비,밥/반찬/요리,414,13288520,0,5,5,5,Star Performers
[더프레스카랩] 리페어 재생크림 (민감성/건성) 100g,뷰티/다이어트,12,564000,1,3,2,3,Needs Review
[더프레스카랩] 리페어 클렌징젤(건성/복합성/민감성) 200ml,욕실/세정/위생용품,7,196000,2,2,2,2,Dormant / Long-tail
[더프레스카랩] 리페어 토너(건성/민감성/복합성) 200ml,뷰티/다이어트,21,735000,1,3,3,3,Steady Sellers
[데니스골프] DG 남성 양말 10종,패션/잡화,37,493500,1,3,3,2,Needs Review
[데생] 두피 새치커버 모발케어 기능성 샴푸,뷰티/다이어트,74,2525400,2,2,4,4,Declining Stars (At Risk)
[데생] 페이스부터 바디까지 데생 착한 멀티밤,뷰티/다이어트,134,4453500,1,3,5,5,Steady Sellers
[덴탈닥터] 부드러운 178개 실리콘 모 칫솔 3개 세트,욕실/세정/위생용품,113,1022800,0,5,5,3,Steady Sellers
[델피아] 럭셔리 프리미엄 머스크메론 선물세트,농축산/과일/계란,9,695500,1,3,2,3,Needs Review
[델피아] 최상급 옐로우망고 선물세트,농축산/과일/계란,1,120000,2,2,1,1,Dormant / Long-tail
[델피아] 프리미엄 사과 배 혼합 선물세트(4.5/6.5kg내외),농축산/과일/계란,14,1023400,1,3,2,3,Needs Review
[델피아] 프리미엄 사과+망고+황금향 선물세트,농축산/과일/계란,3,315000,2,2,1,2,Dormant / Long-tail
[델피아] 프리미엄 사과+배+샤인머스켓 선물세트,농축산/과일/계란,7,1120000,2,2,2,3,Needs Review
[델피아] 프리미엄 사과+배+황금향 선물세트,농축산/과일/계란,13,960000,2,2,2,3,Needs Review
[델피아] 프리미엄 샤인머스켓 선물세트,농축산/과일/계란,2,198000,2,2,1,2,Dormant / Long-tail
[델피아] 프리미엄 신고 배 선물세트,농축산/과일/계란,10,881000,1,3,2,3,Needs Review
[델피아] 프리미엄 홍로 사과 선물세트,농축산/과일/계란,3,254800,2,2,1,2,Dormant / Long-tail
[델피아] 프리미엄 홍로 사과+ 신고 배 선물세트,농축산/과일/계란,6,530800,2,2,1,2,Dormant / Long-tail
"[도담상회] 100% 국내산 배로 만든 오늘도, 배즙",건강식품,26,921400,2,2,3,3,Steady Sellers
[도담상회] 마음담은 홍삼 녹용즙 (70ml x 30포) 1박스,건강식품,34,527000,2,2,3,2,Needs Review
[도시주부] 친환경 100% 천연 조미료 꽃게 멸치 육수팩 3종,잼/오일/조미/장,73,709700,2,2,4,3,Steady Sellers
[독일 보랄] 귀여운 더 셰프 에어프라이어 5L,주방가전,14,5135000,1,3,2,5,Needs Review
[독일 비스카] 조리와 식사를 동시에! 2in1멀티쿠커,냄비/팬/솥,3,384000,1,3,1,2,Needs Review
[독일 비스카] 진동 파동 초음파 세척기,생활가전,1,0,1,3,1,1,Needs Review
[독일 세바메드] 리퀴드 페이스 앤 바디워시,세바메드,5,99000,0,5,1,1,New / Niche SKUs
[독일 세바메드] 모이스처라이징 바디로션,세바메드,20,340600,0,5,3,2,Needs Review
[독일 세바메드] 베이비 버블 바스,세바메드,1,11800,1,3,1,1,Needs Review
[독일 세바메드] 안티 헤어로스 샴푸,뷰티/다이어트,19,165300,0,5,3,1,Needs Review
[독일 세바메드] 안티박테리얼 클렌징 폼,뷰티/다이어트,10,108000,0,5,2,1,New / Niche SKUs
[독일 세바메드] 에브리데이샴푸,세바메드,12,193400,0,5,2,1,New / Niche SKUs
[독일 세바메드] 올리브 페이스 앤 바디워시,세바메드,34,435600,0,5,3,2,Needs Review
[독일 세바메드] 페미닌 인티메이트 워시 Ph3.8,세바메드,1,9300,1,3,1,1,Needs Review
[돌멘베이커리] 비건 시그니처 8개 세트,유제품/베이커리/떡,13,377300,1,3,2,2,Needs Review
[돌멘베이커리] 비건 쿵쿵 맘모스빵 2종 세트,유제품/베이커리/떡,21,300000,1,3,3,2,Needs Review
[돌베개] 유시민 거꾸로 읽는 세계사,도서,42,735000,0,5,4,3,Steady Sellers
[돌핀웨이브] FUN한! 남녀 슬리퍼/샌들 6종,패션/잡화,24,1019000,2,2,3,3,Steady Sellers
"[돌핀웨이브] 머리,손목에 탁! 레저 패션 클랩&와이드 선글라스",패션/잡화,28,1863000,1,3,3,4,Steady Sellers
[돌핀웨이브] 스테디한 디자인의 선글라스 2종,패션/잡화,30,2007000,1,3,3,4,Steady Sellers
[동문가채] 디어진저 프리미엄 수제 생강청,음료/차,95,2473350,0,5,4,4,Star Performers
[동문가채] 디어진저 프리미엄 수제 생강청 36스틱(선물세트),음료/차,9,306000,2,2,2,2,Dormant / Long-tail
[동부팜] 과일처럼 생으로도 먹는 3배 고당도 초당옥수수,농축산/과일/계란,85,2314000,2,2,4,4,Declining Stars (At Risk)
[동아제약] 시원하고 맛있는 얼려먹는 박카스 얼박,음료/차,54,1188000,2,2,4,4,Declining Stars (At Risk)
[동아제약] 탱글한 식감으로 더욱 맛있는 박카스맛 탱글 젤리,과자/간식/안주,7,104300,0,5,2,1,New / Niche SKUs
[동양북스] 세상에서 가장 행복한 100세 노인,도서,5,84000,2,2,1,1,Dormant / Long-tail
[동우리빙] 가성비가 뛰어난 양면 솥뚜껑 그리들팬 (대나무젓가락증정),냄비/팬/솥,15,441000,1,3,2,2,Needs Review
"[동우리빙] 기름 튐 걱정 NO, 100% 천연펄프 종이 팬캡",주방잡화/용품,46,485900,2,2,4,2,Needs Review
[동우리빙] 이제는 집에서 타코야끼팬 16구+조리용 송곳세트,냄비/팬/솥,1,15000,2,2,1,1,Dormant / Long-tail
[동원] 양반 즉석밥 쌀/현미/흑미 24개입,밥/반찬/요리,205,3535000,0,5,5,5,Star Performers
[동원] 오메가 369 건강한 참치 선물세트 2종,밥/반찬/요리,1,60000,1,3,1,1,Needs Review
[동원] 오메가365 건강한 참치 선물세트,밥/반찬/요리,1,54900,2,2,1,1,Dormant / Long-tail
[동원] 하루 한포 피쉬 콜라겐 치즈,유제품/베이커리/떡,1,15500,3,1,1,1,Dormant / Long-tail
[동일식품] 100% 수제 빠삭이 어포튀각 꾸이맨,과자/간식/안주,42,641800,2,2,4,3,Steady Sellers
[동추원] 뼈에서 톡 떨어지는 부드러운 갈비살의 완벽한 한 상 소갈비찜,밥/반찬/요리,60,800400,0,5,4,3,Steady Sellers
[동추원] 육류명인이 만든 100% 한우보신국밥,국/탕/찌개/면,195,2708100,0,5,5,4,Star Performers
[두다다쿵] 양손 따뜻 미니 핫팩,계절가전/계절용품,18,370900,2,2,3,2,Needs Review
[두두담] 고소하고 담백한 고단백 두부과자,과자/간식/안주,62,1545300,1,3,4,4,Steady Sellers
[두리담] 100%국내산 영광 모싯잎송편 3종,유제품/베이커리/떡,653,6246900,2,2,5,5,Declining Stars (At Risk)
[드림하트] 100% 천연 라텍스 기능성 깔창 인솔&패드,패션/잡화,50,823000,0,5,4,3,Steady Sellers
[디라이프] 풍부하고 부드러운 바람 14인치 팬서큘레이터 선풍기,Unknown,4,270000,2,2,1,2,Dormant / Long-tail
[디라이프] 풍부하고 부드러운 바람 웨이브팬 14인치 선풍기,Unknown,1,70000,2,2,1,1,Dormant / Long-tail
[디볼베르] 에탄올 70% 함유 강력한 손소독제 500ml,욕실/세정/위생용품,4,38600,1,3,1,1,Needs Review
[디오네] 65년 전통 북유럽 프리미엄 아이스크림,유제품/베이커리/떡,15,769600,2,2,2,3,Needs Review
[디오바코] 12가지 기능을 한번에! 다기능 채칼,조리도구,26,396000,1,3,3,2,Needs Review
[디유] 실크단백질 누에 비누,욕실/세정/위생용품,142,3523400,0,5,5,5,Star Performers
[딘코] 공간창의력 사고력 발달 30만가지 해답 큐브퍼즐,유아동/완구/매트,5,130500,1,3,1,1,Needs Review
[딥롤러] 고밀도 탑클래스 스트레칭 롤러 PU95 3종,건강용품,1,99000,1,3,1,1,Needs Review
[딥롤러] 미세진동 마사지 스트레칭 롤러 엑티베이터,건강용품,2,250000,1,3,1,2,Needs Review
[딥롤러] 전신을 풀어주는 스트레칭 웻지,건강용품,3,534000,1,3,1,2,Needs Review
[딥블러쉬] 까멜리아 석고방향제 세트,생활용품/차량용품/마스크,37,684500,1,3,3,3,Steady Sellers
[딥쉬] 99.9% 니치 퍼퓸 섬유향수 100ml*1+1,뷰티/다이어트,51,1516000,1,3,4,4,Steady Sellers
[때가솔] 품격을 올려주는 퍼퓸드 비누 4종,욕실/세정/위생용품,65,468000,0,5,4,2,Needs Review
[라씨에뜨] 국내생산 수작업 공예 이브로 수저 5벌 세트,수저/양식기,58,2200000,2,2,4,4,Declining Stars (At Risk)
[라씨에뜨] 국내생산 수작업 공예 이브로 수저세트 5pcs,수저/양식기,6,200000,1,3,1,2,Needs Review
[라이녹스] 충전식 원터치 UV 칫솔살균기,욕실/세정/위생용품,8,0,1,3,2,1,Needs Review
[라이프드림] 군산 흰찰쌀보리로 만든 속편한 NEW 군산짬뽕라면,국/탕/찌개/면,441,8619400,2,2,5,5,Declining Stars (At Risk)
[라이프드림] 멈출 수 없는 라면스낵 쏘이땅 10개입,식품,26,513200,1,3,3,2,Needs Review
[라이프드림] 소화가 잘되는 짬뽕라면 쑤욱 8개입,국/탕/찌개/면,56,1062480,1,3,4,3,Steady Sellers
[라인에비히] 당케 FGF 콜라겐 파워 앰플 50ml,뷰티/다이어트,348,20473000,0,5,5,5,Star Performers
[라인에비히] 당케FGF 회복크림 50ml,뷰티/다이어트,316,13810500,0,5,5,5,Star Performers
[라인에비히] 콜라겐 진정 시카톡 크림미스트 100ml,뷰티/다이어트,348,16758000,0,5,5,5,Star Performers
[라인에히비] 당케 FGF 콜라겐 파워 앰플 50ml,Unknown,14,826000,2,2,2,3,Needs Review
[락앤락] 올 뉴 진공 쌀통 25kg 유무선 겸용,주방,29,2240000,0,5,3,4,Steady Sellers
"[란나] 수면제습, 피로완화 태국 정품 란나 풋 패치",뷰티/다이어트,32,815100,1,3,3,3,Steady Sellers
[란체티/링스] 남성용 겨울 방한 순모장갑 4종,패션/잡화,9,143100,2,2,2,1,Dormant / Long-tail
[란체티/링스] 여성용 겨울 방한 순모장갑,패션/잡화,10,143100,2,2,2,1,Dormant / Long-tail
[란체티] 남성용 겨울 스포츠레져 방한장갑 4종,패션/잡화,7,111300,2,2,2,1,Dormant / Long-tail
[란체티] 여성용 겨울 스포츠레져 방한장갑,패션/잡화,8,127200,1,3,2,1,Needs Review
[랜드키스] 스웨이드 테슬 로퍼 수제화 17color,패션/잡화,11,410000,2,2,2,2,Dormant / Long-tail
[랩투엘브] 7가지 기능을 하나로! 멀티 스타일러 고데기,뷰티/다이어트,2,119800,1,3,1,1,Needs Review
[러빈마킨] 너무 귀여운 디즈니 올라프 칫솔살균기,욕실/세정/위생용품,3,0,2,2,1,1,Dormant / Long-tail
[러빈마킨] 등산 필수 아이템 아웃도어 모자 3종,패션/잡화,103,956100,0,5,4,3,Steady Sellers
[러빈마킨] 아웃도어 방수 접이식 포켓모자 6종,패션/잡화,81,916300,0,5,4,3,Steady Sellers
[레가토] 기술특허 전문가용 물광 고데기,생활가전,9,1341000,0,5,2,4,Needs Review
[레노마] 라운드 경량 풀티타늄 안경테 레노마 가브리엘,패션/잡화,2,438000,2,2,1,2,Dormant / Long-tail
[레노마] 볼드한 스퀘어 아세테이트 선글라스 루카,패션/잡화,3,537000,2,2,1,3,Needs Review
[레노마] 스퀘어 경량 아세테이트 안경테 레노마 딜란,패션/잡화,3,537000,2,2,1,3,Needs Review
[레노마] 실크처럼 부드러운 컬러핏 립스틱 10종,뷰티/다이어트,4,39600,1,3,1,1,Needs Review
[레노마] 촉촉한 고광택 컬러핏 립글로즈 10종,뷰티/다이어트,4,39600,1,3,1,1,Needs Review
[레드아일랜드] 엔조이 커플 스파이시 감바스,밥/반찬/요리,35,423800,1,3,3,2,Needs Review
[레드아일랜드] 엔조이 커플 스파이시 라구소스,잼/오일/조미/장,9,112200,2,2,2,1,Dormant / Long-tail
[레드아일랜드] 엔조이 커플 스파이시 핫시즈닝,잼/오일/조미/장,10,98000,2,2,2,1,Dormant / Long-tail
[렉스퀸] 다양한 브랜드 호환가능 스탠드형 만능 청소기 거치대,생활가전,17,480000,1,3,2,2,Needs Review
[렉스퀸] 리모컨 BLDC 써큘레이터 선풍기,생활가전,10,1431000,1,3,2,4,Needs Review
[렉스퀸] 모어 클린 350W BLDC 무선청소기 2color,생활가전,48,13054000,1,3,4,5,Steady Sellers
[렉스퀸] 안데스 싱크대 물막이 워터펜스 중/대,주방가전,54,1085200,1,3,4,3,Steady Sellers
[로뎀푸드] 구수한 쌀떡의 변신 호떡마리 5종 세트,과자/간식/안주,221,2774800,1,3,5,4,Steady Sellers
[로시] 결합형 만능 냄비 원더팟 4종 세트,주방,13,327800,1,3,2,2,Needs Review
[로시] 결합형 만능 슬라이서볼 4종 세트,주방잡화/용품,19,427500,2,2,3,2,Needs Review
[로얄식당] 보들보들 경양카츠 돈카츠 650g,밥/반찬/요리,157,2197500,1,3,5,4,Steady Sellers
[로얄식당] 칠리마요 코코넛 쉬림프 점보,밥/반찬/요리,93,1191600,1,3,4,4,Steady Sellers
[로얄식당] 화덕 난에 싸먹는 마라불닭 690g,밥/반찬/요리,8,119200,1,3,2,1,Needs Review
[롯데햄] 키스틱 닭가슴살 소시지,과자/간식/안주,53,1029000,2,2,4,3,Steady Sellers
"[루고코리아] 일상 속 반려식물 보금자리, 핸드메이드 다육화분 12종 택1",가구/인테리어,13,352700,2,2,2,2,Dormant / Long-tail
[루베크] 304 다용도 멀티 쿠커 2.5L,냄비/팬/솥,10,790000,1,3,2,3,Needs Review
[루셀렌] 스와로브스키 크리스털 루미너스 스퀘어 스터드 이어링,패션/잡화,19,628200,2,2,3,3,Steady Sellers
[루셀렌] 스와로브스키 크리스털 블리스원 귀걸이,패션/잡화,32,434000,1,3,3,2,Needs Review
[루셀렌] 스와로브스키 크리스털 블리스펄 귀걸이,패션/잡화,25,487500,2,2,3,2,Needs Review
[루셀렌] 스와로브스키 크리스털 엔틱루시아 귀걸이,패션/잡화,15,492000,1,3,2,2,Needs Review
[루셀렌] 스와로브스키 크리스털 트리플펄 스터드 이어링,패션/잡화,8,231200,1,3,2,2,Needs Review
[루셀렌] 스와로브스키 크리스털 트윙클 스톤 이어링,패션/잡화,12,384000,2,2,2,2,Dormant / Long-tail
[루셀렌] 스와로브스키 크리스털 풀샤이니 스퀘어 목걸이,패션/잡화,51,1405300,1,3,4,4,Steady Sellers
[루셀렌] 스와로브스키 트리플 펄 진주 목걸이,패션/잡화,10,239000,1,3,2,2,Needs Review
[루즈노즈케어] 알레르기성 비염 치료기,건강용품,6,1560000,1,3,1,4,Needs Review
[루핀] 시어버터 핸드&바디로션 500ml,뷰티/다이어트,165,2607600,0,5,5,4,Star Performers
[르시크릿] 국내산 배초향과 각종 영양소까지 아가트리 스킨,뷰티/다이어트,8,738300,2,2,2,3,Needs Review
[르젠] 안심세척 무선 올클린 수이온 야채 세척기,주방가전,3,396000,2,2,1,2,Dormant / Long-tail
[르젠]멀티 스팀 소독기,생활가전,1,159000,2,2,1,1,Dormant / Long-tail
[리만월] 40년전통 대만 대왕카스테라 600g,유제품/베이커리/떡,116,2605900,0,5,5,4,Star Performers
[리만월] 40년전통 리만월 수제 쌀 소금빵 2종,유제품/베이커리/떡,138,1194200,0,5,5,4,Star Performers
[리보네이처] 위와 장을 위한 맛있는 발효 키위,음료/차,5,172000,1,3,1,1,Needs Review
[리본푸드] 고소한 땅콩새싹 신아차 60티백,음료/차,11,220000,1,3,2,2,Needs Review
[리본푸드] 땅콩새싹 비건 두유 신아유 15포,음료/차,40,900000,1,3,4,3,Steady Sellers
[리잇X밥애] 맛있게 짓는 밥 곤드레 쏙,농축산/과일/계란,11,275000,0,5,2,2,New / Niche SKUs
[리잇X밥애] 맛있게 짓는 밥 곤드레 쏙 16g,농축산/과일/계란,17,356800,2,2,2,2,Dormant / Long-tail
"[리잇X밥애] 칼로리 Down, 맛은 Up! 현미/귀리 곤약밥",밥/반찬/요리,85,1779800,0,5,4,4,Star Performers
[리잇] 간편한 만능 간장/비빔장 소스,잼/오일/조미/장,14,117600,1,3,2,1,Needs Review
[리타티하우스] 우리쌀 화과자 선물세트,유제품/베이커리/떡,9,405000,1,3,2,2,Needs Review
[리턴투네이처] 생분해 코마사 30수 제로웨이스트 타올(수건) 3종,욕실/세정/위생용품,21,291600,0,5,3,2,Needs Review
[리턴투네이처] 생분해 향균 PLA 망사/일회용 수세미 2종,주방잡화/용품,7,199000,0,5,2,2,New / Niche SKUs
[리턴투네이처] 초록습관 생분해 샤워타올/샤워볼,욕실/세정/위생용품,18,152500,0,5,3,1,Needs Review
[링크페어] 304스텐 28cm웍 + 24cm프라이팬 세트,냄비/팬/솥,24,4776000,2,2,3,5,Steady Sellers
[링크페어] 304스텐 초고압 압력솥 3.0L,주방가전,14,7176000,0,5,2,5,Needs Review
[링크페어] 316스텐 위생 도마,조리도구,211,8358000,0,5,5,5,Star Performers
[링크페어] 스테인레스 칼 세트 8종,조리도구,219,25347000,0,5,5,5,Star Performers
[링크페어] 아론 포스코 304스텐 냄비세트 3종 세트,냄비/팬/솥,13,4776000,0,5,2,5,Needs Review
[링크페어] 플라워 키친툴 4종 세트,조리도구,10,891000,2,2,2,3,Needs Review
[마리질랭] 편안하면서 트렌디한 데일리 에코백 12종,패션/잡화,50,925020,0,5,4,3,Steady Sellers
[마이디벨] 벨기에 시그니처 감자튀김 4종,과자/간식/안주,22,189800,2,2,3,1,Needs Review
[마이프랜드] 리모컨 BLDC 에어로 타워팬 선풍기,Unknown,1,350000,1,3,1,2,Needs Review
[마인드베리] 부여산 생딸기로 만든 더 착한 딸기청,잼/오일/조미/장,23,442500,1,3,3,2,Needs Review
[마켓프로즌] 국산 말쥐치로 만든 정미향 삼천포 쥐치포 200g,과자/간식/안주,296,7105000,1,3,5,5,Steady Sellers
[마켓프로즌] 속이 꽉차고 탱글한 튀겨나온 60새우/통살60새우까스,과자/간식/안주,519,7447000,1,3,5,5,Steady Sellers
[마켓프로즌] 에어프라이어 치즈감동 뚱까스 & 스테이크 돈까스,밥/반찬/요리,788,10667600,1,3,5,5,Steady Sellers
[마켓프로즌] 에어프라이어 후라이드치킨 한마리,과자/간식/안주,65,671000,1,3,4,3,Steady Sellers
[마켓프로즌] 초간편 튀겨나온 치즈스틱,과자/간식/안주,37,463800,1,3,3,2,Needs Review
[마켓프로즌] 환상의 콜라보레이션 돈까스 핏짜 돈짜,밥/반찬/요리,27,450500,2,2,3,2,Needs Review
[말리몰리] 국내산 남해 통영 가리비장 & 꼬막무침,밥/반찬/요리,14,113300,2,2,2,1,Dormant / Long-tail
[말리몰리] 국내산 남해 통영 오만둥이젓 & 어리굴젓,김치/젓갈,86,388200,2,2,4,2,Needs Review
[맘스품] 3D 에어 매쉬 풍기인견 쿨매트,Unknown,11,1338000,1,3,2,4,Needs Review
[맘에쏙치킨] 닭가슴살로 만든 전기구이 꼬꼬징어,과자/간식/안주,105,2955200,2,2,4,5,Declining Stars (At Risk)
[맛디] 건어물의 끝판왕 안주/간식 6종,과자/간식/안주,251,2186600,2,2,5,4,Declining Stars (At Risk)
[머리채] 물과 땀에 강한 뿌리 깊은 흑채,Unknown,13,487400,2,2,2,2,Dormant / Long-tail
[먹꾼] 동결건조해서 한 번 더 바삭한 끝판왕 먹태,과자/간식/안주,4,16400,0,5,1,1,New / Niche SKUs
[먹쉬돈나] 삼청동 즉석떡볶이 성민이네 떡볶이,과자/간식/안주,76,433700,1,3,4,2,Needs Review
[메디미플러스] 신기한 화장실 클리너,욕실/세정/위생용품,83,1327200,0,5,4,4,Star Performers
[메디미플러스] 해충박멸 30년 전통 신기패,생활용품/차량용품/마스크,221,2187900,0,5,5,4,Star Performers
[메디셀바이오] 굿샷 홀인원패치 5매,뷰티/다이어트,2,100000,2,2,1,1,Dormant / Long-tail
[메디셀바이오] 나이스샷 홀인원패치 5매,뷰티/다이어트,1,26000,3,1,1,1,Dormant / Long-tail
[메디셀바이오] 미라클 하이드로겔 마스크 5매,뷰티/다이어트,7,209300,3,1,2,2,Dormant / Long-tail
[메디셀바이오] 미라클엠 오리지널 하이드로겔 마스크 5매,뷰티/다이어트,37,886300,2,2,3,3,Steady Sellers
[메디셀바이오] 에이티피 네추럴크림 100ml,뷰티/다이어트,12,328500,2,2,2,2,Dormant / Long-tail
[메디올가] 각질/피지 케어  메디바하 크림,뷰티/다이어트,101,2209400,1,3,4,4,Steady Sellers
[메디올가] 만능 각질 케어 메디아하 스팟 크림,뷰티/다이어트,35,1291700,1,3,3,4,Steady Sellers
[메디올가] 쥐젖제거 만능 메디아하 크림,뷰티/다이어트,584,20737100,2,2,5,5,Declining Stars (At Risk)
[메디타임] 피부시간을 거스르는 보탈리늄 박해진 앰플 1box,뷰티/다이어트,4,1194000,1,3,1,4,Needs Review
[메디테라피] 시원한 기능성 티셔츠 아쿠아업 300야드 스윙서포터,Unknown,2,133800,2,2,1,1,Dormant / Long-tail
[메르넬] 나이아신징크21 앰플,뷰티/다이어트,2,64000,2,2,1,1,Dormant / Long-tail
[메르넬] 밀크 브라이트 토너,뷰티/다이어트,5,125000,2,2,1,1,Dormant / Long-tail
[메르넬] 밀크 톤업 프라이머 크림,뷰티/다이어트,1,32000,2,2,1,1,Dormant / Long-tail
[메르넬] 브라이트 멜라-X 크림,뷰티/다이어트,2,66000,2,2,1,1,Dormant / Long-tail
[메르넬] 카밍 벨 토너,뷰티/다이어트,2,66000,2,2,1,1,Dormant / Long-tail
[메르넬] 카밍 벨 팩트 크림,뷰티/다이어트,1,45000,2,2,1,1,Dormant / Long-tail
[메르넬] 투웨이 시너지 앰플,뷰티/다이어트,1,68000,2,2,1,1,Dormant / Long-tail
[메르넬] 포어 시카 점보 토너,뷰티/다이어트,2,70000,2,2,1,1,Dormant / Long-tail
[메르넬] 포어 시카 핏 데일리 뽑아쓰는 마스크팩,뷰티/다이어트,8,175000,2,2,2,1,Dormant / Long-tail
[메르넬] 포어 시카21 앰플,뷰티/다이어트,2,64000,2,2,1,1,Dormant / Long-tail
[메르넬] 포어시카 워터밤 크림,뷰티/다이어트,1,35000,2,2,1,1,Dormant / Long-tail
[메르넬] 화이트닝 크림,뷰티/다이어트,1,33000,2,2,1,1,Dormant / Long-tail
[메밀묵팩토리] 50년 메밀장인 가마솥방식 수제 메밀묵,밥/반찬/요리,55,350000,2,2,4,2,Needs Review
[메이크힐] 마사지까지 완벽한 NEW V세라 멀티밤,뷰티/다이어트,2,69500,1,3,1,1,Needs Review
[메이크힐] 마사지까지 완벽한 V세라 멀티밤,뷰티/다이어트,26,1197500,2,2,3,4,Steady Sellers
[메이튼] 아늑한 분위기에 실용성까지 더한 블루투스 랜턴 스피커,가구/인테리어,7,434000,1,3,2,2,Needs Review
[멘톨릭스] 천연오일 퓨어 마사지 밤,뷰티/다이어트,46,869400,0,5,4,3,Steady Sellers
[명란시대] 깨끗하고 신선한 프리미엄 명란 선물세트,식품,34,1728000,2,2,3,4,Steady Sellers
[명란시대] 프리미엄 명란 선물세트,식품,338,15842500,0,5,5,5,Star Performers
[명인 김용운] 40년 노하우로 만든 전통방식 엿,과자/간식/안주,65,780000,1,3,4,3,Steady Sellers
[명장F&B] 포천 이동 왕 양념구이 1kg + 1kg 선물세트,농축산/과일/계란,517,19886200,1,3,5,5,Steady Sellers
[명지명가] 가마솥 오곡 수제 누룽지,식품,1280,30503000,0,5,5,5,Star Performers
[명품식탁] 제주 한라산 생 고사리,농축산/과일/계란,55,1243900,1,3,4,4,Steady Sellers
[명품식탁] 청국장은 원래 냄새가 없었다 180g*4개,잼/오일/조미/장,126,2447700,1,3,5,4,Steady Sellers
[모나스벤타나] 미니시리즈 제모기 3컬러,뷰티/다이어트,17,323000,1,3,2,2,Needs Review
[모다모다] 더 강력해진 새치케어 프로체인지 다크닝 샴푸 시즌2,뷰티/다이어트,84,2788000,1,3,4,4,Steady Sellers
[모다모다] 찰떡궁합 스페셜 새치 케어 선물세트 땡큐박스,뷰티/다이어트,21,693000,1,3,3,3,Steady Sellers
[모다모다] 프로체인지 헤어커버 스틱 3color,뷰티/다이어트,20,318000,1,3,3,2,Needs Review
[모든스토리] 지워진 우리들의 날,도서,6,84000,1,3,1,1,Needs Review
[모란봉]  물&비빔 별미냉면,국/탕/찌개/면,36,953700,2,2,3,3,Steady Sellers
[모란봉] 간편 가정식 별다섯개 별미냉면,국/탕/찌개/면,104,3012000,1,3,4,5,Steady Sellers
[모란봉] 별다섯개 물&비빔 별미냉면,국/탕/찌개/면,57,1618400,2,2,4,4,Declining Stars (At Risk)
[모로핏] 가볍고 건강한 다이어트워터 브이-컷,뷰티/다이어트,19,993600,2,2,3,3,Steady Sellers
[모미건] 튀기지 않고 구워만든 건강스낵 현미칩&콘칩 200g,과자/간식/안주,9,216000,0,5,2,2,New / Niche SKUs
[모미건] 튀기지 않고 구워만든 건강스낵 현미칩&콘칩 300g,과자/간식/안주,236,4182000,2,2,5,5,Declining Stars (At Risk)
[모비로버] 튼튼한 메탈 스마트폰 태블릿 거치대,생활용품/차량용품/마스크,22,511100,1,3,3,2,Needs Review
[몬스터상회] 화성에서온 후라이드 진미채튀김,과자/간식/안주,12,154100,2,2,2,1,Dormant / Long-tail
[몰리스] 아보카도와 신선한 야채로 만든 맥시칸 과카몰리,과자/간식/안주,88,1474800,2,2,4,4,Declining Stars (At Risk)
[몸애조화] 실속/능이버섯/홍삼 삼계탕 재료 3종,잼/오일/조미/장,39,276000,0,5,3,2,Needs Review
[묘미담] 국산 3년근 도라지정과 도라지청 선물세트,건강식품,10,699000,2,2,2,3,Needs Review
[묘미담] 하루활력! 100% 국내산 흑마늘정과,건강식품,57,3689300,1,3,4,5,Steady Sellers
[무등산식당] 국내산 돼지갈비 묵은지 김치찜 1.2kg,국/탕/찌개/면,1807,38443600,0,5,5,5,Star Performers
[무등산식당] 담백 고소한 국내산 쪽갈비 구이,밥/반찬/요리,146,2667000,0,5,5,4,Star Performers
[무등산식당] 매콤크림&매운 돼지갈비찜,밥/반찬/요리,82,1868700,0,5,4,4,Star Performers
[무등산식당] 수제 양념 꽃갈비 LA갈비 800g,밥/반찬/요리,579,16438400,0,5,5,5,Star Performers
[무등산식당] 야들야들 부드러운 양념 소불고기,밥/반찬/요리,247,2051300,0,5,5,4,Star Performers
[무등산식당] 한돈 소보로 떡갈비 1.2kg,밥/반찬/요리,74,1538600,1,3,4,4,Steady Sellers
[무로] 올인원케어 만능 세탁소 스프레이,생활용품/차량용품/마스크,42,1445600,1,3,4,4,Steady Sellers
[무릎펴] 뉴 열자기 지압 무릎펴 3000,건강,10,376500,0,5,2,2,New / Niche SKUs
[문경사과] 시나노골드 프리미엄 사과 5kg,농축산/과일/계란,29,1265000,2,2,3,4,Steady Sellers
[미녀마켓] 간편하게 즐기는 소(곱창/대창/막창/염통),밥/반찬/요리,5004,41317100,0,5,5,5,Star Performers
[미녀마켓] 직화 무뼈닭발 닭목살 2종,과자/간식/안주,1090,8573600,0,5,5,5,Star Performers
[미라클버블플러스] 효소안심 세탁조 클리너 12p,욕실/세정/위생용품,24,552000,0,5,3,3,Steady Sellers
[미라클테이블] 강원도 DMZ 야생화꿀 선물세트 2종,잼/오일/조미/장,48,1482500,0,5,4,4,Star Performers
[미락] 맛있는 밥을 위한 진공쌀통 20kg,주방가전,31,3612000,2,2,3,5,Steady Sellers
[미래북] 감정이 나를 휘두르지 않게,도서,6,84000,2,2,1,1,Dormant / Long-tail
[미래북] 법정 마음의 온도 - 가치 있는 삶을 위한 법정스님의 맑고 큰 참지혜,도서,3,42000,2,2,1,1,Dormant / Long-tail
[미래북] 사랑의 결,도서,1,17000,1,3,1,1,Needs Review
"[미래북] 사랑하라, 오늘이 마지막인 것처럼",도서,5,70000,1,3,1,1,Needs Review
[미레아우드] 핸드메이드 자작나무 소파테이블,가구/인테리어,10,760000,2,2,2,3,Needs Review
[미레아우드] 핸드메이드 자작나무 침대테이블,가구/인테리어,1,110000,3,1,1,1,Dormant / Long-tail
[미마] 9핀 라디에이터 MR-K109BK,계절가전/계절용품,8,553000,3,1,2,3,Needs Review
[미마] 팬히터 미니 히팅서큘레이터,계절가전/계절용품,10,550000,2,2,2,3,Needs Review
[미사리밀빛] 원조의 맛 초계국수 물/비빔,국/탕/찌개/면,52,1196000,1,3,4,4,Steady Sellers
[미소담식품] 오븐에 구워낸 백억 무뼈 닭발,밥/반찬/요리,64,2416500,1,3,4,4,Steady Sellers
[미스드래곤] 진정에 보습을 더한 와사비 캐모마일 마스크팩,뷰티/다이어트,4,134000,1,3,1,1,Needs Review
[미식대가] 얼큰 칼칼한 한우 대창 전골,국/탕/찌개/면,113,1624100,0,5,5,4,Star Performers
[미식대장] 데리야끼/간장/양념 깐 새우장 3종,밥/반찬/요리,58,1174400,0,5,4,4,Star Performers
[미식대장] 데리야끼/간장/양념 손질 게장 3종,밥/반찬/요리,49,1417400,0,5,4,4,Star Performers
[미쏘니] 이태리 직수입 리버시블 머플러,패션/잡화,16,4160000,2,2,2,5,Needs Review
[미연다] 클린 덴탈마스크 200매 특가 (장당44원),생활용품/차량용품/마스크,91,838000,2,2,4,3,Steady Sellers
[미온바이오] 닥터삼한끼 1box 30포,Unknown,10,990000,0,5,2,3,Needs Review
[미온바이오] 당하식한끼 1box 25포,Unknown,40,2600000,1,3,4,4,Steady Sellers
[미이르] 국내산 (여수) 반건조 민어,수산/건어물/김,109,3885400,2,2,5,5,Declining Stars (At Risk)
[미이르] 국내산 / 자연산 손질 통오징어,수산/건어물/김,112,3298100,1,3,5,5,Steady Sellers
"[미플래쉬] 양치와 미백을 동시에, LED 치약 칫솔 세트",욕실/세정/위생용품,13,647400,2,2,2,3,Needs Review
[밀레] 더 튼튼하고 편리해진 자동텐트,패션/잡화,1,248000,2,2,1,2,Dormant / Long-tail
[밀싹베이커리] 맛있다고 소문난 유기농 밀싹 스콘 5종 택1,유제품/베이커리/떡,791,1847000,2,2,5,4,Declining Stars (At Risk)
[바다를담다] 안심 국산 제철 통영 골든 가리비,수산/건어물/김,77,1531800,1,3,4,4,Steady Sellers
[바닮] 고소하게 볶아낸 돌자반 볶음,밥/반찬/요리,122,1987600,0,5,5,4,Star Performers
[바닮] 고소하게 볶아낸 돌자반 볶음 70g*20봉,밥/반찬/요리,52,2704000,0,5,4,4,Star Performers
[바닮] 고소하게 볶아낸 돌자반 볶음 70g*5봉,밥/반찬/요리,48,624000,1,3,4,3,Steady Sellers
[바디비타] 고급 세라믹볼 고압 샤워헤드,욕실/세정/위생용품,4,54000,2,2,1,1,Dormant / Long-tail
[바디비타] 기프트종합세트 샤워헤드+샤워필터4개 (후리지아퓨어/라벤더블라썸/스카이웨이브/노블코튼),욕실/세정/위생용품,2,258000,2,2,1,2,Dormant / Long-tail
[바디핌] 전신운동 기구 홈 트위스트 1+1,뷰티/다이어트,36,5328000,2,2,3,5,Steady Sellers
[바로그-식품] 청정 호주산 소고기로 만든 언양식 바싹불고기,농축산/과일/계란,212,5923400,1,3,5,5,Steady Sellers
[바로그-식품] 호주산 청정우 근본있는 장조림,밥/반찬/요리,19,758000,2,2,3,3,Steady Sellers
[바록스] 스포츠 마사지겔 류현진 크림,건강용품,8,162000,2,2,2,1,Dormant / Long-tail
[바롬] 오늘부터 석류콜라겐 젤리스틱,뷰티/다이어트,45,705500,0,5,4,3,Steady Sellers
[바른미인] 모공축소 붓기완화 쿨링스틱 3종,뷰티/다이어트,13,414000,1,3,2,2,Needs Review
[바른미인] 유해물질 없는 사방 세라믹 괄사,뷰티/다이어트,5,245000,1,3,1,2,Needs Review
[바른장어] 100% 국내산 바른 민물장어 초벌구이 1kg,수산/건어물/김,174,13410000,0,5,5,5,Star Performers
[바른찬] 광천중앙식품 광천김 선물용,수산/건어물/김,97,1424100,1,3,4,4,Steady Sellers
[바리브] 드럼통 3in1 회전형 채칼,조리도구,7,299400,1,3,2,2,Needs Review
[바리브] 모던 파스텔 2인/4인 그릇세트,수저/양식기,10,1050000,1,3,2,3,Needs Review
[바리브] 제트소닉 퀵 드라이어 1800W,욕실/세정/위생용품,31,2370000,1,3,3,4,Steady Sellers
[바먹] 고소한 돼지고기 특수부위 4종,농축산/과일/계란,254,2963100,0,5,5,5,Star Performers
[바베큐아저씨] 국내산 부산아귀포 150g,과자/간식/안주,56,583000,1,3,4,3,Steady Sellers
[바베큐아저씨] 독일식 족발 슈바이네 학센,밥/반찬/요리,47,1076300,1,3,4,3,Steady Sellers
[바베큐아저씨] 명불허전 먹태의 반란,과자/간식/안주,45,769200,1,3,4,3,Steady Sellers
[바베큐아저씨] 복어포구이 200g,과자/간식/안주,39,407000,1,3,3,2,Needs Review
[바베큐아저씨] 양념벌집 돼지껍데기 200g,밥/반찬/요리,129,451200,1,3,5,2,Needs Review
[바베큐아저씨] 오징어160g+복어포200g 왕복세트,과자/간식/안주,13,257400,1,3,2,2,Needs Review
[바베큐아저씨] 왕오징어다리 160g,과자/간식/안주,29,287100,1,3,3,2,Needs Review
[바베큐아저씨] 전복미역국/황태미역국/우렁된장국 3종,국/탕/찌개/면,52,439700,1,3,4,2,Needs Review
[바베큐아저씨] 코코넛아몬드 코코몬드 130g,과자/간식/안주,78,280200,1,3,4,2,Needs Review
[바베큐아저씨] 튀긴 오징어의 반란 80g,과자/간식/안주,42,847400,1,3,4,3,Steady Sellers
[바베큐아저씨] 프리미엄 어포튀김 빠삭이의반란 100g,과자/간식/안주,251,828300,1,3,5,3,Steady Sellers
[바스틀리] 천연 대나무 펄프 게런티드 로션 페이셜 티슈,바스틀리,6,79200,0,5,1,1,New / Niche SKUs
[바스틀리] 천연 대나무 펄프 게런티드 토일렛 휴지,욕실/세정/위생용품,19,359100,1,3,3,2,Needs Review
[바스틀리] 천연 대나무 펄프 게런티드 트레블 포켓 티슈,바스틀리,18,88200,0,5,3,1,Needs Review
[바스틀리] 천연 대나무 펄프 게런티드 페이셜 갑티슈,바스틀리,12,126000,0,5,2,1,New / Niche SKUs
[바스틀리] 천연 대나무 펄프 게런티트 키친타월,주방잡화/용품,2,12600,1,3,1,1,Needs Review
[바스틀리] 천연 밀짚 펄프 리필형 티슈/케이스,생활용품/차량용품/마스크,32,178000,1,3,3,1,Needs Review
[바스틀리] 천연 밀짚 펄프 물티슈,욕실/세정/위생용품,4,15600,1,3,1,1,Needs Review
[바스틀리] 천연 밀짚 펄프 소프트 키친타올,주방잡화/용품,10,143200,0,5,2,1,New / Niche SKUs
[바스틀리] 천연 밀짚 펄프 키친타올,주방잡화/용품,16,134400,0,5,2,1,New / Niche SKUs
[바스틀리] 천연 밀짚 펄프 키친타올 점보롤,주방잡화/용품,6,89400,1,3,1,1,Needs Review
[바스틀리] 천연 밀짚 펄프 토일렛 휴지,욕실/세정/위생용품,71,1341900,0,5,4,4,Star Performers
[바스틀리] 천연 밀짚 펄프 페이셜 갑티슈,바스틀리,10,22000,1,3,2,1,Needs Review
[바이마르] 리모컨형 모던화이트 7엽날개 써큘레이터 선풍기,냄비/팬/솥,17,2533000,2,2,2,4,Needs Review
[바이마르] 미니멀 히든쉐프 전기보온밥솥 2.5L,주방가전,12,1089000,2,2,2,3,Needs Review
[바이마르] 버닝 인덕션 편수냄비 18cm,냄비/팬/솥,6,98400,1,3,1,1,Needs Review
[바이마르] 아날로그형 모던화이트 7엽날개 써큘레이터 선풍기,냄비/팬/솥,4,387000,2,2,1,2,Dormant / Long-tail
[바이빔] 신소재 익스트림 냉감 바디 필로우,생활용품/차량용품/마스크,8,1112000,0,5,2,3,Needs Review
[바이오덱스] 예뻐지는 힘 리커버리 스틱,건강식품,3,161100,2,2,1,1,Dormant / Long-tail
[바이오라이트] 차량용 에어컨 필터 자동차 히터 4계절 패키지 3개입,생활용품/차량용품/마스크,27,699300,0,5,3,3,Steady Sellers
[바이오라이트] 프리미엄 하이브리드 차량용 와이퍼 발수코팅 실리콘,생활용품/차량용품/마스크,49,687800,0,5,4,3,Steady Sellers
[바이오타] 90년 전통 스위스 7데이 클렌즈 프로그램(디톡스),뷰티/다이어트,7,1731450,2,2,2,4,Needs Review
[바이오타] 90년 전통 스위스 기적의 발효 브루스주스 500ml,건강식품,1,127840,2,2,1,1,Dormant / Long-tail
[바이킹] 요리가 재밌다 빨강팬 프라이팬 세트,냄비/팬/솥,24,2392000,1,3,3,4,Steady Sellers
[바인하우스] 전자파안심 플렉스 전기요,계절가전/계절용품,42,4548000,2,2,4,5,Declining Stars (At Risk)
[바인하우스] 전자파안심 플렉스 전기요 더블[140cmX180cm],계절가전/계절용품,3,357000,2,2,1,2,Dormant / Long-tail
[바인하우스] 전자파안심 플렉스 전기요 미니[75cmX180cm],계절가전/계절용품,19,1782000,2,2,3,4,Steady Sellers
[바인하우스] 전자파안심 플렉스 전기요 싱글[110cmX180cm],계절가전/계절용품,12,1308000,3,1,2,4,Needs Review
[바인하우스] 전자파안심 플렉스 전기요 전기장판,계절가전/계절용품,4,129000,1,3,1,1,Needs Review
[바인하우스] 전자파안심 플렉스 전기요 퀸[150cmX180cm],계절가전/계절용품,19,2224000,2,2,3,4,Steady Sellers
[바인하우스] 키누조 슈퍼소닉 헤어드라이어,생활가전,3,518000,1,3,1,2,Needs Review
[바치] 저소음 절전형 초경량 모기사냥,계절가전/계절용품,30,1954400,1,3,3,4,Steady Sellers
[바툼] 전기난로 스토브 오뜨시즌2,계절가전/계절용품,11,1760000,2,2,2,4,Needs Review
[박막례x프레시지] 오징어 비빔국수 2팩(4인분),국/탕/찌개/면,26,875000,1,3,3,3,Steady Sellers
[박수갈비] 담양식 국내산 프리미엄 수제 양념돼지갈비1kg,농축산/과일/계란,118,3763000,0,5,5,5,Star Performers
[박장대소] 달지않은 치악산 청정지역 과일 잼 2종,Unknown,91,2275000,3,1,4,4,Declining Stars (At Risk)
[박장대소] 달지않은 치악산 청정지역 복숭아잼/오디잼 3개 구성 선택,Unknown,106,2650000,2,2,4,4,Declining Stars (At Risk)
[박장대소] 달지않은 치악산 청정지역 복숭아잼/오디잼 선물세트,Unknown,18,450000,0,5,3,2,Needs Review
[발로싹] 이젠 걸어다니며 청소해요! 발로싹 청소 슬리퍼,생활,20,756200,0,5,3,3,Steady Sellers
[밤쌀당] 리얼 통알밤을 넣은 쌀 밤식빵,유제품/베이커리/떡,76,1258000,2,2,4,4,Declining Stars (At Risk)
[밥닥] 닭날개속에 볶음밥 밥닭 110g 10개 3종,밥/반찬/요리,41,1144000,2,2,4,4,Declining Stars (At Risk)
[밥도둑푸드] 20년 전통 어머니 레시피를 그대로 밥꾹 추어탕,국/탕/찌개/면,62,342200,0,5,4,2,Needs Review
[밥도둑푸드] 가정식 여수 순살 꼬막 무침,밥/반찬/요리,323,3731500,0,5,5,5,Star Performers
[밥도둑푸드] 가정식 여수 순살 꼬막장,밥/반찬/요리,1022,11904000,2,2,5,5,Declining Stars (At Risk)
[밥도둑푸드] 가정식 여수 순살 꼬막장 200G,밥/반찬/요리,12,102000,3,1,2,1,Dormant / Long-tail
[밥도둑푸드] 가정식 완도 수제 전복장 실속형 1GK 9-10미,밥/반찬/요리,7,174300,3,1,2,1,Dormant / Long-tail
[밥도둑푸드] 가정식 완도 수제 전복장 실속형 1kg (9미내외),밥/반찬/요리,25,547800,0,5,3,3,Steady Sellers
[밥도둑푸드] 가정식 완도 수제 전복장 실속형 1kg 11미,밥/반찬/요리,55,1369500,2,2,4,4,Declining Stars (At Risk)
[밥도둑푸드] 가정식 완도 수제 전복장 실속형 1kg 9-10미,밥/반찬/요리,38,946200,3,1,3,3,Steady Sellers
[밥도둑푸드] 간편한 전라도 우거지 된장 4인분 250G,밥/반찬/요리,41,133000,3,1,4,1,Needs Review
[밥도둑푸드] 간편한 전라도 우거지 된장 4인분 250g,국/탕/찌개/면,13106,45257300,0,5,5,5,Star Performers
[밥도둑푸드] 국내 자연산 반건조 민어 1팩 (30-35cm),수산/건어물/김,344,4781600,0,5,5,5,Star Performers
[밥도둑푸드] 국내산 새우로 만든 깐 새우장 300g,밥/반찬/요리,765,11295000,0,5,5,5,Star Performers
[밥도둑푸드] 국내산 키조개 알관자 200g 8-12미,수산/건어물/김,8,64500,2,2,2,1,Dormant / Long-tail
[밥도둑푸드] 국내산 키조개 특대관자 500g 5-6미,수산/건어물/김,10,234000,3,1,2,2,Dormant / Long-tail
[밥도둑푸드] 국내산 키조개관자 슬라이스 200g,수산/건어물/김,164,2559900,0,5,5,4,Star Performers
[밥도둑푸드] 깊고 진한 전라도 여수식 국내산 김장김치양념 7kg,김치/젓갈,81,6800000,1,3,4,5,Steady Sellers
[밥도둑푸드] 땡초비빔된장 500G,밥/반찬/요리,2,19000,3,1,1,1,Dormant / Long-tail
[밥도둑푸드] 땡초비빔된장 500g,밥/반찬/요리,382,3553000,0,5,5,5,Star Performers
[밥도둑푸드] 만능양념파장 300g,밥/반찬/요리,832,5561000,0,5,5,5,Star Performers
[밥도둑푸드] 밥도둑어벤저스 4종SET,밥/반찬/요리,131,4736000,1,3,5,5,Steady Sellers
"[밥도둑푸드] 봄에 먹어야 제맛, 밥도둑 양념 달래장 300g",밥/반찬/요리,698,8368800,2,2,5,5,Declining Stars (At Risk)
[밥도둑푸드] 상큼한 밥도둑 양념 달래장 300g,밥/반찬/요리,2262,21888900,0,5,5,5,Star Performers
[밥도둑푸드] 손질된 간편 여수 돌게장,밥/반찬/요리,636,8886600,1,3,5,5,Steady Sellers
[밥도둑푸드] 싱싱한 굴로 만든 전라도식 굴무침 600g,밥/반찬/요리,1278,58890000,3,1,5,5,Declining Stars (At Risk)
[밥도둑푸드] 싱싱한 전라도식 굴무침 600g,밥/반찬/요리,3408,147063100,0,5,5,5,Star Performers
[밥도둑푸드] 알싸하게 매운 중독성 강한 땡초멸치비빔 250g,밥/반찬/요리,51,485100,0,5,4,2,Needs Review
[밥도둑푸드] 여수 가정식 열무 물김치 2종 2kg,밥/반찬/요리,1474,23345300,1,3,5,5,Steady Sellers
[밥도둑푸드] 여수 가정식 열무 물김치 2종 3.5kg,김치/젓갈,1220,25105600,0,5,5,5,Star Performers
[밥도둑푸드] 여수 가정식 열무김치 1.5KG,밥/반찬/요리,14,216000,3,1,2,2,Dormant / Long-tail
[밥도둑푸드] 여수 가정식 열무김치 2KG,밥/반찬/요리,1,18000,3,1,1,1,Dormant / Long-tail
[밥도둑푸드] 여수 가정식 열무김치 2kg,밥/반찬/요리,33,504000,3,1,3,2,Needs Review
[밥도둑푸드] 여수 국내산 알배기 암꽃게장 3미,밥/반찬/요리,541,21865200,0,5,5,5,Star Performers
[밥도둑푸드] 여수 돌산 갓김치 캔 600G,밥/반찬/요리,4,32000,3,1,1,1,Dormant / Long-tail
[밥도둑푸드] 여수 돌산 갓김치 캔 600g,김치/젓갈,191,1480000,2,2,5,4,Declining Stars (At Risk)
[밥도둑푸드] 여수 돌산 갓김치4KG+갓물김치1KG,밥/반찬/요리,2,134000,3,1,1,1,Dormant / Long-tail
[밥도둑푸드] 여수 돌산 갓김치4kg+갓물김치1kg,김치/젓갈,27,1809000,2,2,3,4,Steady Sellers
[밥도둑푸드] 여수 수제 돌게장 15마리 내외 구성,밥/반찬/요리,10,505000,1,3,2,2,Needs Review
[밥도둑푸드] 여수 수제 돌게장 16마리 내외 구성,밥/반찬/요리,68,2970800,2,2,4,5,Declining Stars (At Risk)
[밥도둑푸드] 여수 수협 중매인이 직접 고르고 손질한 민어 1팩 (30-35cm),밥/반찬/요리,520,7432700,2,2,5,5,Declining Stars (At Risk)
[밥도둑푸드] 여수 초롱무 총각김치 1KG,밥/반찬/요리,20,342000,3,1,3,2,Needs Review
[밥도둑푸드] 여수 초롱무 총각김치 1kg,김치/젓갈,628,11106000,2,2,5,5,Declining Stars (At Risk)
[밥도둑푸드] 여수낭만포차 묵은지해물삼합 2-3인분,밥/반찬/요리,148,5538000,1,3,5,5,Steady Sellers
[밥도둑푸드] 여수맛집 돌게 된장찌개 2통,국/탕/찌개/면,365,5280000,1,3,5,5,Steady Sellers
[밥도둑푸드] 여수맛집 딱새우 된장찌개 2-3인분,국/탕/찌개/면,846,6444900,0,5,5,5,Star Performers
[밥도둑푸드] 여수특산물 돌게장 선물용 1kg 내외,밥/반찬/요리,86,1896000,1,3,4,4,Steady Sellers
[밥도둑푸드] 자연산 새우장 1KG 20미,밥/반찬/요리,4,53700,3,1,1,1,Dormant / Long-tail
[밥도둑푸드] 자연산 새우장 1kg 20미,밥/반찬/요리,81,1414100,2,2,4,4,Declining Stars (At Risk)
[밥도둑푸드] 장흥식 소고기 삼합 구이세트 2인,밥/반찬/요리,39,1170000,1,3,3,4,Steady Sellers
[밥도둑푸드] 전라도 가정식 파김치 1kg,김치/젓갈,781,15380000,0,5,5,5,Star Performers
[밥도둑푸드] 전라도식 양념 낙지젓갈 500G,밥/반찬/요리,4,104000,3,1,1,1,Dormant / Long-tail
[밥도둑푸드] 전라도식 양념 낙지젓갈 500g,김치/젓갈,419,10764000,0,5,5,5,Star Performers
[밥도둑푸드] 전라도식 양념 오징어 젓갈 500G,밥/반찬/요리,3,38700,3,1,1,1,Dormant / Long-tail
[밥도둑푸드] 전라도식 양념 오징어 젓갈 500g,김치/젓갈,904,11481000,0,5,5,5,Star Performers
[밥도둑푸드] 전라도식 양념갈치젓갈 500G,밥/반찬/요리,11,108900,3,1,2,1,Dormant / Long-tail
[밥도둑푸드] 전라도식 양념갈치젓갈 500g,김치/젓갈,878,8593200,0,5,5,5,Star Performers
[밥도둑푸드] 통영 양념 멍게젓갈 500G,밥/반찬/요리,8,144000,3,1,2,1,Dormant / Long-tail
[밥도둑푸드] 통영 양념 멍게젓갈 500g,김치/젓갈,462,8355500,1,3,5,5,Steady Sellers
[밥도둑푸드] 특허상품 노니 순살고등어 1팩 160g 내외,수산/건어물/김,11573,56885000,0,5,5,5,Star Performers
[밥도둑푸드] 프리미엄 선물세트 4종,밥/반찬/요리,18,1785000,2,2,3,4,Steady Sellers
[방가네] 어머니의 정성과 손맛을 그대로 가마솥 국밥 4종,국/탕/찌개/면,5236,47172100,0,5,5,5,Star Performers
[방가네] 어머니의 정성과 손맛을 그대로 가마솥 국밥 5종,국/탕/찌개/면,11080,66275300,2,2,5,5,Declining Stars (At Risk)
[방떡] 대구의 명물 방촌시장 방촌떡볶이와 납작만두,과자/간식/안주,1153,19449600,0,5,5,5,Star Performers
[배들어오는날] 동해 산지직송 자숙 홍게찜,수산/건어물/김,122,4827900,2,2,5,5,Declining Stars (At Risk)
[배들어오는날] 제철시즌 한정 동해바다 활 홍게,수산/건어물/김,116,4400000,2,2,5,5,Declining Stars (At Risk)
[배포장] 30년 전통 순곱이네 순대 모음,과자/간식/안주,754,7862800,1,3,5,5,Steady Sellers
[백봉오골계] 청정지역 춘천 백봉오골계 초란&유정란,Unknown,259,10896900,0,5,5,5,Star Performers
[백운] 순살 간장게장 300g,밥/반찬/요리,47,1175000,2,2,4,4,Declining Stars (At Risk)
[백조씽크] 다용도 와플형 냄비받침 3p,주방잡화/용품,7,111300,1,3,2,1,Needs Review
[백조씽크] 배수 가능한 스텐 배수구 커버,주방잡화/용품,30,1050000,0,5,3,3,Steady Sellers
[뱅블러] 175g의 가볍고 귀여운 텀블러,주방잡화/용품,75,979000,2,2,4,3,Steady Sellers
[베네통] 센세이션 코트 스쿨 스니커즈 (7color),패션/잡화,8,680000,1,3,2,3,Needs Review
[베네플러스] 전신 바디 웜 쿨 바디드라이어,생활가전,1,249000,2,2,1,2,Dormant / Long-tail
[베드스크런치] 짱짱한 침대 시트 고정 밴드,가구/인테리어,5,0,1,3,1,1,Needs Review
[베스트픽] 작지만 강력한 3in1 캡슐세제,욕실/세정/위생용품,84,2205000,1,3,4,4,Steady Sellers
[베카] 국내생산 고품질 밀폐 용기 12종 택1,주방잡화/용품,27,469000,2,2,3,2,Needs Review
[벨라랩] 여성이 직접 만든 와잇 여성청결제,욕실/세정/위생용품,10,1198000,2,2,2,4,Needs Review
[벨르로더] Y존 고민 해결! 상쾌한 이너퍼퓸,욕실/세정/위생용품,13,388700,1,3,2,2,Needs Review
[벨르로더] 깨끗하게 맑게 두피 스케일러,욕실/세정/위생용품,40,1166100,0,5,4,4,Star Performers
[벨르로더] 눈가 주름 개선 시크릿 아이롤온,뷰티/다이어트,31,620400,0,5,3,3,Steady Sellers
[벨르로더] 산뜻한 수분충전 워터드롭 에센스,뷰티/다이어트,10,284100,1,3,2,2,Needs Review
[보국] 전자식 스타일리스 휴대용 미니 냉풍기,계절가전/계절용품,16,600000,0,5,2,3,Needs Review
[보나크] 안전하고 간편한 1구 인덕션,주방,3,297000,1,3,1,2,Needs Review
[보노H&B] 프리미엄 덴탈매스미르치약,욕실/세정/위생용품,27,1001000,1,3,3,3,Steady Sellers
[보랄] 날개없는 타워팬 선풍기 BR-F200R,계절가전/계절용품,3,399000,2,2,1,2,Dormant / Long-tail
[보랄] 독일 스마트 센서 휴지통 2종,생활가전,5,760000,1,3,1,3,Needs Review
[보랄] 리모컨 3D 입체 에어써큘레이터 선풍기,계절가전/계절용품,1,299000,1,3,1,2,Needs Review
[보랄] 리모컨 무선 에어써큘레이터 선풍기,계절가전/계절용품,2,398000,1,3,1,2,Needs Review
[보랄] 리모컨 전자식 날개 없는 선풍기,계절가전/계절용품,9,3192000,1,3,2,5,Needs Review
[보랄] 버튼식 USB충전 무선 날개 없는 선풍기,계절가전/계절용품,5,796000,1,3,1,3,Needs Review
[보랄] 습기를 싹 잡는 더 데일리 제습기 15L,계절가전/계절용품,2,1336000,2,2,1,4,Needs Review
[보랄] 접이식 대형 폴딩 시장&마트 카트 65L,생활용품/차량용품/마스크,9,2691000,1,3,2,4,Needs Review
[보만] 백전백승 충전식 모기채,계절가전/계절용품,26,520000,0,5,3,2,Needs Review
[보만] 입자조절 자동 양념 그라인더,주방잡화/용품,24,276800,0,5,3,2,Needs Review
[보생] 송이보다 맛있는 송화고버섯,농축산/과일/계란,20,540400,1,3,3,3,Steady Sellers
[보생] 향과 맛이 좋은 송화고버섯,농축산/과일/계란,20,457000,2,2,3,2,Needs Review
[보카스] 성인용 손톱발톱깍기&각질제거제,생활용품/차량용품/마스크,28,583200,3,1,3,3,Steady Sellers
[보카스] 성인용 손톱발톱깍기&각질제거제 [구성선택],생활용품/차량용품/마스크,134,2589300,2,2,5,4,Declining Stars (At Risk)
[보카스] 유아용 손톱깍기 / 손톱깍기세트,생활용품/차량용품/마스크,4,43000,3,1,1,1,Dormant / Long-tail
[보카스] 유아용 손톱깍기 / 손톱깍기세트 [구성선택],생활용품/차량용품/마스크,11,117000,2,2,2,1,Dormant / Long-tail
[복순할매] 사골떡국 2인분 with 머릿고기,국/탕/찌개/면,60,643000,1,3,4,3,Steady Sellers
[본어스] 산호칼슘 내 몸에 보너스,건강,128,12192000,1,3,5,5,Steady Sellers
[본죽] 냉장 컵 본죽 270g*3개 세트(7종 선택),Unknown,16,285600,1,3,2,2,Needs Review
[본죽] 냉장 파우치 200g*5개 세트(4종 선택),Unknown,1,26500,1,3,1,1,Needs Review
[본죽] 냉장 파우치 330g*5개 세트(10종 선택),Unknown,27,750500,1,3,3,3,Steady Sellers
[본초맘죽] 신선하고 좋은 재료만 사용한 베스트 6종,밥/반찬/요리,20,306000,1,3,3,2,Needs Review
[볼레뜨] 피부진정과 수분공급 모이스처 수딩젤,뷰티/다이어트,36,580600,2,2,3,3,Steady Sellers
[봄날] 손질없이 편리한 100%리얼 고구마바&말랭이,과자/간식/안주,78,1113800,2,2,4,3,Steady Sellers
[봄날] 손질없이 편리한 100%리얼 미니군고구마 외 2종,과자/간식/안주,12,101600,2,2,2,1,Dormant / Long-tail
"[부천명장] 부천 로컬맛집 시원얼큰 명장 알탕,알동탕",국/탕/찌개/면,845,7484900,2,2,5,5,Declining Stars (At Risk)
[북로망스] 작은 별이지만 빛나고 있어,도서,1,15000,1,3,1,1,Needs Review
"[불란서F&B] 찐빵계의 혁명적 삼총사, 불란서 찐빵",유제품/베이커리/떡,30,637500,2,2,3,3,Steady Sellers
[불맛공작소] 화끈한 불맛의 정석 불곱창 외 4종 택1,과자/간식/안주,46,1122800,2,2,4,3,Steady Sellers
[불파네] 기가막힌 수제 화덕 피자 4종,유제품/베이커리/떡,2011,20964900,0,5,5,5,Star Performers
[뷰니스] 디톡스 콤부차 스틱 (샤인머스켓/자몽),음료/차,18,1026000,1,3,3,3,Steady Sellers
[뷰니스] 라이트한 한포 습관 브이컷,뷰티/다이어트,6,257100,2,2,1,2,Dormant / Long-tail
[뷰니스] 우리 몸을 생각한 다이어트 컨트롤S,뷰티/다이어트,48,5878000,1,3,4,5,Steady Sellers
[뷰니스] 우리 몸을 생각한 다이어트 컨트롤V,뷰티/다이어트,9,618000,1,3,2,3,Needs Review
[뷰니스] 피부를 완성하는 생기케어 저분자 콜라겐,뷰티/다이어트,8,298900,1,3,2,2,Needs Review
[뷰니언] 초간편 신개념 한장 샤워 티슈,욕실/세정/위생용품,10,223800,1,3,2,2,Needs Review
[뷰리앤헬스] 백세통밀 8종 저칼로리 통곡물빵,건강식품,5137,39224300,2,2,5,5,Declining Stars (At Risk)
[뷰리앤헬스] 백세통밀 저칼로리 통곡물빵,건강식품,2877,24755220,0,5,5,5,Star Performers
[뷰리앤헬스] 불가리아 먹는 장미오일 30캡슐,건강식품,6,973000,2,2,1,3,Needs Review
[뷰리앤헬스] 여성 질건강 유산균,건강식품,2,60000,3,1,1,1,Dormant / Long-tail
[브로커] 언제 어디서나 편안한 데일리 라운드 안경테,패션/잡화,17,650400,1,3,2,3,Needs Review
[블루워시] 전성분 EWG 올그린등급 캡슐세제,욕실/세정/위생용품,28,742200,0,5,3,3,Steady Sellers
[블뤼엔] 에코서트 인증 보습강화 주방전용 핸드워시 3종세트,주방잡화/용품,10,253800,2,2,2,2,Dormant / Long-tail
[블뤼엔] 올클린 버블 특수 엠보싱 일회용 수세미,주방잡화/용품,9,214000,2,2,2,2,Dormant / Long-tail
[블뤼엔] 올클린 제로 주방 행주 향균 99.9%,주방잡화/용품,24,342000,2,2,3,2,Needs Review
[블뤼엔] 일회용 수세미/행주/주방세제 세트상품,주방잡화/용품,21,312600,2,2,3,2,Needs Review
[블뤼엔] 전성분 1등급 프리미엄 주방세제 디시워시 500ml,주방잡화/용품,13,229000,2,2,2,2,Dormant / Long-tail
[블뤼엔] 헛구역질 유발 최소화 U자형 혀 클리너,욕실/세정/위생용품,11,132000,2,2,2,1,Dormant / Long-tail
[비방트] VIVANT - berite 4컬러,Unknown,1,0,2,2,1,1,Dormant / Long-tail
[비방트] VIVANT - fleur 4컬러,Unknown,1,298000,2,2,1,2,Dormant / Long-tail
[비방트] VIVANT - lune 5컬러,Unknown,1,0,2,2,1,1,Dormant / Long-tail
[비방트] VIVANT - reine 2컬러,Unknown,1,0,2,2,1,1,Dormant / Long-tail
[비방트] VIVANT - vendredi II 블랙,Unknown,2,298000,2,2,1,2,Dormant / Long-tail
[비브르] UV살균 팬건조 칫솔살균기 VTS500,욕실/세정/위생용품,190,9593000,2,2,5,5,Declining Stars (At Risk)
[비스카] 기계식 3D 입체 에어써큘팬 선풍기,Unknown,10,1290000,1,3,2,4,Needs Review
[비스카] 기계식 쿨 에어써큘레이터 선풍기,Unknown,1,119000,1,3,1,1,Needs Review
[비아북] 35년 1~7 세트 - 전7권,도서,2,202000,1,3,1,2,Needs Review
[비아북] 도리도리,도서,1,16000,1,3,1,1,Needs Review
[비오씨이래] EMS 저주파 마사지기 닥터펜프로,건강용품,45,2861800,2,2,4,5,Declining Stars (At Risk)
[비오씨이래] 건강한 모발을 위한 마사지 브러쉬 닥터콤,생활용품/차량용품/마스크,10,621000,2,2,2,3,Needs Review
[비오씨이래] 스마트하고 간편한 뜸기 닥터핫스팟,건강용품,9,210900,2,2,2,2,Dormant / Long-tail
[비오씨이래] 착 붙는 밀착감 옥타헤드 전기면도기,욕실/세정/위생용품,54,4266000,2,2,4,5,Declining Stars (At Risk)
[비오씨이래] 초간단 탈수 노터치 사방 청소기,욕실/세정/위생용품,121,2079100,2,2,5,4,Declining Stars (At Risk)
"[비타푸즈] 구수하고 건강한 수분충천, 청춘숭늉",밥/반찬/요리,59,1491000,1,3,4,4,Steady Sellers
[비타푸즈] 바쁜 일상 속에서도 든든하게 4분 청춘누룽지,과자/간식/안주,88,1184700,1,3,4,4,Steady Sellers
[비타푸즈] 속편하게 쪽! 짜먹는 간편 죽 3종,밥/반찬/요리,3,13800,1,3,1,1,Needs Review
[비트젠] 접이식 탁상용 선풍기,2024 여름 미리준비 기획전,1,26820,0,5,1,1,New / Niche SKUs
[비퓨어] 향균과 탈취를 한번에! 패브릭 미스트,욕실/세정/위생용품,10,269000,1,3,2,2,Needs Review
[빌리빈] 두가지 요리를 동시에! 미니 멀티 그릴,주방가전,9,272000,1,3,2,2,Needs Review
[빙고씨푸드] 100% 핸드메이드 버터갈릭새우 밀키트 2인분,밥/반찬/요리,29,420300,1,3,3,2,Needs Review
[빙고씨푸드] 국내산 얼큰 꽃게탕 밀키트 1kg,국/탕/찌개/면,127,3641400,1,3,5,5,Steady Sellers
[빙고씨푸드] 연평도 숙성간장 암꽃게장 2.5kg,밥/반찬/요리,53,3127000,2,2,4,5,Declining Stars (At Risk)
[빙고씨푸드] 쫀득 매콤 순살 코다리바베큐 밀키트,밥/반찬/요리,85,1303800,1,3,4,4,Steady Sellers
[빛나는마켓] 모든 재료 100% 국내산 빛나는 멸치 육수,잼/오일/조미/장,62,643100,2,2,4,3,Steady Sellers
[빠진닭] 국물까지다먹어도 59칼로리  발효곤약라면 매코미/고소미 2종,국/탕/찌개/면,44,733100,1,3,4,3,Steady Sellers
[빨간키트떡볶이] 만들기쉬운 황금레시피 떡볶이 밀키트 2-3인분 2개,과자/간식/안주,135,1847760,2,2,5,4,Declining Stars (At Risk)
[빵굽는오남매] 41년 군산 명물 속편한 흰찰쌀보리 빵,유제품/베이커리/떡,2042,28390960,0,5,5,5,Star Performers
[빼미떡볶이] 국산재료로 만든 빼미 떡볶이,밥/반찬/요리,149,1276200,1,3,5,4,Steady Sellers
[빼미떡볶이] 깔끔한 맛이 일품 빼미 꼬치어묵 세트,밥/반찬/요리,51,646700,1,3,4,3,Steady Sellers
[뽕의도리] 소문난 뽕잎 편육,밥/반찬/요리,529,8291500,0,5,5,5,Star Performers
[사또건어물] 고소한 홍진미/백진미 200g,수산/건어물/김,79,483600,0,5,4,2,Needs Review
[사또건어물] 말랑말랑 건조 오징어 장족,수산/건어물/김,74,1048200,0,5,4,3,Steady Sellers
[사또건어물] 술을 부르는 마른안주 8종,수산/건어물/김,922,3589100,1,3,5,5,Steady Sellers
[사또건어물] 술을 부르는 마른안주 9종,수산/건어물/김,137,515200,0,5,5,2,Needs Review
[사또건어물] 오동통 쫄깃한 자숙 오징어 통족,수산/건어물/김,67,615500,0,5,4,3,Steady Sellers
[사부타일랜드] 자연유래 버블 배스밤 거품 입욕제,욕실/세정/위생용품,31,337900,0,5,3,2,Needs Review
[사옹원] 고소한 매콤 오징어/고추 튀김,밥/반찬/요리,213,1254200,0,5,5,4,Star Performers
[사옹원] 한입 아삭김치전/땡초부추전,밥/반찬/요리,1057,4111300,0,5,5,5,Star Performers
[사천왕] 사천식 마라(탕/훠궈/샹궈) 컵라면 3종 택1,국/탕/찌개/면,160,1425200,2,2,5,4,Declining Stars (At Risk)
[산골나라] 영양 꿀부사 & 청기 게르마늄 배 12과 선물세트,Unknown,24,1176000,2,2,3,4,Steady Sellers
[산들푸드] 가성비 최고 용궁 떡볶이 6종,Unknown,206,973620,2,2,5,3,Steady Sellers
[산들해] 괴산 산지직송 대학 찰옥수수,농축산/과일/계란,51,1379600,2,2,4,4,Declining Stars (At Risk)
[산들해] 동물복지 무항생제 깨시민란 30구,농축산/과일/계란,22,396000,1,3,3,2,Needs Review
[산들해] 목포 산지직송 반건조 민어,수산/건어물/김,98,3790500,2,2,4,5,Declining Stars (At Risk)
[산들해] 목포 산지직송 생물 먹갈치 1kg 내외,식품,38,1444000,2,2,3,4,Steady Sellers
[산들해] 목포 산지직송 초코색 생물오징어 1kg,식품,20,530100,2,2,3,2,Needs Review
[산들해] 반건조 농어 선물세트,식품,11,548900,2,2,2,3,Needs Review
[산들해] 반건조 민어 선물세트,식품,17,734400,2,2,2,3,Needs Review
[산들해] 반건조 병어 선물세트,식품,1,49900,2,2,1,1,Dormant / Long-tail
[산들해] 반건조 생선 4종 선물세트,식품,6,394500,2,2,1,2,Dormant / Long-tail
[산들해] 반건조 참돔 선물세트,식품,26,1193400,2,2,3,4,Steady Sellers
[산들해] 상위 1% 프리미엄 동물복지1등급란 40구,농축산/과일/계란,73,2016000,2,2,4,4,Declining Stars (At Risk)
[산들해] 영광 법성포 굴비 선물세트,식품,41,3075000,2,2,4,5,Declining Stars (At Risk)
[산들해] 정성껏 키운 김제 두레마을 신동진 쌀,농축산/과일/계란,70,2253300,2,2,4,4,Declining Stars (At Risk)
[산들해] 포항 명물 개복치 수육 500g/1kg,수산/건어물/김,15,574000,2,2,2,3,Needs Review
[산들해] 포항 산지직송 반건조 도루묵 1kg,수산/건어물/김,10,139300,2,2,2,1,Dormant / Long-tail
[산들해] 프리미엄 최상품 성주 꿀 참외,농축산/과일/계란,17,502300,2,2,2,2,Dormant / Long-tail
[산들해] 해남 황금 호박꿀고구마,농축산/과일/계란,162,3472200,1,3,5,5,Steady Sellers
[산삼진99] 하루 한병의 기적 야생 산양삼 추출액 99% 1+1,건강식품,101,59400000,2,2,4,5,Declining Stars (At Risk)
[살림을부탁해] 세균과 냄새를 싹싹 천연성분 발포클리너,욕실/세정/위생용품,16,421400,2,2,2,2,Dormant / Long-tail
[살림을부탁해] 액체세탁세제&섬유유연제,욕실/세정/위생용품,163,5024400,1,3,5,5,Steady Sellers
[삼광] 찐한 콩을 그대로 담은 진짜 찐두유,음료/차,362,13362130,0,5,5,5,Star Performers
[삼다오메기] 건강하고 맛있는 제주 오메기떡 4종세트,유제품/베이커리/떡,55,1491000,2,2,4,4,Declining Stars (At Risk)
[삼보] <발명특허> 오디 죽염 청국장 200g,잼/오일/조미/장,6,40500,2,2,1,1,Dormant / Long-tail
"[삼보] 무형문화재 죽염,간장,된장,청국장 선물세트 모음전",잼/오일/조미/장,58,1594600,2,2,4,4,Declining Stars (At Risk)
[삼보] 생으로도 먹는 정깊은 죽염 생청국장 200g,잼/오일/조미/장,26,191000,2,2,3,1,Needs Review
[삼보] 전북 부안 국내산 특허 바이오 죽염간장,잼/오일/조미/장,36,460500,2,2,3,2,Needs Review
[삼보] 전북 부안 국내산 특허 바이오 죽염된장,잼/오일/조미/장,18,741500,2,2,3,3,Steady Sellers
[삼보] 전북 부안 무형문화재 제 23호 죽염 3종,잼/오일/조미/장,72,1013000,1,3,4,3,Steady Sellers
[삼일정육식당] 광주 곤지암 한우 소머리국밥 600g,국/탕/찌개/면,69,2070800,0,5,4,4,Star Performers
[삼정바이오] 예쁘면서 맛있게 멜팅컷티,뷰티/다이어트,14,1302300,1,3,2,4,Needs Review
[상아제약] 6년근 상아녹용홍삼정 선물세트,건강,1,73800,1,3,1,1,Needs Review
[상아제약] 고려천수 공진보대환 선물세트,건강,4,528000,1,3,1,2,Needs Review
[상아제약] 관절엔 상아마디마디 MSM 프리미엄(3개월),건강,20,933800,0,5,3,3,Steady Sellers
[상아제약] 로얄 프로폴리스 108g(1200mg*90정),건강식품,10,108000,0,5,2,1,New / Niche SKUs
[상아제약] 상아 올데이 365 유산균,건강식품,61,597800,0,5,4,3,Steady Sellers
[상아제약] 상아데일리 멀티비타민 42g(700mg*60정),건강식품,14,214800,0,5,2,2,New / Niche SKUs
[상아제약] 상아데일리 비타민D 42g(700mg),건강식품,6,102000,0,5,1,1,New / Niche SKUs
[상아제약] 생기충전 상아공진보 선물세트,건강,4,1319600,1,3,1,4,Needs Review
[상아제약] 케어플러스+100억 유산균 15g(500mg*30캡슐),건강식품,46,756200,0,5,4,3,Steady Sellers
[상아제약] 케어플러스+멀티비타민 42g(700mg*60정),건강식품,57,444600,0,5,4,2,Needs Review
[상아제약] 케어플러스+비타민B 컴플렉스 21g(700mg*30정),건강식품,32,316800,0,5,3,2,Needs Review
[상주곶감] 자연이 말린 상주곶감 선물세트,식품,28,1621200,0,5,3,4,Steady Sellers
[새벽랜치] 고소한 대패 삼겹살,농축산/과일/계란,9,137300,1,3,2,1,Needs Review
[새벽집] 강남 명가 무뼈 갈비탕&쇠고기얼큰국밥 세트,국/탕/찌개/면,117,5451200,1,3,5,5,Steady Sellers
[새움푸드] 수제 삼색 야채감자샐러드,밥/반찬/요리,60,1174100,2,2,4,4,Declining Stars (At Risk)
[생각의길] 너무 재밌어서 잠 못 드는 해적의 세계사,도서,2,31600,0,5,1,1,New / Niche SKUs
[생각의길] 어떻게 살 것인가,도서,17,255000,0,5,2,2,New / Niche SKUs
[생각의길] 유시민의 글쓰기 특강,도서,65,960000,0,5,4,3,Steady Sellers
[생귤탱귤] 과일의 제왕 태국 남독마이 망고,Unknown,68,3712900,2,2,4,5,Declining Stars (At Risk)
"[생귤탱귤] 당도와 감칠맛이 풍부한 제주 하우스 감귤 (3kg ,5kg)",Unknown,64,3197500,2,2,4,5,Declining Stars (At Risk)
"[생귤탱귤] 봄의 여왕, 제주 카라향",Unknown,134,7236000,2,2,5,5,Declining Stars (At Risk)
[생귤탱귤] 제주!하면 한라봉,Unknown,92,3007000,2,2,4,5,Declining Stars (At Risk)
[생귤탱귤] 천리를 가는 향기를 담은 제주 햇 천혜향,Unknown,281,11079000,2,2,5,5,Declining Stars (At Risk)
[생귤탱귤] 청정지역 제주 서귀포 레드향,Unknown,234,11627100,2,2,5,5,Declining Stars (At Risk)
[생귤탱귤] 풍부한 과육! 제주 프리미엄 과일 황금향,Unknown,49,2766000,2,2,4,4,Declining Stars (At Risk)
[생선생] 에어프라이어 가능! 새우통살 멘보샤 12개입,과자/간식/안주,49,504700,2,2,4,2,Needs Review
"[생잎제약] 천연성분 미백 인생치약, 오드알래스카 1955치약",욕실/세정/위생용품,211,8757600,1,3,5,5,Steady Sellers
[생활덕후] 깔끄미 신발 클리너 티슈,욕실/세정/위생용품,40,584600,1,3,4,3,Steady Sellers
[생활살균연구소] 다용도 곰팡이 제거 겸용 청소세제,욕실/세정/위생용품,30,625000,1,3,3,3,Steady Sellers
[샤브하루] 기본/매운/마라 샤브샤브 밀키트,국/탕/찌개/면,37,793500,1,3,3,3,Steady Sellers
[샤브하루] 맛있게 매운 불 칼국수 670g,국/탕/찌개/면,16,572800,1,3,2,3,Needs Review
[샤인룩] 최고급 프리미엄 극세사 김서림방지 안경닦이,생활용품/차량용품/마스크,630,8922000,0,5,5,5,Star Performers
[서바나도나쓰] 겉은바삭! 속은 촉촉~ 냉동 츄러스 14개입,과자/간식/안주,49,829600,2,2,4,3,Steady Sellers
[서울우유] 리얼 프리미엄 우유 아이스크림,유제품/베이커리/떡,30,1124800,2,2,3,3,Steady Sellers
[서일농원] 서금례 명인의 프리미엄 청국장 3종 선물세트,잼/오일/조미/장,1,69000,1,3,1,1,Needs Review
[서초김] 곱창김100% 도시락김/전장김,수산/건어물/김,4,90800,1,3,1,1,Needs Review
[서해문집] 거의 모든 전쟁의 역사,도서,2,39000,0,5,1,1,New / Niche SKUs
[선미농산] 향긋한 청도 미나리 삼겹살,농축산/과일/계란,9,181200,1,3,2,1,Needs Review
[설가츠] 촉촉한 무항생제 치킨 안심가츠,밥/반찬/요리,6,126000,1,3,1,1,Needs Review
[설고당] 부드러운 생크림을 더한 촉촉한 풍미의 쌀 카스테라,유제품/베이커리/떡,150,1011000,0,5,5,3,Steady Sellers
[설빙] 리얼 생과일 저칼로리 망고스틱,과자/간식/안주,68,2274500,1,3,4,4,Steady Sellers
[설성목장] 신선한 무항생제 한우 육개장,국/탕/찌개/면,25,300000,1,3,3,2,Needs Review
[설성목장] 알찬 식감의 한우 미니 메밀전병,과자/간식/안주,19,262500,1,3,3,2,Needs Review
[설성목장] 콰트로치즈 치킨/한우불고기 부리또,과자/간식/안주,35,1249500,1,3,3,4,Steady Sellers
[설성목장] 풍미 돋는 한우 짜장면 2인분,국/탕/찌개/면,61,795000,1,3,4,3,Steady Sellers
[설잠수] 실키 프로바이오틱스 100억 유산균,건강,390,22042800,0,5,5,5,Star Performers
[성수노루] 핫플레이스 맛집 한우 곱창전골,국/탕/찌개/면,77,1725700,1,3,4,4,Steady Sellers
[성일농장] (마지막 김장찬스!) 전남 해남 황금 절임배추 20kg,김치/젓갈,9,477000,3,1,2,2,Dormant / Long-tail
[성일농장] 마지막 김장찬스! 전남 해남 황금 절임배추 20kg,김치/젓갈,14,742000,3,1,2,3,Needs Review
[세인] 모짜렐라 자연치즈 구워먹는 치즈 250g,과자/간식/안주,222,1443000,0,5,5,4,Star Performers
[셀시어스 amazon 판매1위] 비타민 에너지 피트니스 드링크 셀시어스,음료/차,4,336000,2,2,1,2,Dormant / Long-tail
[셀핀다] 4+1 고순도 프리미엄 발효가바 100% 1500mg,건강,145,47610000,3,1,5,5,Declining Stars (At Risk)
[셀핀다] 4+1 고순도 프리미엄 발효가바 100% 1500mg (가바꿀O 증정EVENT),건강,233,77625000,2,2,5,5,Declining Stars (At Risk)
[셀핀다] 4+1 고순도 프리미엄 발효가바 100% 750mg,건강,319,60450000,2,2,5,5,Declining Stars (At Risk)
[셀핀다] 가바꿀O 1box 30포,건강,31,1652000,2,2,3,4,Steady Sellers
[셀핀다] 가바꿀O 1box 30포 (타임특가),건강,8,472000,2,2,2,2,Dormant / Long-tail
[셀핀다] 가바꿀O+가바 750mg 묶음,건강,55,5194000,2,2,4,5,Declining Stars (At Risk)
[셀핀다] 고순도 프리미엄 발효가바 100% 1500mg,건강,3981,366298000,0,5,5,5,Star Performers
[셀핀다] 고순도 프리미엄 발효가바 100% 1500mg (타임특가),건강식품,53,3481200,2,2,4,5,Declining Stars (At Risk)
[셀핀다] 고순도 프리미엄 발효가바 100% 1500mg 3개세트,건강,74,13455000,2,2,4,5,Declining Stars (At Risk)
[셀핀다] 고순도 프리미엄 발효가바 100% 1500mg [계좌이체전용],건강,10,690000,2,2,2,3,Needs Review
[셀핀다] 고순도 프리미엄 발효가바 100% 1500mg x 4 [계좌이체전용],건강,1,276000,2,2,1,2,Dormant / Long-tail
[셀핀다] 고순도 프리미엄 발효가바 100% 750mg,건강,1237,61779000,0,5,5,5,Star Performers
[셀핀다] 고순도 프리미엄 발효가바 100% 750mg (타임특가),건강식품,35,1365000,2,2,3,4,Steady Sellers
[셀핀다] 고순도 프리미엄 발효가바 100% 750mg 3개세트,건강식품,103,11934000,2,2,4,5,Declining Stars (At Risk)
[셀핀다] 고순도 프리미엄 발효가바 100% 750mg 3개이상 20% [계좌이체전용],건강식품,4,156000,2,2,1,1,Dormant / Long-tail
[셀핀다] 고순도 프리미엄 발효가바 100% 750mg [계좌이체전용],건강식품,31,1209000,2,2,3,4,Steady Sellers
[셀핀다] 고순도 프리미엄 발효가바 100% 750mg+1500mg,건강식품,111,11880000,2,2,5,5,Declining Stars (At Risk)
[셀핀다] 고순도 프리미엄 발효가바 가바750/1500/가바꿀O 2+1,건강,731,109830000,3,1,5,5,Declining Stars (At Risk)
[셀핀다] 고순도 프리미엄 발효가바 가바750/1500/가바꿀O [계좌이체전용],건강,10,1608000,2,2,2,4,Needs Review
[셀핀다] 숙취해소제 스테이 STEI 1box 10포,건강,15,480000,1,3,2,2,Needs Review
[션리] 유브이 컷 선패치 내추럴,패션/잡화,3,132200,1,3,1,1,Needs Review
[소담한밥상] 국내산 한우 사골곰탕,국/탕/찌개/면,71,1489200,0,5,4,4,Star Performers
[소담한밥상] 한우우족탕 700g 3팩+한우곰탕 700g 2팩,국/탕/찌개/면,75,2146000,2,2,4,4,Declining Stars (At Risk)
[소르바스] 스페인직수입 포도씨유 해바라기유 선물세트,잼/오일/조미/장,28,1125000,1,3,3,3,Steady Sellers
[소싱] 품위있는 웜베이지 히팅패드,계절가전/계절용품,5,239200,2,2,1,2,Dormant / Long-tail
[솔라] 자외선 UV 차단 패치 플러스형 16회분,뷰티/다이어트,15,392000,0,5,2,2,New / Niche SKUs
[솔바로] 자가맞춤형 코골이방지 의료기기 스노락 세트,건강용품,3,594000,0,5,1,3,Needs Review
[수라굴비] 영광굴비 명절오가/고추장굴비 선물용 선물세트 (선택),수산/건어물/김,8,1159850,2,2,2,4,Needs Review
[수박상회] 리얼 100% 수박칩,과자/간식/안주,20,1168500,1,3,3,4,Steady Sellers
[수준당] 청주 명물 빵연구소 수준당 수제빵,유제품/베이커리/떡,98,3102000,0,5,4,5,Star Performers
[수화연] 혼자서도 쉽게 이지칼라 초간편 새치 염색약,Unknown,26,833500,2,2,3,3,Steady Sellers
[순미네] 대구 반고개 오징어 무침회,식품,25,783000,0,5,3,3,Steady Sellers
[순창 고익마] 장건강에 좋은 청국장 스낵 청순바이츠,과자/간식/안주,45,365500,1,3,4,2,Needs Review
[숲속청계농장] 황태를 먹인 자연방목 청란 청계란,농축산/과일/계란,60,2052000,0,5,4,4,Star Performers
[쉐입쉐입] 빅사이즈 베타티타늄 라운드 안경,패션/잡화,1,0,1,3,1,1,Needs Review
[쉐입쉐입] 아세테이트 뿔테 선글라스 3컬러,패션/잡화,2,256000,2,2,1,2,Dormant / Long-tail
[쉐입쉐입] 아세테이트 뿔테안경,패션/잡화,1,128000,2,2,1,1,Dormant / Long-tail
[쉐입쉐입] 아세테이트 오버사이즈 뿔테 선글라스 4컬러,패션/잡화,3,256000,1,3,1,2,Needs Review
[쉬젤] 엘레강스 나이프 세트,조리도구,17,426000,0,5,2,2,New / Niche SKUs
[쉬젤] 엘레강스 키친툴 7종 세트,조리도구,5,145000,0,5,1,1,New / Niche SKUs
[쉬젤] 엘레강스 통원목 도마&나이프 세트,조리도구,6,290000,0,5,1,2,New / Niche SKUs
[쉬젤] 웰빙쿠커 인덕션 겸용 스테인리스 찜기,냄비/팬/솥,472,34993000,0,5,5,5,Star Performers
[슁켄하우스] 건강한 무항생제 제주돼지로 만든 소시지 육포 모음,농축산/과일/계란,38,577000,2,2,3,3,Steady Sellers
[슁켄하우스] 건강한 무항생제 제주돼지로 만든 소시지 육포세트,농축산/과일/계란,22,88000,2,2,3,1,Needs Review
[슈맥스] 리모콘 스탠드 15엽 날개 팬큘레이터 선풍기,Unknown,7,450000,1,3,2,2,Needs Review
[슈미트] 인체공학적 디자인 무선 목어깨 안마기,건강용품,8,1813000,0,5,2,4,Needs Review
[슈블리] 몽글몽글 기분좋은 몽그리슬리퍼,패션/잡화,29,672000,2,2,3,3,Steady Sellers
[슈엘로] 100%국내산 원료 + 화학첨가물 ZERO 작두콩 호박팥 차,음료/차,18,659900,1,3,3,3,Steady Sellers
[슈엘로] 볼케이노 VC바디 슬리밍 탄력크림,뷰티/다이어트,8,693000,1,3,2,3,Needs Review
[슈프림캔디] 기름타파 사과맛 다이어트 캔디,뷰티/다이어트,26,3354000,2,2,3,5,Steady Sellers
[스마트바이오] 스마트 락토페린 모로오렌지,건강식품,19,356400,1,3,3,2,Needs Review
[스마트바이오] 오늘의 건강 콘드로이친 스트롱,건강식품,5,74400,1,3,1,1,Needs Review
[스빈또] 수세미와 세제가 하나로! 스웨덴 올인원 수세미,주방잡화/용품,25,504400,2,2,3,2,Needs Review
[스위스밀리터리] 110P 가정용 공구세트,생활용품/차량용품/마스크,7,510000,2,2,2,2,Dormant / Long-tail
[스위스밀리터리] 360˚ 프레시 타워 공기청정기,생활가전,8,1610000,2,2,2,4,Needs Review
[스위스밀리터리] 강력한 흡입력 아이봇 로봇청소기,생활가전,17,5600000,1,3,2,5,Needs Review
[스위스밀리터리] 뜨끈뜨끈한 PTC 발히터,계절가전/계절용품,19,1026000,2,2,3,3,Steady Sellers
[스위스밀리터리] 무선 전기면도기 메탈 쉐이버 M,욕실/세정/위생용품,23,913400,1,3,3,3,Steady Sellers
[스위스밀리터리] 블루투스 스피커형 무선 눈 마사지기,건강용품,24,2640000,1,3,3,4,Steady Sellers
[스위스밀리터리] 살균 탈취 방역 나노미스트 스프레이건,욕실/세정/위생용품,6,240000,2,2,1,2,Dormant / Long-tail
[스위스밀리터리] 펠릭스 충전식 전기 면도기,욕실/세정/위생용품,50,4500000,2,2,4,5,Declining Stars (At Risk)
[스위스밀리터리] 피로를 날려버리는 간편한 접이식 족욕기,생활가전,6,320000,1,3,1,2,Needs Review
[스칸디] 북유럽 스타일 IH 냄비 2종 세트,냄비/팬/솥,9,796600,1,3,2,3,Needs Review
[스키너리즘] 남자의인생 올인원 클렌저 300ml,뷰티/다이어트,104,2600000,0,5,4,4,Star Performers
[스키너리즘] 피지 팝 매직 버블 클렌저,뷰티/다이어트,11,396000,0,5,2,2,New / Niche SKUs
[스타스위트] 천연설탕에 몸을 맡기다. 스테비아 방울토마토,농축산/과일/계란,110,2192700,2,2,5,4,Declining Stars (At Risk)
[스타일리스] 어디서든 시원하게 미니 아이스쿨러 무선 냉풍기,계절가전/계절용품,13,828000,2,2,2,3,Needs Review
[스타일리스] 활용도가 높은 키다리 접이식 무선 선풍기,계절가전/계절용품,11,621000,2,2,2,3,Needs Review
[스트라틱] LEATHERMORE 레더앤모어 20/25/29인치 캐리어,패션/잡화,3,1275400,2,2,1,4,Needs Review
[스트라틱] LUCID 루시드 20/24/28인치 캐리어,패션/잡화,1,0,2,2,1,1,Dormant / Long-tail
[스트라틱] PASTEL 파스텔 20/24인치 캐리어,패션/잡화,3,672600,2,2,1,3,Needs Review
[스파클] 천연 미네랄이 풍부한 무라벨 생수,음료/차,249,1974300,0,5,5,4,Star Performers
[스페이스랙] 공간효율200% 멀티선반 (2color),가구/인테리어,36,1458800,1,3,3,4,Steady Sellers
[슬립앤슬립] 순수 오가닉 바디베개,생활,96,9108000,0,5,4,5,Star Performers
[시나앤소모] 초경량 베타티타늄 프리미엄 안경테,패션/잡화,3,414000,2,2,1,2,Dormant / Long-tail
[신기한방] 지긋지긋한 초파리 잘가 bye,생활용품/차량용품/마스크,114,1803700,0,5,5,4,Star Performers
[신안] 신선한 국내산 급냉새우 1kg,수산/건어물/김,25,621600,2,2,3,3,Steady Sellers
[신일] 리모컨 무선 BLDC 폴딩 DC팬 선풍기,Unknown,2,388000,1,3,1,2,Needs Review
[신키네도] 수제 슈퍼스타 롤케이크 3종,유제품/베이커리/떡,57,1387000,2,2,4,4,Declining Stars (At Risk)
[신키네도] 수제 슈퍼스타 롤케이크 5종,유제품/베이커리/떡,227,2850360,0,5,5,5,Star Performers
[신화인터글로벌] 맛과 재미를 더하다 폭풍 닭볶이 2인분,밥/반찬/요리,48,580500,0,5,4,3,Steady Sellers
[실버라이닝] 배게커버,생활용품/차량용품/마스크,7,45000,2,2,2,1,Dormant / Long-tail
[실버라이닝] 웨이브 항균 페이스 타월,생활용품/차량용품/마스크,19,1013120,2,2,3,3,Steady Sellers
[실버라이닝] 웨이브 항균 핸드타월 5P,생활용품/차량용품/마스크,3,80000,3,1,1,1,Dormant / Long-tail
[실버라이닝] 친환경 비건경추배게,생활용품/차량용품/마스크,4,193400,2,2,1,2,Dormant / Long-tail
[실버라이닝] 항균 발매트,생활용품/차량용품/마스크,17,253700,2,2,3,2,Needs Review
[심플라이프] 유연사 30수 코튼 호텔수건 엔켈타월 5개입,생활,40,1501000,1,3,4,4,Steady Sellers
[싱싱푸드] 진미채를 그대로 튀긴 오징어튀김,과자/간식/안주,33,1179600,1,3,3,4,Steady Sellers
[쌤소나이트] BAIRD 백팩 블랙,패션/잡화,2,356000,2,2,1,2,Dormant / Long-tail
[쌤소나이트] BELLECA 여성백팩 블랙,패션/잡화,1,280000,2,2,1,2,Dormant / Long-tail
[쌤소나이트] MORGAN 벨트 블랙,패션/잡화,2,190000,2,2,1,1,Dormant / Long-tail
[쌤소나이트] MORGAN 중지갑  블랙,패션/잡화,1,99000,2,2,1,1,Dormant / Long-tail
[쌤소나이트] NEUMONT4 백팩 블랙,패션/잡화,1,333800,2,2,1,2,Dormant / Long-tail
[쌤소나이트] OCTOECO 캐리어 20/25인치,패션/잡화,3,834000,2,2,1,3,Needs Review
[쌤소나이트] POCHARAA 블랙 백팩,패션/잡화,1,178000,2,2,1,1,Dormant / Long-tail
[쌤소나이트] POPSODA  화물용 캐리어 다크블루,패션/잡화,1,248800,2,2,1,2,Dormant / Long-tail
[쌤소나이트] POPSODA 보스턴백 블랙,패션/잡화,2,276000,2,2,1,2,Dormant / Long-tail
[쌤소나이트] POPSODA 화물용 캐리어 블랙,패션/잡화,1,368000,2,2,1,2,Dormant / Long-tail
[쌤소나이트] STARFIRE 캐리어 블랙/블루,패션/잡화,1,358000,2,2,1,2,Dormant / Long-tail
[쌤소나이트] 레드 ELIUN 백팩,패션/잡화,1,138000,2,2,1,1,Dormant / Long-tail
[썬키스트] 고당도 프리미엄 블랙라벨 오렌지,식품,60,2472700,0,5,4,4,Star Performers
[썬키스트] 상큼함 폭발! 비타민 팬시 레몬,농축산/과일/계란,5,92400,1,3,1,1,Needs Review
[쎄븐업플러스] 송가인 7년산 철갑상어 캐비어 건강즙 진액,건강,48,24346000,0,5,4,5,Star Performers
[쓰리세컨즈] 안전한 거품 매직가글 고체형 4종,욕실/세정/위생용품,86,232200,1,3,4,2,Needs Review
[씨가드] 의사가 만든 3중구조 배게 닥터필로,생활,487,54079500,1,3,5,5,Steady Sellers
[씨가드] 의사가 만든 3중구조 베개 닥터필로,건강,75,7929000,0,5,4,5,Star Performers
[씨가드] 의사가 만든 바른자세와 편안함 씨가드 휴대용 목베개,생활,16,1237000,0,5,2,4,Needs Review
[씨가드] 의사가 만든 세로골 트랜스폼 다리베개,생활용품/차량용품/마스크,28,3140000,0,5,3,5,Steady Sellers
[씨가드] 의사가 만든 허리쿠션 룸바&드라이빙 허리쿠션 룸바S,생활,54,3108000,0,5,4,5,Star Performers
[씨스팡] 가르시니아 늘비움 다이어트,뷰티/다이어트,28,3019600,0,5,3,5,Steady Sellers
[씨스팡] 남성 건강을 위한 멀티맨케어,건강식품,100,4563000,0,5,4,5,Star Performers
[씨엔본스] 2023년 국내산 통영 생굴 겉절이,김치/젓갈,138,3183700,1,3,5,5,Steady Sellers
[씨엔본스] 2023년 당일손질 통영 양념멍게무침,김치/젓갈,163,3289600,1,3,5,5,Steady Sellers
[씨엔본스] 두툼한 포항 구룡포 반건조 오징어 5미,수산/건어물/김,34,680000,1,3,3,3,Steady Sellers
[씨엔본스] 바다향이 가득한 통영 멍게 양념무침,수산/건어물/김,55,1155000,2,2,4,4,Declining Stars (At Risk)
[씨즐] 구룡포 햇 과메기 야채세트,수산/건어물/김,528,15308000,1,3,5,5,Steady Sellers
[씨즐] 깔끔하고 시원한 복지리탕 밀키트 4인분,국/탕/찌개/면,625,19123400,1,3,5,5,Steady Sellers
[씨즐] 매콤 마약쭈꾸미 볶음과 알밥 밀키트,밥/반찬/요리,265,5631700,1,3,5,5,Steady Sellers
[씨즐] 살이 통통한 동태가 한가득! 넉넉한 포항 동태탕,국/탕/찌개/면,337,7226900,1,3,5,5,Steady Sellers
[씨즐] 새콤달콤 신선한 포항 활어 물회 / 특물회,수산/건어물/김,2496,37346500,1,3,5,5,Steady Sellers
[씨즐] 신선한 해물가득 포항 씨즐 해물탕,국/탕/찌개/면,265,7352200,1,3,5,5,Steady Sellers
[씨즐] 자연산 쫀득쫀득 대방어회 300g,국/탕/찌개/면,91,3910000,2,2,4,5,Declining Stars (At Risk)
[씨즐] 자연산 쫀득쫀득 대방어회 300g 2차,수산/건어물/김,75,3404000,1,3,4,5,Steady Sellers
"[씨즐] 쫄깃하게 담백한 문어 갑오징어,소라,모듬숙회 세트",국/탕/찌개/면,62,1818000,2,2,4,4,Declining Stars (At Risk)
[씨즐] 포항로컬 맛집 오삼불고기 밀키트(3~4인분),밥/반찬/요리,184,4693400,1,3,5,5,Steady Sellers
[씨즐] 푸짐한 대왕 쭈꾸미해물찜 밀키트,수산/건어물/김,28,1344000,2,2,3,4,Steady Sellers
[씨즐] 프리미엄 차돌박이 전복 관자 삼합구이 밀키트,밥/반찬/요리,10,620000,1,3,2,3,Needs Review
[씨티케이] 손이 자유로운 목걸이형 선풍기 X-8,Unknown,6,216000,2,2,1,2,Dormant / Long-tail
[아라새우] 프리미엄 무항생제 흰다리생새우,수산/건어물/김,34,1967000,1,3,3,4,Steady Sellers
[아라통상] 동해안 울진 자숙 홍게,수산/건어물/김,231,11024700,2,2,5,5,Declining Stars (At Risk)
[아라통상] 한우 꼬리반골 프리미엄 선물세트 3kg,농축산/과일/계란,20,1060000,1,3,3,3,Steady Sellers
[아라푸드] 국내산 해초샐러드 7종 모듬해초,Unknown,37,666000,1,3,3,3,Steady Sellers
[아라홈] 세균No 도톰한 일회용 수세미,주방잡화/용품,53,1293200,0,5,4,4,Star Performers
[아렌시아] 두피& 피부용 크렘바 올인원바,욕실/세정/위생용품,2,39000,0,5,1,1,New / Niche SKUs
[아렌시아] 솔리드 프라그랑스 고체 방향제 3종,생활용품/차량용품/마스크,6,95000,1,3,1,1,Needs Review
[아렌시아] 프리미엄 더 새틴 윈터그린잎 린스바,욕실/세정/위생용품,3,32700,1,3,1,1,Needs Review
[아렌시아] 프리미엄 두피& 피부용 벨루어바 올인원바,욕실/세정/위생용품,4,54000,0,5,1,1,New / Niche SKUs
[아렌시아] 프리미엄 보라보라 드림 라벤더 샴푸바,욕실/세정/위생용품,4,43600,1,3,1,1,Needs Review
[아렌시아] 프리미엄 친환경 1종 안심 주방 세제 3종,주방잡화/용품,14,152600,0,5,2,1,New / Niche SKUs
[아리아나] 신이 내린 과일 석류 진액,건강,568,39666400,0,5,5,5,Star Performers
[아리올리] 이탈리아 트러플 오일 250ml,잼/오일/조미/장,8,158400,3,1,2,1,Dormant / Long-tail
[아리올리] 이탈리아 트러플오일 250ml,잼/오일/조미/장,4,79200,2,2,1,1,Dormant / Long-tail
[아메리칸 투어리스터]  ZAGATO 화물용 블랙/실버,패션/잡화,1,189000,2,2,1,1,Dormant / Long-tail
[아메리칸 투어리스트] BONAIR 캐리어&커버&파우치 3종,패션/잡화,1,147000,2,2,1,1,Dormant / Long-tail
[아모제] 겉바속촉 땅콩/고구마 맛탕,과자/간식/안주,23,610000,1,3,3,3,Steady Sellers
[아빠식당] 오징어 한판이 예술이 된다! 타짜 오징어볶음,밥/반찬/요리,18,160200,2,2,3,1,Needs Review
[아시아출판] 인간 이재명,도서,244,3976500,0,5,5,5,Star Performers
[아이더테크] 노러스 한지 필터 마스크 100매,생활용품/차량용품/마스크,54,1579400,1,3,4,4,Steady Sellers
[아이더테크] 다이어트엔 쾌변 플러스 10포,뷰티/다이어트,1785,74088000,0,5,5,5,Star Performers
[아이더테크] 마린 콜라겐 100초 샴푸 세트,욕실/세정/위생용품,21,1255800,1,3,3,4,Steady Sellers
[아이더테크] 올인원 마이크로 버블 비누,욕실/세정/위생용품,28,1260000,0,5,3,4,Steady Sellers
[아이더테크] 체감 온도를 낮추는 미니 COOL-쿨매트 1+1,계절가전/계절용품,98,8402400,1,3,4,5,Steady Sellers
[아이더테크] 환경부가 인정한 살균광택제 이지샤인,생활용품/차량용품/마스크,4,60000,1,3,1,1,Needs Review
[아이랩] 리모컨 3D입체 공기순환 서큘레이터 선풍기,Unknown,2,90000,1,3,1,1,Needs Review
[아이리스] 알레 오드퍼퓸 롤온 향수 7종,뷰티/다이어트,190,741000,2,2,5,3,Steady Sellers
[아이앤어스] New 3챔버 캡슐세제 50개입,욕실/세정/위생용품,5,172000,1,3,1,1,Needs Review
[아이프리] FX-714/FX-814 충전식 보풀제거기,생활용품/차량용품/마스크,27,740700,1,3,3,3,Steady Sellers
[아이프리] PTC 가정용 미니 온풍기 2,계절가전/계절용품,7,693000,1,3,2,3,Needs Review
[아이프리] PTC 저소음 미니온풍기,계절가전/계절용품,106,7170000,0,5,4,5,Star Performers
[아이프리] 가볍지만 강력한 레가토 다리미,생활가전,28,2673000,0,5,3,4,Steady Sellers
[아이프리] 감성과 해충 두 가지를 모두 잡는 모기퇴치 훈증기,계절가전/계절용품,36,1136400,1,3,3,3,Steady Sellers
[아이프리] 댕냥이 애착쿠션 바디필로우,생활용품/차량용품/마스크,29,622500,1,3,3,3,Steady Sellers
[아이프리] 롤린 규조토 발매트 M/L,가구/인테리어,92,1174800,2,2,4,4,Declining Stars (At Risk)
[아이프리] 메르넬 브라이트 핑크 톤업 선크림 SPF50+ PA++++,계절가전/계절용품,42,781800,2,2,4,3,Steady Sellers
[아이프리] 모던 규조토 발매트/욕실매트,욕실/세정/위생용품,229,3931600,0,5,5,5,Star Performers
[아이프리] 모자 스팀 살균 건조 스타일러 캡스타일리쉬,생활,13,1788000,1,3,2,4,Needs Review
[아이프리] 봄맞이 초강력 보풀제거기 2종 택1,생활가전,21,667800,2,2,3,3,Steady Sellers
[아이프리] 새부리형 V핏 굿필링 KF-AD 마스크,생활용품/차량용품/마스크,116,2719800,0,5,5,4,Star Performers
[아이프리] 소싱 포레스트 선풍기 시즌1,계절가전/계절용품,13,387400,1,3,2,2,Needs Review
[아이프리] 시어서커 여름 홑이불/베개/패드 세트,계절가전/계절용품,48,2000000,0,5,4,4,Star Performers
[아이프리] 시어서커 여름 홑이불/베개/패드 세트 모음전,계절가전/계절용품,109,6511000,2,2,5,5,Declining Stars (At Risk)
[아이프리] 식약처 정식승인 굿필링 KF-94 마스크,생활용품/차량용품/마스크,610,13979900,0,5,5,5,Star Performers
[아이프리] 에탄올 62% 더 클린 손 소독 티슈,욕실/세정/위생용품,107,592300,0,5,5,3,Steady Sellers
[아이프리] 유앤아이 규조토 발매트,가구/인테리어,310,4694400,2,2,5,5,Declining Stars (At Risk)
[아이프리] 이제부터 냄새 걱정은 끝 신발 살균 건조기,생활가전,24,1407000,0,5,3,4,Steady Sellers
[아이프리] 자외선 차단과 쿨링효과 골프패치 5회분,뷰티/다이어트,25,475000,0,5,3,2,Needs Review
"[아이프리] 프리미엄 양면 겨울 차렵이불세트 (SS,Q)",계절가전/계절용품,32,3949000,0,5,3,5,Steady Sellers
[아임굿 1st  원데이 이벤트] 100만포 돌파 감사 이벤트,건강식품,4947,934414900,1,3,5,5,Steady Sellers
[아임굿] '간'편한 기력회복 숙취해소 세계특허 과채음료,건강식품,859,122245000,3,1,5,5,Declining Stars (At Risk)
[아임굿] '간'편한 기력회복 숙취해소 특허받은 과채음료,건강식품,2734,631768800,0,5,5,5,Star Performers
[아임굿] 3차 한정추출 생산분 사전예약 (특별가격&특별구성 한번 더~!!),건강식품,1,132000,2,2,1,1,Dormant / Long-tail
[아임굿]'간'편한 기력회복 숙취해소 특허기술제조 과채음료,건강식품,6588,925378000,2,2,5,5,Declining Stars (At Risk)
[아임굿]'간'편한 생생활력 숙취해소 특허기술제조 과채음료 복제,건강식품,4,597100,2,2,1,3,Needs Review
[아임스틸뷰티풀X아꼬제] 이프낫나우웬 콜라비 크림,뷰티/다이어트,2,76000,1,3,1,1,Needs Review
[아임필터] 녹물제거 샤워헤드/세디먼트&비타민 필터,욕실/세정/위생용품,55,741900,1,3,4,3,Steady Sellers
[아임필터] 세라믹볼 샤워헤드/비타민 필터,욕실/세정/위생용품,11,106500,2,2,2,1,Dormant / Long-tail
[아크네엑시트] 당신을 위한 진짜 여드름 폼클렌징 스피큘링,뷰티/다이어트,22,1180000,0,5,3,4,Steady Sellers
[아크코펜하겐] 덴마크 프리미엄 써머 캔버스&비스클라스 레더,패션/잡화,32,3868000,2,2,3,5,Steady Sellers
[아크코펜하겐] 북유럽 스트리트 프리미엄 스니커즈,패션/잡화,46,7828000,2,2,4,5,Declining Stars (At Risk)
[아테라] 풀그레인 소가죽 멀티 지갑 케이스,패션/잡화,22,2178000,2,2,3,4,Steady Sellers
[아토르] 모기 기피제 안티모스 멀티밤&비누,욕실/세정/위생용품,16,265400,2,2,2,2,Dormant / Long-tail
[아토와이즈] 뉴질랜드 천연원료 누 더마 크림,뷰티/다이어트,12,466000,1,3,2,2,Needs Review
[아티니카] 국물까지 다먹어도 139칼로리 불 콜라겐 떡볶이,과자/간식/안주,35,997500,2,2,3,3,Steady Sellers
[아틱앤베이스] 린넨 반달 우드 트레이 4컬러,주방잡화/용품,6,225000,2,2,1,2,Dormant / Long-tail
[아틱앤베이스] 아티산 투톤 에메랄드 그린 시리즈,주방잡화/용품,6,56200,2,2,1,1,Dormant / Long-tail
[아틱앤베이스] 아티산 투톤 코발트블루 시리즈,주방잡화/용품,6,58100,2,2,1,1,Dormant / Long-tail
[악동푸드] 온 가족이 즐기는 3가지맛 김스낵,Unknown,1254,16717300,2,2,5,5,Declining Stars (At Risk)
[안동] 포슬포슬하고 고소한 산지 직송 햇감자 5kg,농축산/과일/계란,112,2321400,1,3,5,4,Steady Sellers
[안동무역] 모닝사과당근즙 100ml*60포,음료/차,37,1328300,2,2,3,4,Steady Sellers
[안동인] 안동에서 온 황금 레시피 안동찜닭,밥/반찬/요리,305,6754000,0,5,5,5,Star Performers
[안심생활] 국산 굴껍질로 만든 친환경 야채 과일 세정제 담금,욕실/세정/위생용품,24,348800,0,5,3,2,Needs Review
[안아파] 양자자동패치 동전파스 통증엔 없었던일로,건강용품,86,2553900,1,3,4,4,Steady Sellers
[안주의중요성] 맥주안주 미니 건어물 12종,과자/간식/안주,389,1482000,2,2,5,4,Declining Stars (At Risk)
"[알럽스킨] 속이 시원한 이런,시원한 파스",건강용품,49,754600,1,3,4,3,Steady Sellers
[알레르망] 프리미엄 데런2 4계절 구스 차렵이불,생활용품/차량용품/마스크,1,696000,2,2,1,3,Needs Review
[알레르망] 프리미엄 데런2 차렵이불,생활용품/차량용품/마스크,2,230000,1,3,1,2,Needs Review
[알레르망] 프리미엄 에드윈2 차렵이불,생활용품/차량용품/마스크,1,298000,2,2,1,2,Dormant / Long-tail
[알레르망] 프리미엄 에일2 차렵이불,생활용품/차량용품/마스크,2,560000,1,3,1,3,Needs Review
[알로하케이크] 무방부제 미니 수제 파이 5종 세트,유제품/베이커리/떡,30,657000,1,3,3,3,Steady Sellers
[알토디자인] 감성 조명 무선 LED 캠핑 램프,가구/인테리어,14,350000,2,2,2,2,Dormant / Long-tail
[알토디자인] 모션감지 무선 LED 스틱 센서등,생활가전,12,477600,2,2,2,2,Dormant / Long-tail
[앙쥬] 프로페셔날 노니 솔루션 헤어 샴푸 750ml,욕실/세정/위생용품,542,56586800,0,5,5,5,Star Performers
[앙팡] 다이노비타민C 1.2g x 500정,건강식품,7,178800,1,3,2,1,Needs Review
[앙팡] 멀티비타민미네랄 1200mg x 60정,건강식품,5,149000,1,3,1,1,Needs Review
[앙팡] 츄어블 비타민D 1000 IU 130mg x 90정,건강식품,1,34900,1,3,1,1,Needs Review
[앙팡] 츄어블 식물성 오메가3 1000mg x 80개,건강식품,1,38000,2,2,1,1,Dormant / Long-tail
[앙팡] 츄어블 유산균 1000mg x 60정,건강식품,2,79600,2,2,1,1,Dormant / Long-tail
[앙팡] 패밀리 면역 프로바이오틱스 2g x 100포,건강식품,21,1575000,1,3,3,4,Steady Sellers
[애니샷] 한 손에 쏙! 니트로 프리미엄 콜드브루 (11ml x 10개입),Unknown,51,2200000,1,3,4,4,Steady Sellers
[액티브유] 터질듯한 자신감! 꽈추형의 풀발373,건강식품,36,5510800,2,2,3,5,Steady Sellers
[액티브유] 터질듯한 자신감! 풀발373,건강식품,1,0,1,3,1,1,Needs Review
[야마야] 시그니처 소대창 미소볶음 밀키트,밥/반찬/요리,1,27000,1,3,1,1,Needs Review
[야마야] 정통 하카타 모츠나베 밀키트 3종,밥/반찬/요리,2,75300,1,3,1,1,Needs Review
[약산궁] 산양산삼 능이 삼계탕,국/탕/찌개/면,19,684000,2,2,3,3,Steady Sellers
[양구] 대암산 고랭지 꿀 부사사과 5kg,농축산/과일/계란,80,3180000,1,3,4,5,Steady Sellers
[양구] 대암산 고랭지 꿀 부사사과 특/특대 5kg 선물세트,농축산/과일/계란,4,254000,1,3,1,2,Needs Review
[양만이] 불맛가득 야식 끝판왕 5종 모음,과자/간식/안주,8,149000,3,1,2,1,Dormant / Long-tail
[양만이] 불맛가득 야식 끝판왕 불막창 외 4종 택1,과자/간식/안주,11,216500,2,2,2,2,Dormant / Long-tail
[양카페플랜트] 강·중배전 드립백 커피 4P/8P,음료/차,2,42400,2,2,1,1,Dormant / Long-tail
[양포어장] 포항 구룡포 햇 과메기 야채세트 10미 220g,수산/건어물/김,125,3764200,2,2,5,5,Declining Stars (At Risk)
[어나더푸르츠] 말랑말랑 새콤달콤 열대과일 믹스,과자/간식/안주,6,159600,1,3,1,1,Needs Review
[어마농] 꼭지 딴 대추방울토마토,농축산/과일/계란,140,2971400,1,3,5,5,Steady Sellers
[어마농] 어쩌다 마주친 꼭지 딴 대추방울토마토,농축산/과일/계란,158,3567000,2,2,5,5,Declining Stars (At Risk)
[어반컴포트] 피로감 제로 EVA 슬리퍼 5 color,패션/잡화,445,2639700,1,3,5,4,Steady Sellers
[어울리] 쾌변을 부르는 락사 그래뉼,건강식품,14,753200,2,2,2,3,Needs Review
[억만장자] 속초명물 중앙시장 원조 특제 강정 3종,밥/반찬/요리,111,1969500,2,2,5,4,Declining Stars (At Risk)
[언더락] 특허받은 씰링구조 밀폐용기 9종,주방잡화/용품,51,230000,1,3,4,2,Needs Review
[언박싱팩토리] 헤어샵용 두피 실리콘 브러쉬,욕실/세정/위생용품,105,1815600,1,3,4,4,Steady Sellers
[언박싱팩토리] 헤어샵용 두피 실리콘 브러쉬 1+1,욕실/세정/위생용품,5,89000,0,5,1,1,New / Niche SKUs
[엄마떡집] 無방부제 無첨가물 無색소 백설기 6종,유제품/베이커리/떡,558,7436600,1,3,5,5,Steady Sellers
[에드워드권] 셰프의 닭발 오돌뼈 야식 5종 골라담기,과자/간식/안주,184,1406200,1,3,5,4,Steady Sellers
[에머이] 깊고 진한 맛의 소고기 쌀국수 4인분,국/탕/찌개/면,26,650000,2,2,3,3,Steady Sellers
[에버홈] 듀얼 마늘 야채 다지기,주방잡화/용품,1,79000,1,3,1,1,Needs Review
[에버홈] 세척부터 보관까지 완벽한 전기 그릴 밀리그릴,생활가전,2,318000,2,2,1,2,Dormant / Long-tail
[에버홈] 쾌적한 실내생활 오감 미니 제습기,계절가전/계절용품,8,413000,1,3,2,2,Needs Review
[에볼루션] 아놀드홍 파워 웨이90 초코맛 500g,건강식품,6,100000,1,3,1,1,Needs Review
[에브리딜] 2023 재물을 부르는 특수금박 해바라기 액자,가구/인테리어,33,4257000,0,5,3,5,Steady Sellers
[에브리딜] 레브온워시 강력한 고체발포세제,욕실/세정/위생용품,23,836000,0,5,3,3,Steady Sellers
[에브리홈] 건강지킴 롤백 1+1,주방잡화/용품,67,372100,0,5,4,2,Needs Review
[에브리홈] 건강지킴 세우는 슬라이더 지퍼백 1+1,주방잡화/용품,151,639500,0,5,5,3,Steady Sellers
[에브리홈] 건강지킴 술술 벗기편한 위생장갑 50매 1+1,주방잡화/용품,79,360900,0,5,4,2,Needs Review
[에브리홈] 건강지킴 안터지는 2중 지퍼백 1+1,주방잡화/용품,225,681100,0,5,5,3,Steady Sellers
[에브리홈] 건강지킴 엠보싱 일회용 수세미 60매 1+1,주방잡화/용품,63,415700,2,2,4,2,Needs Review
[에브리홈] 건강지킴 위생백 100매 1+1,주방잡화/용품,239,719800,0,5,5,3,Steady Sellers
[에브리홈] 건강지킴 위생장갑 400매 1+1,주방잡화/용품,113,585900,0,5,5,3,Steady Sellers
[에브리홈] 뽑아쓰는 롤타입 위생 비닐 일회용 식탁보,주방잡화/용품,10,79000,1,3,2,1,Needs Review
[에브리홈] 항균 분리수거 비닐봉투 20~100L 택1,생활용품/차량용품/마스크,57,645100,0,5,4,3,Steady Sellers
[에스모도] 008 무선 S 플립팬 선풍기 (리모컨형),생활가전,6,334200,1,3,1,2,Needs Review
"[에스모도] 300 고속 무선 충전 흡착 10,000mAh 보조배터리",생활가전,8,222400,2,2,2,2,Dormant / Long-tail
"[에스모도] 330 PD 65W 초고속 충전 보조배터리 20,000mAh",생활가전,3,194700,2,2,1,2,Dormant / Long-tail
[에스모도] 402 UVC 무선 칫솔살균기,욕실/세정/위생용품,34,704000,2,2,3,3,Steady Sellers
"[에스모도] 886 슬림형 보조배터리 5,000mAh",생활가전,7,93900,1,3,2,1,Needs Review
"[에스모도] 889 듀얼케이블 일체형 10,000mAh 보조배터리",생활가전,5,122000,1,3,1,1,Needs Review
[에스미라클] 얼굴선 따라 찰싹! 페이스핏 극세사 마스크팩 4종,뷰티/다이어트,51,1470000,1,3,4,4,Steady Sellers
[에스티엠코] 목폴라 피치기모 니트 4종세트,패션/잡화,21,998000,2,2,3,3,Steady Sellers
[에스티엠코] 브로크다운 목폴라 피치기모 니트 4컬러 세트,패션/잡화,14,698600,3,1,2,3,Needs Review
[에스틴] 고양이 복합영양제 요로고 키튼/어덜트,영양제,7,252000,2,2,2,2,Dormant / Long-tail
[에슬레나] 각질케어 및 집중보습 레그팩 릴렉싱 다리팩,뷰티/다이어트,8,488000,2,2,2,2,Dormant / Long-tail
[에어드림] 7자형 매직 구름베개,생활용품/차량용품/마스크,7,584800,1,3,2,3,Needs Review
[에어블락] 청소기 세균&악취 해결사,욕실/세정/위생용품,8,116400,2,2,2,1,Dormant / Long-tail
[에이앤디푸드] 완판신화 간편하고 건강한 잘생긴 코다리 조림,밥/반찬/요리,43,1097200,2,2,4,3,Steady Sellers
[에이치케이코퍼레이션] 크리스탈클라우드 음파전동칫솔,욕실/세정/위생용품,18,961200,1,3,3,3,Steady Sellers
"[에이플던] 발냄새, 신발냄새 잡는 풋풋파우더",욕실/세정/위생용품,36,540000,1,3,3,3,Steady Sellers
[에코] 매일 깨끗해지는 카라&소매 세척제,욕실/세정/위생용품,22,294800,1,3,3,2,Needs Review
[에코] 향기로운 라벤더향 화장실 세정제,욕실/세정/위생용품,28,563000,2,2,3,3,Steady Sellers
[에코그린] 얇고 가벼운 충전식 카본 발열조끼,패션/잡화,46,2925000,1,3,4,5,Steady Sellers
[에코벨] 자바라 방식의 물받이가 있는 물받이 우산,계절가전/계절용품,26,319000,2,2,3,2,Needs Review
[에코비엔디] 부드러운 논슬립 더블유 욕실화 2종,욕실/세정/위생용품,111,1098900,0,5,5,3,Steady Sellers
[엔닥터스] 금보다 귀한 산양산삼침향환-天壽천수 1+1,건강,225,127800000,0,5,5,5,Star Performers
[엔닥터스] 금보다 귀한 침향과 산양삼 산양산삼침향환-天壽 1+1,건강,64,37200000,2,2,4,5,Declining Stars (At Risk)
[엔닥터스] 지리산 산양삼 100% 산삼시대 1+1,건강식품,945,302940000,0,5,5,5,Star Performers
[엔닥터스] 지리산 산양삼 추출원액 순 100% 산삼순백 1+1,건강,3109,1812600000,0,5,5,5,Star Performers
[엔닥터스] 지리산 산양삼 추출원액 순 100% 산양삼순백 1+1,건강,301,175800000,2,2,5,5,Declining Stars (At Risk)
[엔아이에프] 향미 가득 블랙트러플오일,잼/오일/조미/장,1,46800,1,3,1,1,Needs Review
[엘로보] 강렬한 첫사랑의 향기 차량용 디퓨저 13종,생활용품/차량용품/마스크,110,1417000,0,5,5,4,Star Performers
[엘리사] 순수 국내 원료 인증받은 엘프로스 실내용 디퓨져,생활용품/차량용품/마스크,109,1044000,3,1,5,3,Steady Sellers
[엘리사] 순수 국내산 원료 엘프로스 디퓨져 실내용 200ml,생활용품/차량용품/마스크,439,4493000,0,5,5,5,Star Performers
[엘리사] 최고의 발향력 엘프로스 디퓨져 차량용 130ml,생활용품/차량용품/마스크,61,891000,0,5,4,3,Steady Sellers
[엠스센트문] 4타입 디퓨져 방향제,생활용품/차량용품/마스크,7,171500,1,3,2,1,Needs Review
[엠씨랩] 박힌 냄새까지 없애는 냄새 제거제 퀵,생활용품/차량용품/마스크,83,1036800,0,5,4,3,Steady Sellers
[엠첵] 자동 전자혈압계 BMC-30,건강,11,990000,0,5,2,3,Needs Review
[엠피온] 고성능 3중 필터 차량용+휴대용 공기청정기,생활용품/차량용품/마스크,10,470000,2,2,2,2,Dormant / Long-tail
[여민락] 오븐에 구운 수제 넛바 견과류세트,과자/간식/안주,366,2248000,0,5,5,4,Star Performers
[여수올림] 100% 자연산 짱뚱어탕,국/탕/찌개/면,102,1650800,0,5,4,4,Star Performers
[연미향] 30년 전통 혼례음식 전문 국민간식 방울떡 4종,유제품/베이커리/떡,228,6749800,0,5,5,5,Star Performers
[연미향] 두텁떡 800g,유제품/베이커리/떡,16,446400,1,3,2,2,Needs Review
[연미향] 쑥앙금 가래떡 1.6kg,유제품/베이커리/떡,25,797500,1,3,3,3,Steady Sellers
[연미향] 앙금절편 1kg,유제품/베이커리/떡,20,478000,1,3,3,2,Needs Review
[연미향] 찌지 않고 바로 먹는 오색깨송편,유제품/베이커리/떡,14,399500,1,3,2,2,Needs Review
[연미향] 현미 가래떡 1.6kg,유제품/베이커리/떡,9,287100,1,3,2,2,Needs Review
[연미향] 흰앙금 가래떡 1.6kg,유제품/베이커리/떡,4,127600,2,2,1,1,Dormant / Long-tail
[연미향]고구마앙금 가래떡 1.6kg,유제품/베이커리/떡,3,101700,1,3,1,1,Needs Review
[연미향]떡볶이에 빠진떡 (떡볶이맛) 1.6kg,유제품/베이커리/떡,1,34900,2,2,1,1,Dormant / Long-tail
[연미향]흑임자앙금 가래떡 1.6kg,유제품/베이커리/떡,10,339000,1,3,2,2,Needs Review
[염라대왕] 지옥에서 온 불타는 매운 라면,국/탕/찌개/면,7,56400,1,3,2,1,Needs Review
[염라대왕] 지옥에서 온 스윗&스파이시 스낵,과자/간식/안주,14,88500,1,3,2,1,Needs Review
[영호수산] 목포산지 직송 국산&흑산도 홍어,수산/건어물/김,505,19152270,0,5,5,5,Star Performers
[옐로욜로] 코코넛 플라워 슈가 카카오칩스,과자/간식/안주,31,696000,2,2,3,3,Steady Sellers
[옛담] 무쇠철판에 직접 구운 현미&찹쌀 누룽지 2kg,과자/간식/안주,20,756200,1,3,3,3,Steady Sellers
[오늘13:07] 정성 가득 수제 파운드케이크 7종 / 르뱅쿠키 2종,유제품/베이커리/떡,169,2900100,1,3,5,5,Steady Sellers
[오늘도맛있게] 100% 국내산 농산물로 만든 열무김치 2kg,김치/젓갈,161,4014000,2,2,5,5,Declining Stars (At Risk)
[오늘은] 활력 에너지 오늘은 L-아르기닌,건강식품,19,1151400,1,3,3,4,Steady Sellers
[오늘은효소] 소화를 넘어 배변활동 케어까지 한국인을 위한 맞춤효소,건강식품,174,15009500,2,2,5,5,Declining Stars (At Risk)
[오대복] 밀가루NO 국제시장 통 모짜렐라 치즈 쌀어묵바 3종,과자/간식/안주,151,2532100,0,5,5,4,Star Performers
"[오랄비] 구강케어 치실, 전동칫솔, 교정용칫솔 모음전",욕실/세정/위생용품,149,1284300,0,5,5,4,Star Performers
"[오랄비] 어린이용 전동칫솔, 칫솔 모음전",욕실/세정/위생용품,1,25000,2,2,1,1,Dormant / Long-tail
[오마이풋] 30초면 관리 끝! 발 각질제거 롤세럼,뷰티/다이어트,182,3576000,1,3,5,5,Steady Sellers
"[오메오메] 통 과육과 크림가득, 제주 아이스 오메기떡",유제품/베이커리/떡,34,1168500,1,3,3,4,Steady Sellers
[오버랩] 도심과 자연을 넘나드는 하이브리드 스니커즈 아웃트로,패션/잡화,6,834000,2,2,2,3,Needs Review
[오버랩] 독보적인 존재감 액티베이트S 운동화,패션/잡화,138,17653000,1,3,5,5,Steady Sellers
[오버랩] 시티 하이크 스니커즈 아우트로 V2,패션/잡화,3,417000,1,3,1,2,Needs Review
[오버랩] 시티 하이크 스니커즈 아우트로V2,패션/잡화,6,834000,2,2,2,3,Needs Review
[오버랩] 어반스토프 시티 캐쥬얼 오버레이드 스니커즈,패션/잡화,18,2064000,1,3,3,4,Steady Sellers
[오버랩] 클래식 티타늄 안경 4종,패션/잡화,1,149000,2,2,1,1,Dormant / Long-tail
[오복떡본가] 떡짜르트 현미 가래떡 500g 5종,유제품/베이커리/떡,62,660300,1,3,4,3,Steady Sellers
[오복떡본가] 전통방식 영양찰떡 4종,유제품/베이커리/떡,635,10232000,1,3,5,5,Steady Sellers
[오복떡본가] 제로슈가 스테비아 현미 영양찰떡 3종,유제품/베이커리/떡,77,1121300,1,3,4,3,Steady Sellers
[오성] 방향성이 좋은 야광 멀티 골프 티,패션/잡화,9,162000,0,5,2,1,New / Niche SKUs
[오성내추럴] 국내산 100% 방금 빻은 장미빛 고춧가루,농축산/과일/계란,91,1691400,0,5,4,4,Star Performers
[오성내추럴] 방금 빻은 장미빛 2023년 햇고춧가루,농축산/과일/계란,172,4596500,0,5,5,5,Star Performers
[오성내추럴] 방금 빻은 장미빛 고춧가루,농축산/과일/계란,120,2805000,2,2,5,5,Declining Stars (At Risk)
[오성내추럴] 장미빛 건고추,농축산/과일/계란,1,110000,2,2,1,1,Dormant / Long-tail
[오숙수] 더 건강한 하루견과 현미찰떡,과자/간식/안주,42,1875900,1,3,4,4,Steady Sellers
[오엘라] 빛이 필요한 곳 어디든 간편하게 LED 무선 센서등 4종,생활용품/차량용품/마스크,6,201800,1,3,2,2,Needs Review
[오엘라] 작지만 강한 힘 무선 진동 마사지건 mini,건강용품,57,1235000,2,2,4,4,Declining Stars (At Risk)
[오엘라] 저소음 흡입식 2종 블레이드 애견 이발기,위생/케어/패드,11,361900,1,3,2,2,Needs Review
[오일팡] 천연 비스코스원단 행주&수세미,주방잡화/용품,18,255000,2,2,3,2,Needs Review
[오즈바이오] 헬스워터 휴대용 수소환원수 생성포트 텀블러,생활용품/차량용품/마스크,3,238000,3,1,1,2,Dormant / Long-tail
"[오차드] 벗겨지지 않는 편안함, 월클 프리미엄 덧신 10켤레",패션/잡화,1,25300,3,1,1,1,Dormant / Long-tail
"[오차드] 벗겨지지 않는 편안함, 월클 프리미엄 덧신 5켤레",패션/잡화,59,699750,1,3,4,3,Steady Sellers
[오차드] 어디든지 어울리고 편안한 어텀삭스,패션/잡화,51,688950,2,2,4,3,Steady Sellers
[오쿠스노] 태국 과자 1위 리얼 새우머리 스낵 3가지맛,과자/간식/안주,90,1139500,0,5,4,3,Steady Sellers
[옥도건어물] 바삭한 동결건조칩 7종,과자/간식/안주,82,539000,1,3,4,3,Steady Sellers
[온니포유] 의사가 만든 질 건강 유산균 와이라노,건강식품,9,497700,0,5,2,2,New / Niche SKUs
[온리제주] 제주 돌문어와 딱새우를 통째로 담은 올레마켓 문딱라면,국/탕/찌개/면,65,780000,0,5,4,3,Steady Sellers
[온마리] 죽은 입맛 살려내는 멸치/전어 젓갈,김치/젓갈,395,7334000,1,3,5,5,Steady Sellers
[온미당] 건강한 우리쌀 수제 구운유과,과자/간식/안주,44,2005000,2,2,4,4,Declining Stars (At Risk)
[온미당] 더욱 건강한 한과 선물세트,과자/간식/안주,35,2176000,1,3,3,4,Steady Sellers
[올리] 인테리어 자동급수 저면관수 화분 4종,가구/인테리어,6,204000,1,3,2,2,Needs Review
[올리닉] 울트라 비타액션 올인원 멀티비타민,건강식품,4,60000,1,3,1,1,Needs Review
[와우라이프] 나의 소중한 밍밍 잼칠라 이장님,도서,30,750000,0,5,3,3,Steady Sellers
"[와우언더웨어] 프리미엄 남성언더웨어 (뱀부, 나일론 택1)",패션/잡화,387,7660000,3,1,5,5,Declining Stars (At Risk)
"[와우언더웨어] 프리미엄 남성언더웨어 (뱀부, 나일론, 텐셀 택1)",패션/잡화,1159,19709100,1,3,5,5,Steady Sellers
"[와우언더웨어] 프리미엄 남성언더웨어 (뱀부3+1, 나일론3+1, 텐셀4+1 택1)",패션/잡화,138,10924000,1,3,5,5,Steady Sellers
[와우언더웨어] 프리미엄 남성언더웨어 2종,패션/잡화,70,1400000,3,1,4,4,Declining Stars (At Risk)
[왕눈이] 서해에서 잡아온 급냉 갑오징어,수산/건어물/김,25,772500,1,3,3,3,Steady Sellers
[요리명인] 오븐에 구워 담백한 담약식 수제떡갈비,밥/반찬/요리,4,40000,3,1,1,1,Dormant / Long-tail
[요리명인] 오븐에 구워 담백한 담양식 수제떡갈비,밥/반찬/요리,332,3315600,2,2,5,5,Declining Stars (At Risk)
[요리명인] 전통방식 그대로 3번 쪄낸 수제 연잎 영양밥,밥/반찬/요리,61,842000,2,2,4,3,Steady Sellers
[요리명인] 전통방식 그대로 3번 쪄낸 운수 대통 영양밥,밥/반찬/요리,27,346800,2,2,3,2,Needs Review
[요리반상회] 56년 전통 용산맛집 용문해장국 소뼈 가마솥 해장국  700g 3팩,국/탕/찌개/면,57,1641600,3,1,4,4,Declining Stars (At Risk)
[요리반상회] 미슐랭가이드 국산 황금콩밭 콩국수 2인분,국/탕/찌개/면,170,3259200,1,3,5,5,Steady Sellers
[요리반상회] 용문해장국 17시간 가마솥 소뼈 우거지 해장국 700g 3팩,국/탕/찌개/면,22,668800,3,1,3,3,Steady Sellers
[요리반상회] 용문해장국 소뼈 가마솥 해장국  700g 3팩,국/탕/찌개/면,56,1672000,3,1,4,4,Declining Stars (At Risk)
"[요리반상회] 전통의 손맛, 집국백서 국 4종",국/탕/찌개/면,107,567100,1,3,5,3,Steady Sellers
[요리반상회] 한돈 산더미 불고기 간장/고추장 400g,밥/반찬/요리,134,2389200,1,3,5,4,Steady Sellers
[요리반상회] 한돈 산더미 불고기 간장/고추장 400g 2팩,국/탕/찌개/면,54,1078000,3,1,4,3,Steady Sellers
[욕실의여왕] 곰팡이 제거젤 150g 3개,욕실/세정/위생용품,60,1242000,1,3,4,4,Steady Sellers
[욕실의여왕] 다목적 세정제 400ml 2통,욕실/세정/위생용품,66,983400,1,3,4,3,Steady Sellers
[욕실의여왕] 무선 욕실청소기,욕실/세정/위생용품,179,17028000,1,3,5,5,Steady Sellers
[욕실의여왕] 배수구 세정제 50g 4포,욕실/세정/위생용품,52,652800,1,3,4,3,Steady Sellers
[욕실의여왕] 변기 세정제 100g 4포,욕실/세정/위생용품,3,38400,3,1,1,1,Dormant / Long-tail
[욕실의여왕] 변기 세정제 40g 4포,욕실/세정/위생용품,14,179200,1,3,2,1,Needs Review
[욕실의여왕] 변기 세정제 50g 4포,욕실/세정/위생용품,16,204800,2,2,2,2,Dormant / Long-tail
[욕실의여왕] 세탁조 세정제 100g 4포,욕실/세정/위생용품,72,921600,1,3,4,3,Steady Sellers
[욕실의여왕] 탈취제 3종세트,욕실/세정/위생용품,258,4485600,1,3,5,5,Steady Sellers
[욕실의여왕] 한장시트세제,욕실/세정/위생용품,9,324200,1,3,2,2,Needs Review
[욜드리] 탈모완화 욜드리 시니어 샴푸,뷰티/다이어트,612,30400000,0,5,5,5,Star Performers
[용궁블루스] 연평도 숙성간장 암꽃게장 2-3미,밥/반찬/요리,1,59000,1,3,1,1,Needs Review
[용궁칼국수] 매콤함과 고소함의 중독성 용궁해물찜 밀키트,식품,22,609000,0,5,3,3,Steady Sellers
[용궁칼국수] 밀가루 0% 장단콩 소면/중면/칼국수면,국/탕/찌개/면,82,1863000,0,5,4,4,Star Performers
[용궁칼국수] 밀가루 0% 파주 맛집 칼국수 밀키트,국/탕/찌개/면,8,264000,0,5,2,2,New / Niche SKUs
[용궁칼국수] 줄서서 먹는 칼국수 밀키트,국/탕/찌개/면,23,759000,1,3,3,3,Steady Sellers
[용문해장국] 소뼈 가마솥 해장국  700g 3팩,국/탕/찌개/면,244,7417600,3,1,5,5,Declining Stars (At Risk)
[용문해장국] 소뼈/무뼈 가마솥 해장국  700g 3팩,국/탕/찌개/면,482,14246200,0,5,5,5,Star Performers
[우루비] 야외활동 필수품 프로즌 아이스 타월,계절가전/계절용품,32,348800,1,3,3,2,Needs Review
[우리동네방앗간] 고소한 전통 재래식 압착 참기름&들기름,잼/오일/조미/장,543,6850600,1,3,5,5,Steady Sellers
[우리두리] 우리쌀로 만든 쌀/단호박 식혜 선물세트,음료/차,2,40000,1,3,1,1,Needs Review
[우리두리] 우리쌀로 만든 우리두리 쌀/단호박 식혜 선물세트,음료/차,23,529700,2,2,3,2,Needs Review
[우리두리식혜] 우리쌀로 만든 수제 식혜 2종,음료/차,262,4753000,0,5,5,5,Star Performers
[우리바다] 국산 멸치 국물/조림/볶음 선물세트,수산/건어물/김,1,27000,2,2,1,1,Dormant / Long-tail
[우리아이키앤] 성장기 키크는 영양제 60포,건강식품,9,2096000,0,5,2,4,Needs Review
[우리푸른숲] 고농축 3%편백오일수 피톤치드 탈취제,욕실/세정/위생용품,181,3602100,0,5,5,5,Star Performers
[우먼인사이트] 미니 불멍키트 에탄올램프,가구/인테리어,11,291500,2,2,2,2,Dormant / Long-tail
[웃담] 백인목장 1등급원유 수제 웰빙 요구르트 5종 150ml,유제품/베이커리/떡,63,1596000,2,2,4,4,Declining Stars (At Risk)
[월드바이오팜] 내몸애 우슬담은 녹용 진액 선물세트,건강식품,21,1029000,1,3,3,3,Steady Sellers
[웰로스] 냉장고 항균 탈취 다용도 올인원 패드,주방잡화/용품,70,2040000,1,3,4,4,Steady Sellers
[웰로스] 냉장고 항균탈취 올인원 패드,주방잡화/용품,2,57000,0,5,1,1,New / Niche SKUs
[웰로스] 신선 식품용 지퍼백 30매,주방잡화/용품,20,549100,1,3,3,3,Steady Sellers
[웰로스] 음식 보관의 새로운 혁명! 신선식품용 숙성백,생활용품/차량용품/마스크,15,346800,0,5,2,2,New / Niche SKUs
[웰로스] 코랄 칼슘 필터 주방용 정수필터 / 녹물제거 샤워기,욕실/세정/위생용품,51,607000,0,5,4,3,Steady Sellers
[웰빙] 통채로 먹는 새싹삼 70뿌리,건강식품,86,4713000,1,3,4,5,Steady Sellers
[웰빙팜] 뿌려먹는 감칠맛 매운 청양고추 가루 뿌청,Unknown,66,563000,1,3,4,3,Steady Sellers
[웰스앤헬스] 국내산 토종 흑염소진액,건강,1372,125915200,0,5,5,5,Star Performers
[웰스앤헬스] 식후 당관리 액상차 당당때문에,건강,1233,94982400,0,5,5,5,Star Performers
[위글위글x에어윌] 공기정화 향균&탈취 포스터 10종,가구/인테리어,7,223900,1,3,2,2,Needs Review
[위드바디] 가볍게 비워내는 습관 쾌변 위드바디플럼,뷰티/다이어트,21,1372800,1,3,3,4,Steady Sellers
[위드웰] 손발 관절테라피 3D 파라핀베스 세트,건강용품,19,1835000,2,2,3,4,Steady Sellers
[위드웰] 충전식 2세대 셀업 갈바닉 이온 마사지기,뷰티/다이어트,27,1350000,2,2,3,4,Steady Sellers
[위미] 인바디 체크용 그립핏 스마트 체중계,건강용품,10,852000,1,3,2,3,Needs Review
[위생각] 매스틱 양배추 스틱,건강식품,14,586700,1,3,2,3,Needs Review
[위칩] 100% 통곡물 시즈닝 칩 스낵 3종,과자/간식/안주,82,287000,1,3,4,2,Needs Review
[윌로펫] 자동 진공 사료 용기+뉴트리탑 사료 1.2kg 세트,사료/간식,3,167700,2,2,1,1,Dormant / Long-tail
[윌리엄] 무설탕 자일리톨 스톤 캔디,과자/간식/안주,1150,10688700,1,3,5,5,Steady Sellers
[윌리엄] 무설탕 자일리톨 스톤 캔디 6종,과자/간식/안주,37,341400,0,5,3,2,Needs Review
[유가네] 내장제거 전자렌지용 찜 보리굴비 9미,Unknown,1,76000,3,1,1,1,Dormant / Long-tail
[유기농맘] 제로슈거 유기농 한입에 뻥튀기 4종,과자/간식/안주,69,596300,0,5,4,3,Steady Sellers
[유기농샵] 국내산 생생 야채수 30포,Unknown,29,551000,1,3,3,3,Steady Sellers
[유기농샵] 국내산 유기농 건당근 200g,Unknown,5,64500,2,2,1,1,Dormant / Long-tail
[유기농샵] 국내산 유기농 건무청 시래기 100g,Unknown,47,658000,1,3,4,3,Steady Sellers
[유기농샵] 국내산 유기농 새싹보리분말 50g,Unknown,29,258100,1,3,3,2,Needs Review
[유기농샵] 국내산 유기농 양배추 2kg,Unknown,10,142000,1,3,2,1,Needs Review
[유기농샵] 국내산 유기농 통우엉 500g,Unknown,18,252000,1,3,3,2,Needs Review
[유기농샵] 초록한입 맥문동 배도라지즙 21포,Unknown,104,1976000,1,3,4,4,Steady Sellers
[유기농샵] 초록한입 타트체리주스 70ml*21포,Unknown,7,125300,1,3,2,1,Needs Review
[유기방아] 유기농쌀로 만든 유기방아 구워먹는떡,유제품/베이커리/떡,27,216700,2,2,3,2,Needs Review
[유기방아] 유기농쌀로 만든 유기방아 떡,유제품/베이커리/떡,455,3172700,2,2,5,5,Declining Stars (At Risk)
[유니케어] 변기세정볼 변기세정액 세트,욕실/세정/위생용품,17,478800,0,5,3,2,Needs Review
[유동커피] 걸작의 탄생 청정 더블로스팅 제주녹차 500ml,음료/차,23,792000,2,2,3,3,Steady Sellers
[유명산지] 샤인머스켓 선물세트,식품,2,130600,0,5,1,1,New / Niche SKUs
[유수정] 고품질 1등급 암소 한우 육회,농축산/과일/계란,59,2365700,1,3,4,4,Steady Sellers
[유자네] 내장제거 전자렌지용 찜 보리굴비 9미,수산/건어물/김,63,4636000,1,3,4,5,Steady Sellers
[유한양행] 건강한 명품 유산균 알프로렉스,건강식품,55,2597000,1,3,4,4,Steady Sellers
[유한양행] 온가족 유산균과 비타민 와이즈바이옴,건강식품,88,7668000,2,2,4,5,Declining Stars (At Risk)
[육개장터] 80년 전통 오랜 시간 이어온 육개장 맛집 7종,국/탕/찌개/면,439,2805000,0,5,5,5,Star Performers
[의령소바] 24년 전통 현지 맛집 메밀 호빵 3종,유제품/베이커리/떡,121,2123900,0,5,5,4,Star Performers
[의령황금메밀] 직접 재배한 메밀로 만든 황금미소 세트,국/탕/찌개/면,99,2229000,0,5,4,4,Star Performers
[의령황금메밀] 쫄깃쫄깃 건강한 쓴메밀 생면/칼국수면,국/탕/찌개/면,31,381000,0,5,3,2,Needs Review
[의령황금메밀] 친환경으로 직접 재배한 쓴메밀국수 세트 5종,국/탕/찌개/면,59,1117000,0,5,4,3,Steady Sellers
[이금선명인] 강원도 프리미엄 젓갈 7종,김치/젓갈,606,15053400,0,5,5,5,Star Performers
[이금선명인] 프리미엄 젓갈 선물세트,김치/젓갈,4,263000,2,2,1,2,Dormant / Long-tail
[이남장] 정성이 담긴 두툼한 설렁탕,국/탕/찌개/면,253,3047700,0,5,5,5,Star Performers
[이너블] 500달톤 필름형 콜라겐 자몽맛,뷰티/다이어트,10,1800000,2,2,2,4,Needs Review
[이레미디어] 시장의 마법사들,도서,1,26000,1,3,1,1,Needs Review
[이레미디어] 주식투자 + 가치투자 + 미국주식 처음공부세트,도서,16,904000,2,2,2,3,Needs Review
[이레미디어] 차트의기술,도서,1,22000,2,2,1,1,Dormant / Long-tail
[이로웁다] 가벼워지는 CUT 커피 당당컷피,뷰티/다이어트,20,1148000,0,5,3,4,Steady Sellers
[이로웁다] 관절을 생각한 국산닭발 NEW 계력환,건강식품,95,4825600,1,3,4,5,Steady Sellers
[이로웁다] 내 몸을 위한 건강한 휴식 팥효소,뷰티/다이어트,14,624000,0,5,2,3,Needs Review
[이로웁다] 붓기 빼는 고소한 콩티팥티,뷰티/다이어트,42,700900,0,5,4,3,Steady Sellers
[이로웁다] 붙이는 지방 관리! 셀룰라이트 바디컷패치,뷰티/다이어트,6,0,1,3,2,1,Needs Review
[이로웁다] 편안한 시너지를 위한 효소로움(석류맛),뷰티/다이어트,12,416000,0,5,2,2,New / Niche SKUs
[이병우설농탕] 부산 70년 전통의 설렁탕/육개장,국/탕/찌개/면,25,132700,1,3,3,1,Needs Review
[이브자리] 슬립앤슬립 숙면을 위한 순수 오가닉 메모리폼 베개,생활,77,9656000,1,3,4,5,Steady Sellers
[이스타] 휴대용 여행용 다용도 접이식 전기포트 1L,주방가전,2,59000,2,2,1,1,Dormant / Long-tail
[이신우] 그래핀 기능형 발열토퍼 퀸사이즈 (150X200),계절가전/계절용품,26,2750000,1,3,3,4,Steady Sellers
[이야기연구원] 영화로 보는 사탄의 교의,도서,2,23500,2,2,1,1,Dormant / Long-tail
[이영애의 건강 미식] 입안에 붙이는 필름 블랙베리 멀티글루타치온,건강,1,87000,0,5,1,1,New / Niche SKUs
[이온폴리스] 신수 LED 샤워기/필터/호스,욕실/세정/위생용품,8,143300,1,3,2,1,Needs Review
[이온폴리스] 주방&세면대 헤드/필터,욕실/세정/위생용품,12,187800,1,3,2,1,Needs Review
[이온폴리스] 컬러 이온 샤워기/필터/호스,욕실/세정/위생용품,13,253200,1,3,2,2,Needs Review
[이음] 골든후르츠 아이스망고 50g* 30개,농축산/과일/계란,16,384000,2,2,2,2,Dormant / Long-tail
[이젠슬림] 껍질 없는 미니 통통 구운 감자,과자/간식/안주,98,1991900,0,5,4,4,Star Performers
[이젠슬림] 껍질 없는 통통 미니 군고구마,과자/간식/안주,15,267900,1,3,2,2,Needs Review
[이젠슬림] 저칼로리 건강한 도시락 쉐프의 혼밥 6종 세트,밥/반찬/요리,50,2051000,1,3,4,4,Steady Sellers
[이지드롭] 살균 99.9% 일회용브러쉬 변기크리너,욕실/세정/위생용품,44,603800,1,3,4,3,Steady Sellers
[이지마인드] 100시간 보습 달팽이크림 70ml,뷰티/다이어트,410,5037500,0,5,5,5,Star Performers
[이지마인드] 그린토마토 모공앰플 50ml,뷰티/다이어트,206,2472000,0,5,5,4,Star Performers
[이지마인드] 남성올인원 남한크림 100ml,뷰티/다이어트,762,6417500,0,5,5,5,Star Performers
[이지마인드] 아크네&지성 피부용 폼클렌징 200ml,뷰티/다이어트,141,1088000,0,5,5,3,Steady Sellers
[이지마인드] 피부진정 시카수분크림 150ml,뷰티/다이어트,152,1575000,0,5,5,4,Star Performers
[이태리 로시] IH투톤레드 냄비 4종,냄비/팬/솥,3,185800,1,3,1,1,Needs Review
[이태리 로시] IH투톤레드 후라이팬 5종,냄비/팬/솥,1,29900,1,3,1,1,Needs Review
[이태리 로시] 도노 파우치 수저&젓가락 2인/4인,냄비/팬/솥,7,223300,1,3,2,2,Needs Review
[인생약과] 제주 명소 우리 밀로 만든 수제 약과,식품,65,1890000,0,5,4,4,Star Performers
[일동제약] 빠르게 흡수되는 액상 글루콘산마그네슘,건강,12,391020,0,5,2,2,New / Niche SKUs
[일동후디스] 8종 복합 기능성 하이뮨 프로틴 밸런스 & 바디,건강식품,45,2478000,1,3,4,4,Steady Sellers
[일산비빔국수] 수제 7곡 수제비 왕만두전골,국/탕/찌개/면,28,436100,1,3,3,2,Needs Review
[일산비빔국수] 원조 비빔국수/코다리 비빔국수/냉모밀 밀키트,국/탕/찌개/면,234,3496800,0,5,5,5,Star Performers
[일산비빔국수] 원조 일산/김치/들깨 수제비 밀키트,국/탕/찌개/면,519,7611600,0,5,5,5,Star Performers
[일상공감] 스마트링  만능 폰 거치대 간편하링,생활용품/차량용품/마스크,99,2693200,2,2,4,4,Declining Stars (At Risk)
[일흥농산] 1등급 최상의 품질 프리미엄 성주참외,농축산/과일/계란,15,596400,2,2,2,3,Needs Review
[잇디스낫댓] 고기함량 65% 치즈 미트볼 500g,밥/반찬/요리,17,246900,1,3,3,2,Needs Review
[잇디스낫댓] 곤약 현미 볶음밥 깍두기/커리/잡채 3종,밥/반찬/요리,103,441000,1,3,4,2,Needs Review
[잇디스낫댓] 두부면 파스타 로제/토마토/바질 3종,국/탕/찌개/면,46,409400,2,2,4,2,Needs Review
[잇타임] 꾸덕꾸덕한 그릭요거트와 그래놀라 치아바타 브런치,유제품/베이커리/떡,100,1210100,2,2,4,4,Declining Stars (At Risk)
[잉코] 뉴 프리미엄 슬림핏 온열 찜질기,계절가전/계절용품,63,3143700,1,3,4,5,Steady Sellers
[자연공유] 비린맛 ZERO 바삭한 황태칩 3종 세트,과자/간식/안주,11,290100,1,3,2,2,Needs Review
[자연농푸드] 밥지을때 넣어먹는 고급 영양나물밥 3종 선물세트,밥/반찬/요리,57,888600,0,5,4,3,Steady Sellers
[자연농푸드] 밥지을때 넣어먹는 고급 영양나물밥 3종 택1,밥/반찬/요리,28,374100,3,1,3,2,Needs Review
[자연향기] 하동 녹차 명란김 24봉,수산/건어물/김,3780,66654000,0,5,5,5,Star Performers
[자연향기] 하동 녹차 명란김 24봉(3x8봉),수산/건어물/김,2185,38538000,3,1,5,5,Declining Stars (At Risk)
[장수곰탕] 대전 유성 한우 장수 진곰탕국물,식품,184,5338000,0,5,5,5,Star Performers
[장수돌침대] 2024년형 워셔블 카본 매트 블랙에디션,생활,34,4957500,1,3,3,5,Steady Sellers
[장우동] 정통우동/비빔납작만두/떡볶이 3종,국/탕/찌개/면,9,113800,0,5,2,1,New / Niche SKUs
[장우동] 제대로 준비한 정통우동/비빔납작만두 밀키트,국/탕/찌개/면,115,2004600,1,3,5,4,Steady Sellers
[재미삼아] 음정 1도 올리기 목캔디,건강식품,20,323300,0,5,3,2,Needs Review
[재주좋아] 건조할 틈이 없는 제주동백오일 립밤 4종,Unknown,36,270000,2,2,3,2,Needs Review
[전남 장성] 달콤아삭 가정용 장성 차량 단감 5kg,농축산/과일/계란,62,1324500,2,2,4,4,Declining Stars (At Risk)
[전북김제산] 22년 국산 서리태콩,농축산/과일/계란,6,167200,1,3,2,1,Needs Review
[전북김제산] 22년산 십리향 햅쌀,농축산/과일/계란,35,1233400,1,3,3,4,Steady Sellers
[전북김제산] 22년산 햇 검정보리(흑보리) 4kg,농축산/과일/계란,20,310000,1,3,3,2,Needs Review
[전북김제산] 22년산 햇 찰보리 4kg,농축산/과일/계란,12,163900,1,3,2,1,Needs Review
[전북김제산] 23년산 신동진 햅쌀,농축산/과일/계란,139,5006000,1,3,5,5,Steady Sellers
[전북김제산] 23년산 오대벼 햅쌀,농축산/과일/계란,11,366500,1,3,2,2,Needs Review
[전원집감자탕] 전주 유명 전원집 시래기 감자탕,국/탕/찌개/면,16072,408844800,0,5,5,5,Star Performers
[정관장] 홍삼대정 데일리스틱 10ml*30포,Unknown,4,0,2,2,1,1,Dormant / Long-tail
[정관장] 홍삼보가 50ml*30포,Unknown,9,585000,2,2,2,3,Needs Review
[정관장] 홍삼보감 50ml*30포,Unknown,10,690000,2,2,2,3,Needs Review
[정관장] 홍삼보력 50ml*60포,Unknown,3,570000,2,2,1,3,Needs Review
[정관장] 홍삼보윤정 데일리스틱 10ml*30포,Unknown,1,0,2,2,1,1,Dormant / Long-tail
[정관장] 홍삼본정 250g*1병,Unknown,2,150000,2,2,1,1,Dormant / Long-tail
[정관장] 홍삼본정세트  250g*2병+레네세 홍삼캔디 수 120g,Unknown,4,440000,2,2,1,2,Dormant / Long-tail
[정관장] 홍삼정 에브리타임 롱기스트 10ml*10포,Unknown,5,200000,2,2,1,2,Dormant / Long-tail
[정관장] 홍삼정 에브리타임 롱기스트 골프에디션 C3,Unknown,1,44200,2,2,1,1,Dormant / Long-tail
[정관장] 홍삼정화스틱  10ml*30포,Unknown,7,600000,2,2,2,3,Needs Review
[정관장] 홍삼충전 50ml*30포,Unknown,1,65000,2,2,1,1,Dormant / Long-tail
[정관장] 홍삼활력 40ml*30포,Unknown,2,100000,2,2,1,1,Dormant / Long-tail
[정관장] 홍삼활력보세트 250g*2병,Unknown,2,260000,2,2,1,2,Dormant / Long-tail
[정권식] 40년 경력 정권식 셰프의 간편 짜장면,국/탕/찌개/면,59,1847200,1,3,4,4,Steady Sellers
[정담푸드] 프리미엄 상황버섯진액 선물세트,건강식품,2,270000,1,3,1,2,Needs Review
[정림식품] 오븐에 구운 센베이 옛날과자 선물세트,과자/간식/안주,14,306600,0,5,2,2,New / Niche SKUs
[정진푸드] 건어물 마른안주 8종 모음전,과자/간식/안주,214,1331800,1,3,5,4,Steady Sellers
[제로퍼센트] 하향식분사 특허 프리미엄 휴대용 손소독제,욕실/세정/위생용품,16,116300,1,3,2,1,Needs Review
[제스프리] 뉴질랜드 프리미엄 골드 키위 대과,농축산/과일/계란,89,3553400,1,3,4,5,Steady Sellers
[제스프리] 뉴질랜드 프리미엄 골드키위,식품,41,1626300,0,5,4,4,Star Performers
[제스프리] 뉴질랜드 프리미엄 골든키위 대과,농축산/과일/계란,97,3904300,2,2,4,5,Declining Stars (At Risk)
[제스프리] 제주산 제스프리 골드키위선물세트,농축산/과일/계란,1,0,1,3,1,1,Needs Review
[제스프리] 프리미엄 골드키위 선물세트,농축산/과일/계란,14,557400,2,2,2,3,Needs Review
[제이니] 휴대용 핸즈프리 넥 선풍기 3color,Unknown,16,354200,2,2,2,2,Dormant / Long-tail
[제이시아] 바이오셀룰로오스 모이스쳐 수분 마스크팩 2종,뷰티/다이어트,5,40000,2,2,1,1,Dormant / Long-tail
[제이시아] 순수 비타민C  리얼비타나인 1SET (15개입),뷰티/다이어트,2,120000,2,2,1,1,Dormant / Long-tail
[제이시아] 제주 마유 마이크로 폼 클렌져 150ml,뷰티/다이어트,1,0,2,2,1,1,Dormant / Long-tail
[제이쓰리] 프리미엄 케어 플로라 클렌징폼 200g,뷰티/다이어트,11,242000,1,3,2,2,Needs Review
[제이웰푸드] 간편한 명품한알 고체 육수 6종,잼/오일/조미/장,261,1651000,1,3,5,4,Steady Sellers
[제일] 실속있고 맛있는 쫄쫄이 오징어,수산/건어물/김,1092,24678000,1,3,5,5,Steady Sellers
[제주내먹] 오븐에 구운 제주 두부한과 세트,과자/간식/안주,27,405000,1,3,3,2,Needs Review
[제주네이처] 프리미엄 석류즙 30포,Unknown,1,25000,3,1,1,1,Dormant / Long-tail
[제주네이쳐] 달콤함을 담은 제주과자 4종,과자/간식/안주,59,1075500,0,5,4,3,Steady Sellers
[제주네이쳐] 두툼한 고기의 맛을 느낄 수 있는 프리미엄 수제돈까스,밥/반찬/요리,146,829000,0,5,5,3,Steady Sellers
[제주네이쳐] 맛있는 양배추즙 30포,건강,1115,46419100,0,5,5,5,Star Performers
[제주네이쳐] 맛있는 유기농 여주즙 30포,건강식품,73,3536500,0,5,4,5,Star Performers
[제주네이쳐] 배도라지하영 30포,건강식품,33,1311000,0,5,3,4,Steady Sellers
[제주네이쳐] 배도라지하영 콜라겐 30포,건강식품,3,166000,3,1,1,1,Dormant / Long-tail
[제주네이쳐] 석류하영 콜라겐 30포,건강,38,1644000,0,5,3,4,Steady Sellers
[제주네이쳐] 알로에하영 30포,건강식품,15,476500,0,5,2,2,New / Niche SKUs
[제주네이쳐] 요망진 ABC 주스 30포,건강식품,45,2547500,0,5,4,4,Star Performers
[제주네이쳐] 유기농 레드비트 진액 30포,건강식품,27,1050000,0,5,3,3,Steady Sellers
[제주네이쳐] 제주 프리미엄 흑돈으로 만든 명품 햄 육포 명절선물세트,과자/간식/안주,16,720000,0,5,2,3,Needs Review
[제주네이쳐] 제주 프리미엄 흑돈으로 탄생시킨 정통 독일식 소시지,과자/간식/안주,285,1652000,0,5,5,4,Star Performers
[제주네이쳐] 풋귤 몰랑몰랑 곤약젤리,뷰티/다이어트,26,755500,0,5,3,3,Steady Sellers
[제주네이쳐] 풋귤하영 콜라겐 30포,건강식품,10,527500,0,5,2,2,New / Niche SKUs
[제주네이쳐] 프리미엄 노니주스 30포,건강식품,9,491000,2,2,2,2,Dormant / Long-tail
[제주네이쳐] 프리미엄 석류즙 30포,건강식품,46,2427500,0,5,4,4,Star Performers
[제주농장] 2023년 제주 남원 조생 감귤,식품,82,2002500,1,3,4,4,Steady Sellers
[제주농장] 겨울 제철 제주 콜라비 3kg,식품,40,622000,1,3,4,3,Steady Sellers
[제주농장] 고당도 하우스 9월 만생 감귤 추석 특별구성,농축산/과일/계란,23,843000,1,3,3,3,Steady Sellers
[제주농장] 고당도 하우스 감귤 3/5kg,농축산/과일/계란,21,821000,1,3,3,3,Steady Sellers
[제주농장] 맛도 좋고 몸에도 좋은 제주 애플망고,농축산/과일/계란,3,331500,2,2,1,2,Dormant / Long-tail
[제주농장] 밤맛이 나는 제주 미니 밤호박,식품,138,3641000,0,5,5,5,Star Performers
[제주농장] 새콤달콤 제주산 금귤,농축산/과일/계란,45,1175000,1,3,4,4,Steady Sellers
[제주농장] 아삭아삭 달큰한 맛 제주 구좌 당근,식품,206,4641800,0,5,5,5,Star Performers
[제주농장] 자연을 담은 제주 황금향,식품,86,2780000,1,3,4,4,Steady Sellers
[제주농장] 제주 하우스 황금향 선물세트,식품,21,1199000,1,3,3,4,Steady Sellers
[제주농장] 제주산 고당도 초당옥수수,농축산/과일/계란,20,451200,1,3,3,2,Needs Review
[제주농장] 풍부한 과즙! 진하고 단단한 제주산 레드비트,식품,10,189000,0,5,2,1,New / Niche SKUs
[제주명품] 제주 남원 조생 감귤 S~L 혼합과,Unknown,354,10895200,3,1,5,5,Declining Stars (At Risk)
[제주바다] 감태밀면 200g x 3개(3인분) + 소스 300g 택1,국/탕/찌개/면,24,342300,2,2,3,2,Needs Review
[제주수협] 살아있는 프리미엄 제주 활광어 어묵,밥/반찬/요리,906,3901700,1,3,5,5,Steady Sellers
"[제주애과일] 제주대표 귀족과일, 제주 황금향",농축산/과일/계란,99,3990000,2,2,4,5,Declining Stars (At Risk)
"[제주애과일] 키위의 명작, 제주 레드키위",농축산/과일/계란,39,1537000,3,1,3,4,Steady Sellers
[제주어멍] 제주 간고등어 선물세트,수산/건어물/김,4,260000,2,2,1,2,Dormant / Long-tail
[제주어멍] 제주 간고등어 선물세트 (대/특대),수산/건어물/김,5,352000,1,3,1,2,Needs Review
[제주어멍] 제주 갈치 선물세트,수산/건어물/김,8,1092000,2,2,2,3,Needs Review
[제주어멍] 제주 갈치 선물세트 (중/대/특대),수산/건어물/김,5,837000,1,3,1,3,Needs Review
[제주어멍] 제주 갈치/고등어 선물세트,수산/건어물/김,9,1050000,2,2,2,3,Needs Review
[제주어멍] 제주 갈치/고등어/굴비 선물세트,수산/건어물/김,19,1240000,1,3,3,4,Steady Sellers
[제주어멍] 제주 갈치/고등어/옥돔 선물세트,수산/건어물/김,5,592000,1,3,1,3,Needs Review
[제주어멍] 제주 갈치/굴비 선물세트,수산/건어물/김,18,1526000,1,3,3,4,Steady Sellers
[제주어멍] 제주 갈치/옥돔 선물세트,수산/건어물/김,24,3010000,1,3,3,5,Steady Sellers
[제주어멍] 제주 옥돔 선물세트,수산/건어물/김,9,1025000,2,2,2,3,Needs Review
[제주어멍] 제주 옥돔 선물세트(중/대),수산/건어물/김,8,950000,1,3,2,3,Needs Review
[제주의맛] 100% 자연산 프리미엄 성게알,수산/건어물/김,50,2235000,1,3,4,4,Steady Sellers
[제주의맛] 고당도 제주 타이벡 감귤 3kg,수산/건어물/김,5,123000,2,2,1,1,Dormant / Long-tail
[제주의맛] 당도높은 타이벡 농법 남원 감귤,수산/건어물/김,1051,33736200,1,3,5,5,Steady Sellers
[제주의맛] 산지직송 극강의 달콤함 레드향,식품,45,1967000,0,5,4,4,Star Performers
[제주의맛] 육즙가득 프리미엄 제주 흑돼지,농축산/과일/계란,187,4718500,1,3,5,5,Steady Sellers
[제주의맛] 제주 100% 자연산 잘말린톳,수산/건어물/김,8,96000,2,2,2,1,Dormant / Long-tail
[제주의맛] 제주 구좌향 세척당근,수산/건어물/김,46,804700,2,2,4,3,Steady Sellers
[제주의맛] 제주 남원 조생 명품감귤 S~L 혼합과,수산/건어물/김,654,20924200,2,2,5,5,Declining Stars (At Risk)
[제주의맛] 제주 남원 프리미엄 타이벡 감귤(사전예약 이벤트 5kg+5kg),수산/건어물/김,68,2614500,1,3,4,4,Steady Sellers
[제주의맛] 제주 돗멘(흑돼지라면) & 딱멘(딱새우라면),수산/건어물/김,184,4480500,2,2,5,5,Declining Stars (At Risk)
[제주의맛] 제주 자연산 생물 뿔소라,수산/건어물/김,24,818200,2,2,3,3,Steady Sellers
[제주의맛] 제주 자연산 톳 뿔소라 장 세트,밥/반찬/요리,38,1295000,1,3,3,4,Steady Sellers
[제주의맛] 제주 하우스 한라봉,식품,35,1221000,0,5,3,4,Steady Sellers
[제주의맛] 제주 흑돼지와 멜젓 선물세트,식품,44,2635000,0,5,4,4,Star Performers
[제주의맛] 제주!하면 한라봉,수산/건어물/김,48,1902900,1,3,4,4,Steady Sellers
[제주의맛] 제주도 산지직송 극강의 달콤함 레드향,수산/건어물/김,167,8448500,1,3,5,5,Steady Sellers
[제주의맛] 직접 낚아올린 자연산 제주 한치,수산/건어물/김,8,358400,1,3,2,2,Needs Review
[제주의맛] 천리를 가는 향기를 담은 제주 햇 천혜향,수산/건어물/김,85,3750000,1,3,4,5,Steady Sellers
[제주의맛] 청정 제주 자연산 돌미역,수산/건어물/김,32,682000,1,3,3,3,Steady Sellers
[제주의맛] 하늘이 내린 향기 유기농 제주 햇 천혜향,식품,49,2166900,0,5,4,4,Star Performers
[제주좋아] 건조할 틈이 없는 제주동백오일 립밤 4종,뷰티/다이어트,23,172500,1,3,3,1,Needs Review
[제주청정마을] 제주 레드향 선물세트 3kg,식품,17,594000,0,5,3,3,Steady Sellers
[제주청정마을] 제주 천혜향 선물세트 3kg,식품,6,175600,0,5,2,1,New / Niche SKUs
[제주청정마을] 제주 한라봉 선물세트 3kg,식품,7,198500,0,5,2,2,New / Niche SKUs
[젤라또야] 프리미엄 아이스크림 젤라또 4종,식품,38,904000,0,5,3,3,Steady Sellers
[조선명가 서서갈비] 초이스 등급 프리미엄 소불고기,밥/반찬/요리,131,5156800,1,3,5,5,Steady Sellers
[조선황실] 100% 천연펄프 뽑아쓰는 키친티슈,생활용품/차량용품/마스크,16,306000,1,3,2,2,Needs Review
[졸리에졸리] London Blue Topaz  AAA등급  한정판 40,패션/잡화,44,11026000,2,2,4,5,Declining Stars (At Risk)
[졸리에졸리] Swiss Royal Blue Topaz  AAA등급  한정판 20,패션/잡화,22,5662000,2,2,3,5,Steady Sellers
[졸리에졸리] 바로크 진주 목걸이 6컬러 한정판 10,패션/잡화,34,5272000,1,3,3,5,Steady Sellers
[졸리에졸리] 블랙틴트오닉스 목걸이,패션/잡화,32,6700000,1,3,3,5,Steady Sellers
[종근당] 나에게 꼭 맞는 프로바이오틱스 락토핏,건강식품,61,2325300,2,2,4,4,Declining Stars (At Risk)
[줌마수홍] 1등급 한우 양념구이,밥/반찬/요리,36,984000,2,2,3,3,Steady Sellers
[줌마수홍] 박수홍의 착한 장조림 110g*20봉 세트,밥/반찬/요리,44,2415600,2,2,4,4,Declining Stars (At Risk)
[쥬빌레푸드] msg 없이 깔끔한 프리미엄 건어물 건슐랭,수산/건어물/김,51,1010500,0,5,4,3,Steady Sellers
[쥬빌레푸드] 가장 맛있는 모둠 참치회 2종,수산/건어물/김,18,1013400,0,5,3,3,Steady Sellers
[쥬빌레푸드] 갈치속젓을 싸먹는 오독오독 일품 식감 곰피쌈밥,김치/젓갈,29,287100,0,5,3,2,Needs Review
[쥬빌레푸드] 고당도 프리미엄 머스크메론,농축산/과일/계란,17,302400,0,5,3,2,Needs Review
[쥬빌레푸드] 국내산 쌀로만든 공주 알밤식빵,유제품/베이커리/떡,248,5235700,0,5,5,5,Star Performers
[쥬빌레푸드] 국내최초개발 명란쭈꾸미와 넓적당면,밥/반찬/요리,23,457700,0,5,3,2,Needs Review
[쥬빌레푸드] 굽지 않고 바로 먹는 쫄쫄이 오징어,수산/건어물/김,61,1830000,0,5,4,4,Star Performers
[쥬빌레푸드] 꼬들꼬들 복어 껍질 무침,수산/건어물/김,17,318400,0,5,3,2,Needs Review
[쥬빌레푸드] 두 가지 소스와 같이 먹는 푸주 홍게 어묵탕,국/탕/찌개/면,27,672500,0,5,3,3,Steady Sellers
[쥬빌레푸드] 봄 철 기운나게 하는 오리주물럭,밥/반찬/요리,127,1955700,0,5,5,4,Star Performers
[쥬빌레푸드] 빈타이 포타 프리미엄 베트남 소고기 쌀국수,국/탕/찌개/면,37,432000,0,5,3,2,Needs Review
[쥬빌레푸드] 신맛 적은 고당도 카라카라 오렌지,농축산/과일/계란,19,254400,0,5,3,2,Needs Review
[쥬빌레푸드] 씹을수록 풍미 대박 페스츄리 오징어 어부의명작,수산/건어물/김,33,570700,0,5,3,3,Steady Sellers
[쥬빌레푸드] 얼리지 않은 자연산 병어회,수산/건어물/김,65,1631700,1,3,4,4,Steady Sellers
[쥬빌레푸드] 완주산 생강 재배 진짜배기 유기농 편강생강진액,수산/건어물/김,407,5427000,0,5,5,5,Star Performers
[쥬빌레푸드] 조치원 복숭아 백도 말랑이 / 딱딱이 4kg,농축산/과일/계란,67,2880700,0,5,4,5,Star Performers
[쥬빌레푸드] 진품종자 인증된 맛 무주 찐 찰옥수수,농축산/과일/계란,82,1360800,0,5,4,4,Star Performers
[쥬빌레푸드] 쫀득 담백한 스지 아롱사태 수육,밥/반찬/요리,177,3111300,0,5,5,5,Star Performers
[쥬빌레푸드] 촉촉한 중간 식감 조치원 복숭아 4kg,수산/건어물/김,31,1338900,1,3,3,4,Steady Sellers
[쥬빌레푸드] 풍부한 과즙 좋은 당도 김천 인생자두,농축산/과일/계란,46,1280200,0,5,4,4,Star Performers
[쥬빌레푸드] 하늘을 우러러 부끄럽지 않은 한우 편육,과자/간식/안주,210,4389000,0,5,5,5,Star Performers
[쥬빌레푸드] 한번 맛보면 멈출 수 없는 쭈꾸미슐랭,밥/반찬/요리,142,3626000,0,5,5,5,Star Performers
[지리산골사람들] 추어탕의 본고장 남원 새집추어탕,국/탕/찌개/면,68,2607000,1,3,4,4,Steady Sellers
[지리산사람들] 2023 기간한정 지리산 고로쇠 수액,음료/차,127,18249000,1,3,5,5,Steady Sellers
[지영옥] 국내산 닭다리 정육 통살닭구이 3종,밥/반찬/요리,36,521500,0,5,3,2,Needs Review
[지타촌] 식물성 단백질 대마 프로틴 초코볼,과자/간식/안주,44,1327800,2,2,4,4,Declining Stars (At Risk)
[지티생활건강] LED 차량용 에어서큘레이터 선풍기,Unknown,21,178500,1,3,3,1,Needs Review
[직지방앗간] 쌀과 막걸리로 만든 직지방울떡&판기지떡,유제품/베이커리/떡,252,4835000,1,3,5,5,Steady Sellers
[진가] 진생용셰프의 전통 사천요리 마파두부/마라두부,밥/반찬/요리,102,1187200,1,3,4,4,Steady Sellers
[진가] 진생용셰프의 특급 유니짜장,밥/반찬/요리,263,2787700,2,2,5,4,Declining Stars (At Risk)
[진가] 진생용셰프의 품격있는 대게 류산슬,밥/반찬/요리,166,2805100,2,2,5,5,Declining Stars (At Risk)
[쩡이네] 최상급 한돈 눈꽃 목살,농축산/과일/계란,107,2018000,2,2,5,4,Declining Stars (At Risk)
[쩡이네] 최상급 한돈 눈꽃 삼겹살,농축산/과일/계란,140,3002400,1,3,5,5,Steady Sellers
[쪼르메스] 럭셔리함에 맛을 더하다 청담쫀드기 3종 세트,과자/간식/안주,6,185700,2,2,2,1,Dormant / Long-tail
[쪽쪽박사] 속편하게 쪽! 짜먹는 간편 죽 3종,Unknown,114,2791000,2,2,5,4,Declining Stars (At Risk)
[쫀슐랭] 달콤바삭 추억의맛 달고나 건빵,과자/간식/안주,32,724000,0,5,3,3,Steady Sellers
[쫀슐랭] 대구 명물 찹쌀도넛 콩국,국/탕/찌개/면,36,580200,1,3,3,3,Steady Sellers
[쫀슐랭] 두툼한 목포 밥통 쫀드기 업그레이드,과자/간식/안주,90,2310500,1,3,4,4,Steady Sellers
[쫀슐랭] 중독되는 그 맛 쫄깃한 쫀징어 4종,과자/간식/안주,106,837400,1,3,4,3,Steady Sellers
[쫀슐랭] 파기름 비빔국수와 납작만두,국/탕/찌개/면,6,160000,0,5,2,1,New / Niche SKUs
[쫀슐랭] 팔공산 분식 4대천왕 쫄면과 납작만두,국/탕/찌개/면,16,500000,1,3,2,2,Needs Review
[찡어팩토리] 리얼 영화관 땅콩버터구이 오징어,과자/간식/안주,116,2432100,0,5,5,4,Star Performers
[차연] 약산성 그린티 데일리 토너패드,뷰티/다이어트,12,625800,1,3,2,3,Needs Review
[착한농부] 2억년의 감칠맛 히말라야 핑크솔트,잼/오일/조미/장,61,1080000,0,5,4,3,Steady Sellers
[착한농부] 맑아지는 레시피 티백 쑥혈차,음료/차,71,795000,0,5,4,3,Steady Sellers
[착한농부] 차를 만들다 TEA 3종 세트,음료/차,2,27000,1,3,1,1,Needs Review
[착한한끼] 부산의 명물 수제 유부주머니,국/탕/찌개/면,226,1870500,1,3,5,4,Steady Sellers
[찬스푸드] 사위사랑 가득찬 닭다리 삼계탕,밥/반찬/요리,221,1949100,0,5,5,4,Star Performers
[찬스푸드] 손자사랑 도가니탕 600g,식품,196,1772200,0,5,5,4,Star Performers
[찬스푸드] 푸짐하게 담아낸 명품 갈비탕 2종,국/탕/찌개/면,1085,8095000,0,5,5,5,Star Performers
[참cham] 간장 계란밥용 뿜뿜 소스 185g,잼/오일/조미/장,248,1394500,2,2,5,4,Declining Stars (At Risk)
[참cham] 간장 계란밥용 뿜뿜 소스 185g*3개,잼/오일/조미/장,4,39600,1,3,1,1,Needs Review
[참그루] 더패치 관절 근육통 원적외선 파스,건강용품,57,922300,1,3,4,3,Steady Sellers
[참도깨비어시장] 맑은 제주 바다에서 온 제주산 토막 은갈치,수산/건어물/김,144,1666000,0,5,5,4,Star Performers
[참이누리] 초소형 유아용 마스크 20매,생활용품/차량용품/마스크,12,222000,1,3,2,2,Needs Review
[참자연] 대관령 황태 혼합 선물세트,식품,7,277000,2,2,2,2,Dormant / Long-tail
[참자연] 송이버섯 담은 고체육수 육수잘알,잼/오일/조미/장,140,1066500,0,5,5,3,Steady Sellers
[참자연] 자연송이 고추장&된장 선물세트,식품,16,528000,2,2,2,2,Dormant / Long-tail
[창비] 아버지의 해방일지,도서,1,15000,1,3,1,1,Needs Review
[채움] 신체항상성과 건강증진 아르기닌진 6000,건강식품,23,414000,1,3,3,2,Needs Review
[챠스빈푸드] 안노찬 한식대가 황태곰탕,국/탕/찌개/면,34,724680,1,3,3,3,Steady Sellers
"[천호엔케어] 1,000% 고농축 위풍당당 여주 분말 30g * 2병 / 1박스",건강식품,19,536400,2,2,3,3,Steady Sellers
[천호엔케어] 기운담은 일품 산삼배양근,건강식품,83,16434000,1,3,4,5,Steady Sellers
[천호엔케어] 녹용품은 산삼배양근 75ml*10병,건강식품,26,3179000,2,2,3,5,Steady Sellers
[천호엔케어] 녹용홍삼활력 70ml*30포,건강식품,75,9990000,2,2,4,5,Declining Stars (At Risk)
[천호엔케어] 더블랙 천맥녹용,건강식품,13,880000,1,3,2,3,Needs Review
[천호엔케어] 더블랙 흑마늘,건강식품,6,594000,1,3,2,3,Needs Review
[천호엔케어] 흑마늘 더 블랙 70ml*30포,건강식품,8,1840000,2,2,2,4,Needs Review
[철마연밥] 부산 한정식 맛집 건강 연잎밥 200g,밥/반찬/요리,37,307100,1,3,3,2,Needs Review
[청국장명가] 30년 전통의 노하우 국산 청국장 된장 고추장 4종,잼/오일/조미/장,239,3966000,0,5,5,5,Star Performers
[청년작목반] 대저 짭짤이 토마토,농축산/과일/계란,164,4960700,1,3,5,5,Steady Sellers
[청담] 식용유처럼 사용 가능한 들깨요리유 500ml,잼/오일/조미/장,133,4098600,1,3,5,5,Steady Sellers
[청벽집] 공주맛집 메기매운탕 2인분,국/탕/찌개/면,9,270000,2,2,2,2,Dormant / Long-tail
[청벽집] 공주맛집 새우매운탕 2인분,국/탕/찌개/면,10,225000,2,2,2,2,Dormant / Long-tail
[청벽집] 공주맛집 참게매운탕,국/탕/찌개/면,2,53800,2,2,1,1,Dormant / Long-tail
[청우수산] 국산 한국인의 멸치/건새우 선물세트,수산/건어물/김,1,54000,2,2,1,1,Dormant / Long-tail
[체리마을] 초여름 새콤달콤 제철과일 경주 체리,식품,59,2262800,0,5,4,4,Star Performers
[초신선] 저온로스팅 국내산 들기름+참깨 선물세트,식품,3,150000,1,3,1,1,Needs Review
[초의차] 명인의 진향&연향 100티백,음료/차,16,785000,0,5,2,3,Needs Review
[초의차] 세상을 향기롭게 하는 초의꽃차 6종 세트,음료/차,38,1330000,0,5,3,4,Steady Sellers
[초이스카페] 드립캡슐머신 + 드립캡슐 60캡슐 세트,생활가전,4,490900,1,3,1,2,Needs Review
[초이스카페] 유명 브랜드 드립캡슐 커피&티 12종,음료/차,6,91600,0,5,2,1,New / Niche SKUs
[촌드레푸드] 국내산 청양고추로 맛을낸 매콤 코다리 조림,밥/반찬/요리,80,1544400,0,5,4,4,Star Performers
[치즈가든] 리얼 액상형 에멘탈튜브치즈,잼/오일/조미/장,7,166600,2,2,2,1,Dormant / Long-tail
[치즈가든] 부드러운 스위트크림치즈,잼/오일/조미/장,24,480000,1,3,3,2,Needs Review
[카셀] 3단계 칼갈이 나이프 샤프너 V2,주방잡화/용품,22,1100000,1,3,3,3,Steady Sellers
[카카오패밀리] 제주 수제 카밀라스 카라멜/카카오볼,과자/간식/안주,15,276500,1,3,2,2,Needs Review
[카타민] 유종무관! 친환경 엔진영양제 카타민 메가파워,생활용품/차량용품/마스크,20,516700,1,3,3,2,Needs Review
[칸] 고급 수제 쇠고기 육포 선물세트,식품,14,757200,1,3,2,3,Needs Review
[칸] 짜지 않고 담백한 수제 쇠고기 육포 30g 5종,과자/간식/안주,124,594000,1,3,5,3,Steady Sellers
[칼라테레비] 겨울 털신 베이직 슬리퍼 1+1,패션/잡화,14,175000,1,3,2,1,Needs Review
[칼라테레비] 겨울 털신 소프트 슬리퍼 1+1,패션/잡화,11,137500,1,3,2,1,Needs Review
[칼라테레비] 겨울 털신 스트라이프 슬리퍼 1+1,패션/잡화,53,826800,1,3,4,3,Steady Sellers
[칼라테레비] 깨지지 않는 스테인리스 와인잔 350ml,생활,6,71400,0,5,2,1,New / Niche SKUs
[칼라테레비] 따뜻하고 포근한 누빔 겨울 실내 슬리퍼 2족 세트,패션/잡화,2,19800,1,3,1,1,Needs Review
[칼라테레비] 따뜻하고 포근한 누빔 실내 슬리퍼 2족 세트,패션/잡화,37,335300,2,2,3,2,Needs Review
[칼라테레비] 따뜻하고 포근한 누빔 실내 슬리퍼 2켤레,패션/잡화,1,8900,3,1,1,1,Dormant / Long-tail
[칼라테레비] 빈티지 고양이 블랭킷,가구/인테리어,4,89400,0,5,1,1,New / Niche SKUs
[칼라테레비] 스펀지공 발사놀이 귀여운 애니멀 퐁,유아동/완구/매트,8,101570,1,3,2,1,Needs Review
[칼라테레비] 슬라이드 수납함+양념통 SET,주방잡화/용품,14,151200,1,3,2,1,Needs Review
[칼라테레비] 실리콘 밥솥 칸막이,주방잡화/용품,13,206600,0,5,2,2,New / Niche SKUs
[칼라테레비] 아크릴 냉장고 스케줄 보드 + 보드 마카(6Color) 세트,생활용품/차량용품/마스크,3,35700,0,5,1,1,New / Niche SKUs
[칼라테레비] 야구놀이 스티키 스트라이크존,유아동/완구/매트,2,25800,2,2,1,1,Dormant / Long-tail
[칼라테레비] 얇은 기모 후드 트레이닝복 세트 1+1,패션/잡화,175,6623400,1,3,5,5,Steady Sellers
[칼라테레비] 와이드 무지&꼬임 헤어밴드,패션/잡화,255,478800,1,3,5,2,Needs Review
[칼라테레비] 쫀쫀한 마성의 족발 세트,과자/간식/안주,49,1227400,0,5,4,4,Star Performers
[칼라테레비] 토네이도 샤워기+PVC에코호스,욕실/세정/위생용품,69,1937000,0,5,4,4,Star Performers
[칼라테레비] 폭신폭신 소프트 샌들 3color,패션/잡화,68,903500,1,3,4,3,Steady Sellers
[칼라테레비] 피젯토이 야광 스티키볼,유아동/완구/매트,3,42000,2,2,1,1,Dormant / Long-tail
"[캠핑밥상] 30년 부산명물, 한우 낙곱새",국/탕/찌개/면,410,6994300,2,2,5,5,Declining Stars (At Risk)
"[캠핑밥상] 30년 부산명물, 한우곱창 낙곱새 2인분",밥/반찬/요리,25,422600,0,5,3,2,Needs Review
[캠핑밥상] 조개의 감칠맛과 깊이를 더한 봉골레 파스타,국/탕/찌개/면,38,584400,0,5,3,3,Steady Sellers
[커스텀플라스틱] 차량용 컵홀더 & 무선충전 트레이,생활,70,5063500,0,5,4,5,Star Performers
[컨어스] 고급 조리 기법으로 만든 훈제 연어 수비드,밥/반찬/요리,10,320000,2,2,2,2,Dormant / Long-tail
[케어팟] 완벽살균 간편세척 큐브 스테인리스 가습기,계절가전/계절용품,2,189000,2,2,1,1,Dormant / Long-tail
[케어프린] 핸즈프리 스마트센서 휴지통 16L,생활용품/차량용품/마스크,5,331600,2,2,1,2,Dormant / Long-tail
[케이닥] 초특가 국산 닥솜 한지 프리미엄 마스크,생활,240,4596900,1,3,5,5,Steady Sellers
[케이맥스] 붙이는 자동 소화기 2p x 10개,생활용품/차량용품/마스크,15,300000,1,3,2,2,Needs Review
[케이앤에이치] 친환경 1등급 간편 바베큐용 홍탄숯,생활용품/차량용품/마스크,5,79000,1,3,1,1,Needs Review
[코끼리] 포터블 휴대용 전기 히터,계절가전/계절용품,7,245000,2,2,2,2,Dormant / Long-tail
[코렐] 몬테베르데 산호세 식기 세트,수저/양식기,2,138000,1,3,1,1,Needs Review
[코렐] 미스틱 그레이 식기 세트,수저/양식기,1,135500,1,3,1,1,Needs Review
[코렐] 실버트리 식기 세트,수저/양식기,2,0,1,3,1,1,Needs Review
[코렐] 트리버드 식기 세트,수저/양식기,1,56000,1,3,1,1,Needs Review
[코리아나] 제니스웰 UV 프로텍션 수딩 선크림,뷰티/다이어트,78,2964000,1,3,4,5,Steady Sellers
[코리아푸드] 원조인간사료 옛날과자 모음전,과자/간식/안주,81,824000,2,2,4,3,Steady Sellers
[코리안푸드] 해남 세척 꿀밤고구마,농축산/과일/계란,53,994100,1,3,4,3,Steady Sellers
[코베아] 저소음 설계방식 제빙기,생활가전,5,1145000,2,2,1,4,Needs Review
[코벤] 하루 20분! 스마트 훌라우프,건강용품,18,430200,1,3,3,2,Needs Review
[코오롱제약] 쏘팔메토 옥타코사놀 파워업,건강식품,74,4810000,1,3,4,5,Steady Sellers
[코오롱제약] 유기농 프리바이오틱스,건강식품,5,102600,1,3,1,1,Needs Review
[코오롱제약] 프리바이오틱스 생유산균,건강식품,2,0,0,5,1,1,New / Niche SKUs
[코젤라] UV 다용도 멀티 살균기,생활가전,1,69000,2,2,1,1,Dormant / Long-tail
[코카콜라] 50주년 기념 한정판 캡모자,패션/잡화,11,300000,1,3,2,2,Needs Review
[코코리찌] 스와로브스키 크리스탈 진주 풀4종 세트,패션/잡화,4,1640000,1,3,1,4,Needs Review
[콕스타] 프리미엄 오븐형 에어프라이어 24L 대용량,주방가전,5,1995000,1,3,1,4,Needs Review
[쿠라빌] 100% 국내산 추출 프로폴리스,건강식품,14,839800,0,5,2,3,Needs Review
[쿠비녹스] 리모컨형 스탠드 써큘레이터 선풍기 CX-224RC,Unknown,24,3197000,1,3,3,5,Steady Sellers
[쿠비녹스] 아날로그형 스탠드 써큘레이터 선풍기 CX-224AC,Unknown,4,516000,2,2,1,2,Dormant / Long-tail
[쿠비녹스] 휴대용 클립형 요가 선풍기 CX-216CF,Unknown,15,698600,1,3,2,3,Needs Review
[쿡선생] 간편조리 홍크림새우 밀키트 2팩,밥/반찬/요리,17,506600,2,2,3,2,Needs Review
[쿨나잇] 열대야를 잊다 냉감 베개 커버,계절가전/계절용품,86,1971700,0,5,4,4,Star Performers
[쿨나잇] 열대야를 잊다 엠보싱 냉감패드,계절가전/계절용품,291,29398000,0,5,5,5,Star Performers
[쿨린] 004 6인치 탁상형 무선선풍기,계절가전/계절용품,2,59800,1,3,1,1,Needs Review
[쿨린] 005 허니콤 6인치 무선 선풍기,계절가전/계절용품,2,50600,1,3,1,1,Needs Review
[쿨린] 110 초음파 미니 가습기 1L,계절가전/계절용품,13,744000,1,3,2,3,Needs Review
[쿨린] 156 3in1 목걸이형 미니 선풍기,계절가전/계절용품,1,14900,2,2,1,1,Dormant / Long-tail
[쿨린] 261 미스티 미니 유선 가습기 280ml,계절가전/계절용품,5,99500,2,2,1,1,Dormant / Long-tail
[쿨린] 263 모션센서 초음파 무선가습기 800ml,계절가전/계절용품,11,476100,2,2,2,2,Dormant / Long-tail
[쿨린] 264 큐브 미니 초음파 가습기 1.7L,계절가전/계절용품,2,178000,2,2,1,1,Dormant / Long-tail
[쿨린] 410T IoT 분리세척 대용량 가습기 4L,계절가전/계절용품,9,875000,1,3,2,3,Needs Review
[쿨린] 440 2중 안심 살균 가습기 4L,계절가전/계절용품,3,477000,2,2,1,2,Dormant / Long-tail
[쿨린] 870 공기청정 무선 써큘레이터,계절가전/계절용품,2,292200,1,3,1,2,Needs Review
[쿨린] 8900W 허니콤 12인치  무선 스탠드 선풍기,계절가전/계절용품,1,158900,2,2,1,1,Dormant / Long-tail
[쿨린] MAX 대용량 보조배터리 3만/5만mAh 2종,생활가전,10,437200,1,3,2,2,Needs Review
[쿨보틀] 특수 냉매로 만든 시원한 예감 보냉기,계절가전/계절용품,41,512500,1,3,4,2,Needs Review
[퀸나] 강력하게 분사되는 고온 고압 스팀청소기,생활가전,55,4752000,1,3,4,5,Steady Sellers
[퀸나] 매일매일 새것처럼 슬립 케어 침구 청소기,생활가전,53,9450000,1,3,4,5,Steady Sellers
[퀸나] 신선함을 그대로 리프레쉬 락 진공포장기,주방가전,40,6042000,2,2,4,5,Declining Stars (At Risk)
[퀸메이드] 건강한 식기 라온 2인 반상기 세트,수저/양식기,6,727200,2,2,2,3,Needs Review
[퀸즈] 내츄럴코튼 시그니처 뉴 오가닉 생리대,생활용품/차량용품/마스크,10,915000,1,3,2,3,Needs Review
[클라우디아] 기분을 관리하면 인생이 관리된다,도서,2,35200,0,5,1,1,New / Niche SKUs
[클린] 다용도 우레탄 수세미,주방잡화/용품,38,209000,1,3,3,2,Needs Review
[클린닥터] 에어컨용 나노 항균필터,계절가전/계절용품,7,418600,1,3,2,2,Needs Review
[클린데이] 국내생산 올인원 캡슐세제,욕실/세정/위생용품,9,209600,2,2,2,2,Dormant / Long-tail
[클린버블] 세탁조 클리너,욕실/세정/위생용품,20,381400,2,2,3,2,Needs Review
[키움채] 무농약 유럽 샐러드 쌈채소,농축산/과일/계란,33,644000,2,2,3,3,Steady Sellers
[키츠인포레스트] 자연 향기 바디워시 390ml,욕실/세정/위생용품,31,1167500,0,5,3,4,Steady Sellers
[키친그듸] 톳과 활전복이 가득한 간편 영양 제주전복톳밥 300g,밥/반찬/요리,46,978000,1,3,4,3,Steady Sellers
[키친아트] 달고나 세트 올스텐 국내제작 100% 인덕션겸용,주방잡화/용품,64,1364000,1,3,4,4,Steady Sellers
[키친아트] 올스텐 타공 라운드 싱크대 배수구망/생분해 거름망,주방잡화/용품,45,631500,1,3,4,3,Steady Sellers
[키친아트] 통주물 그리들팬 (대나무젓가락증정),냄비/팬/솥,7,99500,2,2,2,1,Dormant / Long-tail
[키토그린] 건강한 삶을 위한 그래놀라 시그니처 200g,건강식품,11,162800,1,3,2,1,Needs Review
[타미힐피거] 정품 남녀공용 코튼 가디건,패션/잡화,7,960000,2,2,2,3,Needs Review
[타밈] 슬릭 종아리 압박 카프 밴드,뷰티/다이어트,63,1853800,2,2,4,4,Declining Stars (At Risk)
[탐난닭] 100%국내산 베이크 양념 치킨 탐난닭,과자/간식/안주,583,5822000,1,3,5,5,Steady Sellers
"[탐라는향] 깊은 감칠맛, 만능 성게알소스",잼/오일/조미/장,10,260100,2,2,2,2,Dormant / Long-tail
[탐라담] 제주 흑돼지 저온숙성 1+돈마호크 600g,Unknown,80,2520000,1,3,4,4,Steady Sellers
"[탐앤탐스] 건강한 제로, 스파클링 워터 플레인",음료/차,25,456000,2,2,3,2,Needs Review
[탐앤탐스] 수분충전 자몽맛 바디 밸런스 이온,음료/차,13,348000,2,2,2,2,Dormant / Long-tail
[테팔] 에센셜 매직핸즈 멀티팬 3p,냄비/팬/솥,10,1440000,1,3,2,4,Needs Review
[테프나라] 메밀에 빠진 글루텐프리 수퍼푸드 테프 냉면,국/탕/찌개/면,7,87600,1,3,2,1,Needs Review
[테프나라] 메밀에 빠진 글루텐프리 수퍼푸드 테프 막국수,국/탕/찌개/면,11,154000,1,3,2,1,Needs Review
[테프나라] 메밀에 빠진 글루텐프리 수퍼푸드 테프 짜장면,국/탕/찌개/면,11,180400,1,3,2,1,Needs Review
[토네이도] 모기와의 종전 꿀잠 모기퇴치기 1+1,계절가전/계절용품,224,5231800,2,2,5,5,Declining Stars (At Risk)
[토리네농장] 청정 제주 자연방목 청계 유정란 청란 20구,농축산/과일/계란,27,716000,2,2,3,3,Steady Sellers
[토우축산] 냉장 한돈 깨끗한 암퇘지 생목살,Unknown,43,960000,1,3,4,3,Steady Sellers
[토우축산] 냉장 한돈 깨끗한 암퇘지 생삼겹살,Unknown,49,1183600,1,3,4,4,Steady Sellers
[토우축산] 한돈 삼겹살 목살 정육 명절선물세트,Unknown,2,134000,2,2,1,1,Dormant / Long-tail
[토우축산] 한우 모듬 정육 명절선물세트,Unknown,58,11820000,1,3,4,5,Steady Sellers
[토우축산] 한우 몸보신 사골 명절선물세트,Unknown,23,2135000,1,3,3,4,Steady Sellers
[토우축산] 한우 암소 1+ 꼬리반골세트,Unknown,4,476000,3,1,1,2,Dormant / Long-tail
[토우축산] 한우 암소 1+ 우족+사골세트,Unknown,1,60000,3,1,1,1,Dormant / Long-tail
[통뼈명가] 두툼한 통뼈 소갈비찜 1.2kg,밥/반찬/요리,38,1364200,1,3,3,4,Steady Sellers
[통영김태공] 바다의 명품 통영 생굴(깐굴),수산/건어물/김,45,625300,1,3,4,3,Steady Sellers
[통영김태공] 바다의 명품 통영 석화,수산/건어물/김,10,177000,1,3,2,1,Needs Review
[통영김태공] 바다의 명품 통영 하프셀(반깐굴),수산/건어물/김,10,169000,1,3,2,1,Needs Review
[통영닭곱새] 얼큰 칼칼한 닭곱새 1.3kg,밥/반찬/요리,31,954800,1,3,3,3,Steady Sellers
[통영직송] 달달 쫄깃 홍가리비 1kg (30미내외),수산/건어물/김,163,1932000,1,3,5,4,Steady Sellers
[트렌톤] 감각적인 도자기 식기 2인 4인 세트,주방잡화/용품,7,450300,1,3,2,2,Needs Review
[트렌톤] 국산 베이지쿡 냉장고 보관용기,주방잡화/용품,119,1866000,1,3,5,4,Steady Sellers
[트윙고] 터빈블레이드 G-셰이커 텀블러 650ml,생활용품/차량용품/마스크,42,1180000,2,2,4,4,Declining Stars (At Risk)
[티프렌] 깊고 진한 전통 쌍화차,건강식품,34,952000,1,3,3,3,Steady Sellers
[파나소닉] 강력한 제트워셔 구강세정기/휴대용 음파 전동칫솔,욕실/세정/위생용품,11,1638300,2,2,2,4,Needs Review
[파라디] 딱딱하지 않은 수제 오란다 과자 란다오,과자/간식/안주,26,720000,2,2,3,3,Steady Sellers
[파우더쉐프] 이장우x쯔양 다용도 맛능가루,잼/오일/조미/장,13,144900,1,3,2,1,Needs Review
"[파워닭] 닭의 죽음을 헛되게 하지마라, 프리미엄 닭가슴살",과자/간식/안주,352,7384800,2,2,5,5,Declining Stars (At Risk)
"[파워닭] 안심스럽닭, 함닭스테이크, 닭가슴살 소시지",과자/간식/안주,143,3455300,0,5,5,5,Star Performers
[파파야플러스] 저탄소 세탁세제/섬유유연제 1L 6종,욕실/세정/위생용품,19,380000,1,3,3,2,Needs Review
[판판] 감자칩의 정석 판판 포테이토칩 4종,과자/간식/안주,175,1957500,1,3,5,4,Steady Sellers
[팔공산냉면] 대구 명물 팔공산 물냉면 비빔냉면 10인분,국/탕/찌개/면,612,5217600,0,5,5,5,Star Performers
[팔도식당] 강레오 셰프의 레시피 곡성 깨비정식 흑돼지 석쇠구이,밥/반찬/요리,53,1586600,1,3,4,4,Steady Sellers
[패미로스] 맛과 영양이 가득한 허니 미숫가루,음료/차,17,510000,2,2,3,2,Needs Review
[패밀리푸드] 3대째 이어오는 숙성 대구돼지막창 500g,밥/반찬/요리,1635,14698700,0,5,5,5,Star Performers
"[팹브리지] 무중력의 편안함, 챔피온 안마기",생활가전,6,2160000,1,3,2,4,Needs Review
[퍼스트글라스] 풀 티타늄 프리미엄 안경테,패션/잡화,28,2875000,1,3,3,5,Steady Sellers
[퍼팅하이웨이] 휴대용 골프 퍼팅 연습기,패션/잡화,2,46000,1,3,1,1,Needs Review
[페라리] 인체공학적 페라리 스쿠데리아 백팩 4종,패션/잡화,7,0,2,2,2,1,Dormant / Long-tail
[페이크릴] 애국굿즈 국뽕굿즈 역사굿즈 패키지 9종,생활용품/차량용품/마스크,12,180000,1,3,2,1,Needs Review
[포레스트북스] 그대 늙어가는 것이 아니라 익어가는 것이다,도서,2,31600,0,5,1,1,New / Niche SKUs
[포세이온] 프리미엄 이온수 샤워기 & 샤워필터,Unknown,18,1711000,2,2,3,4,Steady Sellers
[포스텐] 대용량 분리형 커버 내부 올스텐 고속팬 에어프라이어 7L,주방가전,2,131800,3,1,1,1,Dormant / Long-tail
[포스텐] 대용량 절전형 에어프라이어 7L,주방가전,16,922600,2,2,2,3,Needs Review
[포스텐] 루베크 멀티 전동 다지기 스텐볼세트,주방가전,23,672000,1,3,3,3,Steady Sellers
[포스텐] 루베크 무선 전기 멀티포트1.5L + 라면기세트,주방가전,14,210000,2,2,2,2,Dormant / Long-tail
[포스텐] 루베크 전기 멀티쿠커,주방가전,1,29000,3,1,1,1,Dormant / Long-tail
[포스텐] 루베크 전기 멀티쿠커 2.5L,주방가전,1,29000,2,2,1,1,Dormant / Long-tail
[포스텐] 루베크 전기 멀티쿠커 3.0L,주방가전,7,160000,2,2,2,1,Dormant / Long-tail
[포스텐] 루베크 프리미엄 티포트 1.7L,주방가전,27,837000,1,3,3,3,Steady Sellers
[포스텐] 리빙센스 무선 전기 멀티포트1.7L + 라면기세트,주방가전,17,321300,2,2,3,2,Needs Review
[포스텐] 리빙센스 올인원 키친툴 11종세트,조리도구,1,0,2,2,1,1,Dormant / Long-tail
[포스텐] 리빙센스 와플메이커 3 in 1,주방가전,9,269100,2,2,2,2,Dormant / Long-tail
[포스텐] 리빙센스 핸드블랜더 세트 LHB-S9001,주방가전,9,203000,2,2,2,2,Dormant / Long-tail
[포스텐] 리빙아트 바스토 텀블러 850ml,생활용품/차량용품/마스크,38,570000,1,3,3,3,Steady Sellers
[포스텐] 리빙아트 인덕션 겸용 스텐 곰솥 28cm,냄비/팬/솥,8,207200,2,2,2,2,Dormant / Long-tail
[포스텐] 리빙아트 접이식 무선 전기주전자 0.6L,주방가전,13,175500,1,3,2,1,Needs Review
[포스텐] 리빙아트 한방형 스텐주전자,주방가전,3,53700,3,1,1,1,Dormant / Long-tail
[포스텐] 리빙아트 한방형 스텐주전자 5L,냄비/팬/솥,1,0,3,1,1,1,Dormant / Long-tail
[포스텐] 리빙아트 한방형 스텐주전자 7L,냄비/팬/솥,2,17900,3,1,1,1,Dormant / Long-tail
[포스텐] 몽크로스 골드 티타늄 IH 인덕션 와플팬,냄비/팬/솥,1,27900,2,2,1,1,Dormant / Long-tail
[포스텐] 블랙에디션 식도 6종세트,조리도구,13,195000,2,2,2,2,Dormant / Long-tail
[포스텐] 셰프라인 듀얼레이어 무선 전기주전자 2L,주방가전,28,444000,1,3,3,2,Needs Review
[포스텐] 슈테른 캠핑용 스테인레스 수저세트 5인용,수저/양식기,6,75000,2,2,2,1,Dormant / Long-tail
[포스텐] 올케이 국내산 스텐 사각 채반 바구니 2종세트,주방가전,5,89500,3,1,1,1,Dormant / Long-tail
[포스텐] 올케이 국내산 스텐 사각 채반 바구니 2종세트 (대+소),조리도구,15,268500,1,3,2,2,Needs Review
[포스텐] 캠프-원 부탄가스 소형 캠핑난로,계절가전/계절용품,3,747000,2,2,1,3,Needs Review
[포스텐] 코멕스 멀티 전동 다지기 2.0L,주방가전,2,51800,2,2,1,1,Dormant / Long-tail
[포스텐] 크루거 차이니스 셰프 나이프,조리도구,9,145500,1,3,2,1,Needs Review
[포스텐] 크루거 차이니스 셰프 나이프 (대),주방가전,12,231000,3,1,2,2,Dormant / Long-tail
[포스텐] 크루거 차이니스 셰프 나이프 (소),주방가전,4,58500,3,1,1,1,Dormant / Long-tail
[포스텐] 키친아트 국내산 스텐 원형 볼바구니 3종세트,조리도구,13,245700,1,3,2,2,Needs Review
[포스텐] 키친아트 국내산 스텐 타공 원형바구니 3종세트,조리도구,10,290000,2,2,2,2,Dormant / Long-tail
[포스텐] 키친아트 뉴 네오 통 5중 스텐냄비 7종,냄비/팬/솥,19,343000,1,3,3,2,Needs Review
[포스텐] 키친아트 사각 그릴팬 28cm,냄비/팬/솥,18,304200,1,3,3,2,Needs Review
[포스텐] 키친아트 타원형 생선구이 그릴팬,냄비/팬/솥,12,202800,1,3,2,2,Needs Review
[포스텐] 키친아트 통주물 사각 그릴 후라이팬 28cm,주방가전,3,50700,3,1,1,1,Dormant / Long-tail
[포스텐] 키친아트 플라워 다이아몬드 코팅팬 세트 28cm,주방가전,1,27500,3,1,1,1,Dormant / Long-tail
[포스텐] 키친아트 플라워 칼라 다이아몬드 후라이팬 3종 26cm,냄비/팬/솥,13,312000,2,2,2,2,Dormant / Long-tail
[포스텐] 키친아트 플라워 칼라 다이아몬드 후라이팬 3종 28cm,냄비/팬/솥,6,165000,3,1,2,1,Dormant / Long-tail
[포스텐] 키친아트 황금복돼지 티타늄 수저세트 컬러박스,수저/양식기,7,182000,1,3,2,1,Needs Review
[포스텐] 키친아트 후레쉬 스테인레스 샤틴 수저세트 컬러박스,수저/양식기,6,126000,2,2,2,1,Dormant / Long-tail
[포스텐] 키친플라워 듀얼 인덕션 2구 전기렌지,주방가전,1,0,2,2,1,1,Dormant / Long-tail
[포스텐] 키친플라워 듀얼 인덕션 2구 전기렌지 타이머기능,주방가전,1,98000,3,1,1,1,Dormant / Long-tail
[포스텐] 키친플라워 로사다지기 1.5L,주방가전,1,0,2,2,1,1,Dormant / Long-tail
[포항죽도시장] 맑은 아귀탕 밀키트 2~3인분,국/탕/찌개/면,32,558600,0,5,3,3,Steady Sellers
[포항죽도시장] 신선 밀키트로 만나는 밀복 맑은복어탕 2~3인분,국/탕/찌개/면,62,1233800,2,2,4,4,Declining Stars (At Risk)
[포항죽도시장] 신선 밀키트로 만나는 밀복 복지리 맑은복어탕 2~3인분,국/탕/찌개/면,36,656700,1,3,3,3,Steady Sellers
[폴라로이드] 놀랍도록 아름다운 당신의 일상을 위한 텀블러,생활용품/차량용품/마스크,8,274000,0,5,2,2,New / Niche SKUs
[폴라리스] 2024 국산 차량용 캠핑용 아이스박스 13L,생활용품/차량용품/마스크,12,172800,0,5,2,1,New / Niche SKUs
[퐁고바스] 우리 가족을 위한 변기 자동 살균기,욕실/세정/위생용품,29,1972000,1,3,3,4,Steady Sellers
[푸르낵] 과일 그 이상 제주산 100% 감귤스낵,과자/간식/안주,63,744000,1,3,4,3,Steady Sellers
[푸르츠망고] 태국 마하차녹 무지개망고,농축산/과일/계란,62,3087600,1,3,4,5,Steady Sellers
[푹잠] 오방색 메밀 편백 베개,생활용품/차량용품/마스크,44,737100,1,3,4,3,Steady Sellers
[풀무원] 내몸을 위한 건강한 발효 탄산 레몬 톡스 콤부차,음료/차,32,1353300,1,3,3,4,Steady Sellers
[퓨리스킨] LED 마스크+갈바닉 마사지기+앰플 풀패키지,뷰티/다이어트,6,2154000,2,2,2,4,Needs Review
[퓨어오투] 생활공간 방역 코로나 바이러스 살균 탈취 솔루션,욕실/세정/위생용품,317,12983000,2,2,5,5,Declining Stars (At Risk)
[퓨어초이스] 엑스트라버진  아보카도오일 250ml,잼/오일/조미/장,5,196000,0,5,1,2,New / Niche SKUs
[프란델리] 이태리 프리미엄 텀블러 640ML,주방잡화/용품,39,2765000,1,3,3,4,Steady Sellers
[프란델리] 프레스카 통주물 멀티팬 28,냄비/팬/솥,15,1526000,1,3,2,4,Needs Review
[프레시온] 원터치 대용량 쌀통 보관함 10kg,주방잡화/용품,66,2538200,1,3,4,4,Steady Sellers
[프로면] 고단백 저탄수 프로틴 생면 6종,국/탕/찌개/면,16,228700,0,5,2,2,New / Niche SKUs
[프리지아] 오일텐 포밍헤어컬러 브러쉬형 염색약,뷰티/다이어트,117,1209700,0,5,5,4,Star Performers
[프리타임마이타임] 데일리 벨크로 남녀 공용 샌들,패션/잡화,26,537500,1,3,3,3,Steady Sellers
"[플래노프 X 담두만두] 뿌리깊은, 기품있는 담두온 만두 6종",밥/반찬/요리,1457,7658800,2,2,5,5,Declining Stars (At Risk)
[플래노프] 그 날 만든 깔끔한 프리미엄 김치 & 숙성김치,김치/젓갈,84,2818000,2,2,4,5,Declining Stars (At Risk)
"[플래노프] 전통방식 그대로 2탄, 얼큰 4종 런칭",국/탕/찌개/면,528,3007500,2,2,5,5,Declining Stars (At Risk)
"[플래노프] 전통방식 그대로, 왕갈비탕/설렁탕/불고기",국/탕/찌개/면,3590,23497100,2,2,5,5,Declining Stars (At Risk)
[플레이버] 23년 김제 첫 수확 햇감자 수미감자,농축산/과일/계란,97,2726700,1,3,4,4,Steady Sellers
[플레이버] 강원도 명물 코다리 냉면 (명태회냉면),국/탕/찌개/면,48,1409600,1,3,4,4,Steady Sellers
[플레이버] 경북 김천 고당도 샤인머스켓,농축산/과일/계란,45,1488700,1,3,4,4,Steady Sellers
[플레이버] 과육 50% 수제 과일청 과일차 (1kg+1kg),잼/오일/조미/장,117,2862500,0,5,5,5,Star Performers
[플레이버] 과일차 과일청 선물세트,식품,4,132000,0,5,1,1,New / Niche SKUs
[플레이버] 국내산 자연 그대로의 단맛 수박주스,식품,363,17200000,1,3,5,5,Steady Sellers
[플레이버] 국내산 자연 그대로의 단맛 수박주스 & 망고스틱,음료/차,70,3026400,0,5,4,5,Star Performers
[플레이버] 국내산 자연 그대로의 단맛 수박주스&홍시스무디,식품,415,17940000,2,2,5,5,Declining Stars (At Risk)
[플레이버] 농협안심 사골보신 우족 꼬리반골 선물세트,식품,10,448000,0,5,2,2,New / Niche SKUs
[플레이버] 라쿠친 핑크솔트 그라인더 4종 선물세트,식품,2,66000,0,5,1,1,New / Niche SKUs
[플레이버] 마이야르 커피 소스 바베큐 폭립,밥/반찬/요리,77,1582800,1,3,4,4,Steady Sellers
[플레이버] 만수르의 간식! 메드쥴 대추야자,농축산/과일/계란,28,432900,0,5,3,2,Needs Review
[플레이버] 만수르의 간식! 크리스마스 특별 패키지 메드쥴 대추야자,식품,44,739800,1,3,4,3,Steady Sellers
[플레이버] 머스크멜론 선물세트,식품,1,92000,0,5,1,1,New / Niche SKUs
[플레이버] 명절 과일 혼합선물세트 1,식품,2,360000,1,3,1,2,Needs Review
[플레이버] 명절 과일 혼합선물세트 5,식품,1,99000,1,3,1,1,Needs Review
[플레이버] 명절 과일 혼합선물세트 7,식품,5,625000,1,3,1,3,Needs Review
[플레이버] 명절 과일 혼합선물세트 8,식품,1,149000,1,3,1,1,Needs Review
[플레이버] 배 선물세트,식품,3,279000,0,5,1,2,New / Niche SKUs
[플레이버] 봄 향기 가득한 성주 참외,식품,177,6946700,0,5,5,5,Star Performers
[플레이버] 불포화 지방산이 풍부한 견과 5종,과자/간식/안주,128,585500,0,5,5,3,Steady Sellers
[플레이버] 사과 배 혼합세트4호,식품,9,855000,0,5,2,3,Needs Review
[플레이버] 사과 선물세트 2종,식품,13,1083000,0,5,2,3,Needs Review
[플레이버] 상주 명품 건시/반건시 곶감,농축산/과일/계란,122,2630800,1,3,5,4,Steady Sellers
[플레이버] 속초식 붉은대게 내장 딱지장,밥/반찬/요리,189,2412300,0,5,5,4,Star Performers
[플레이버] 수제 과일차 과일청 2종 선물세트,식품,47,1598000,1,3,4,4,Steady Sellers
[플레이버] 식감좋은 명태회 더덕무침 400g,밥/반찬/요리,66,1312100,1,3,4,4,Steady Sellers
[플레이버] 신이 내린 선물 최고급 대추야자 선물세트,식품,17,786400,2,2,3,3,Steady Sellers
[플레이버] 신이 내린 최고급 메드쥴 대추야자,농축산/과일/계란,70,2065000,1,3,4,4,Steady Sellers
[플레이버] 안심한우 (1++) 투플러스 등심 정육 세트 1.2kg,농축산/과일/계란,1,99000,1,3,1,1,Needs Review
[플레이버] 안심한우 (1+등급) 모듬구이 선물세트 1kg,농축산/과일/계란,2,378000,1,3,1,2,Needs Review
[플레이버] 안심한우 실속세트4호 정육세트,식품,17,1637000,0,5,3,4,Steady Sellers
[플레이버] 안심한우 후레쉬 3호,식품,4,836000,0,5,1,3,Needs Review
[플레이버] 여주 특산품 송이고 버섯 선물세트,농축산/과일/계란,43,3883000,1,3,4,5,Steady Sellers
[플레이버] 여주산 GAP인증 생버섯 송이고 버섯 선물세트,식품,30,1210000,0,5,3,4,Steady Sellers
[플레이버] 영양을 가득 담은 스윗 바나나,농축산/과일/계란,6,280400,1,3,2,2,Needs Review
[플레이버] 와인안주 플래터 선물세트,식품,17,709600,0,5,3,3,Steady Sellers
[플레이버] 울릉도 특산품 더덕 선물세트,농축산/과일/계란,1,169000,2,2,1,1,Dormant / Long-tail
[플레이버] 육포는 나의 힘! 제주 흑돼지/호주 소고기 육포,과자/간식/안주,24,801400,0,5,3,3,Steady Sellers
[플레이버] 자연의 천연버터 아보카도 대과,농축산/과일/계란,16,487300,1,3,2,2,Needs Review
[플레이버] 제스프리 골드키위 선물세트,식품,2,0,1,3,1,1,Needs Review
[플레이버] 쫄깃쫄깃 향긋한 무농약 송이고 버섯,농축산/과일/계란,24,677500,0,5,3,3,Steady Sellers
[플레이버] 찐~한 과육이 50% 대용량 수제 과일청 과일차,식품,413,6334400,2,2,5,5,Declining Stars (At Risk)
[플레이버] 청룡 기운 정월대보름 부럼 4구 선물세트&피땅콩,과자/간식/안주,20,232900,0,5,3,2,Needs Review
[플레이버] 총명토끼 깡총부럼 4종세트,과자/간식/안주,5,75700,1,3,1,1,Needs Review
[플레이버] 최고급 대추야자&견과 선물세트,농축산/과일/계란,55,2322000,0,5,4,4,Star Performers
[플레이버] 최고급 메드쥴 대추야자 선물세트,식품,12,571800,0,5,2,3,Needs Review
[플레이버] 하얗게 새벽을 밝히는 정성 1953 새벽 식혜 4종,음료/차,26,482000,0,5,3,2,Needs Review
[플레이버] 함안 가야 백자 메론,농축산/과일/계란,25,745000,1,3,3,3,Steady Sellers
[플레이버] 향긋하고 달콤한 산지직송 대극천 납작 복숭아,식품,133,4256500,0,5,5,5,Star Performers
[플레이버] 향긋하고 달콤한 산지직송 신선복숭아 신비복숭아,식품,587,15920300,0,5,5,5,Star Performers
[플레이버] 휴대하기 좋은 한입 견과 5종,과자/간식/안주,27,160560,1,3,3,1,Needs Review
[플레이버] 히말라야 솔트 그라인더 선물세트,식품,11,437800,2,2,2,2,Dormant / Long-tail
[플레이팅] 정지선 셰프의 홍콩 토마토탕/마라탕/완탕면,국/탕/찌개/면,62,1313100,2,2,4,4,Declining Stars (At Risk)
"[플렉썸] 글루코사민 1,670mg(60캡슐)",건강식품,233,4841160,1,3,5,5,Steady Sellers
[플렉썸] 루테인 500mg(60캡슐),건강식품,262,7240920,2,2,5,5,Declining Stars (At Risk)
[플렉썸] 비타민D 150mg(60캡슐),건강식품,125,1778400,1,3,5,4,Steady Sellers
"[플렉썸] 알티지 오메가3 1,202mg(30캡슐)",건강식품,676,14560400,1,3,5,5,Steady Sellers
[플렉썸] 프로바이오틱스 500mg(60캡슐),건강식품,117,2995600,2,2,5,5,Declining Stars (At Risk)
[피엘디크] 더 밀크 모이스쳐 바디로션/바디워시,뷰티/다이어트,84,904700,0,5,4,3,Steady Sellers
[피자디나] 쫀득한 나폴리 화덕 피자 4종 택1,과자/간식/안주,195,2398100,1,3,5,4,Steady Sellers
[피터앤폴큐어스] 내 피부와 같은 편안한 상처밴드 3종,건강용품,9,98000,1,3,2,1,Needs Review
[피토페시아] 돋보적인 쿨링감 헤어부스팅 샴푸,뷰티/다이어트,26,875000,0,5,3,3,Steady Sellers
[피톤치드] 프리미엄 천연 탈취제 피톤치드 수,욕실/세정/위생용품,239,3600500,1,3,5,5,Steady Sellers
[핀처] 내성발톱 교정 테이프 프로밴드,건강용품,20,758200,1,3,3,3,Steady Sellers
[필드발란스] 골프영양보조제 니어&롱기 매직,건강식품,4,192000,1,3,1,1,Needs Review
[핏디] 건강한 이너뷰티 관리 44티,건강식품,5,263500,2,2,1,2,Dormant / Long-tail
[핏테라] 무선고압 모터식 물대포 쏘고쏘고365,생활용품/차량용품/마스크,6,1188000,1,3,2,4,Needs Review
[핏테라] 자동 근력강화 운동기구 오토고 스탭퍼,뷰티/다이어트,11,1980000,1,3,2,4,Needs Review
[하겐다즈] 파인트 3종+스틱바 3종 세트,유제품/베이커리/떡,76,2152500,1,3,4,4,Steady Sellers
[하나임푸드] 달콤 바삭 옥수수 핫도그,과자/간식/안주,60,1322300,1,3,4,4,Steady Sellers
[하나임푸드] 달콤 바삭 옥수수 핫도그 5개입,과자/간식/안주,18,424700,2,2,3,2,Needs Review
[하냥농부] 국내산 거창 사과즙 그 두번째 이야기,음료/차,55,1998000,0,5,4,4,Star Performers
[하루제주] 물한방울 없는 100% 제주 양배추즙,건강식품,101,3920400,0,5,4,5,Star Performers
[하얀] 마법같은 때밀이! 요술때장갑 싹싹이 1+1,욕실/세정/위생용품,194,1532600,1,3,5,4,Steady Sellers
[하얀나무] 톡톡롤 분리수거 비닐 봉투,생활용품/차량용품/마스크,12,93900,1,3,2,1,Needs Review
"[하우스원푸드] 달달한 5가지 맛, 미니 붕어빵 500g",과자/간식/안주,42,361200,1,3,4,2,Needs Review
"[하우스원푸드] 달달한 9가지 맛, 한입 미니 붕어빵 500g 1봉지",과자/간식/안주,211,1787600,2,2,5,4,Declining Stars (At Risk)
[하우스원푸드] 미니 츄러스 커스터드크림/소시지,과자/간식/안주,88,1011700,1,3,4,3,Steady Sellers
[하우스원푸드] 한번 빠지면 헤어 나올 수 없는 찰도그 감쏘 1+1,과자/간식/안주,103,2425200,2,2,4,4,Declining Stars (At Risk)
[하이본헤어] 탈모완화 새치샴푸 400ml,욕실/세정/위생용품,115,2728500,2,2,5,4,Declining Stars (At Risk)
[한경희] 휴대용 극세사 전기담요 무선타입,계절가전/계절용품,26,1309100,2,2,3,4,Steady Sellers
[한길사] 조국의 시간,도서,29,493000,2,2,3,2,Needs Review
[한미X포유랩] 6년근홍삼+타트체리 용기삼 레드 시그니처,Unknown,78,8122000,2,2,4,5,Declining Stars (At Risk)
[한미양행] 제주꽃벵이 벵주야 숙취해소제 3g*10포,Unknown,5,125000,2,2,1,1,Dormant / Long-tail
[한백푸드] 매콤한 팔당오징어/알마니알찜,밥/반찬/요리,135,3681500,0,5,5,5,Star Performers
[한봄식품] 구워먹는 쌀 가래떡&치즈 가래떡,유제품/베이커리/떡,116,3294600,2,2,5,5,Declining Stars (At Risk)
[한빛식품] 부산의 명물 유부주머니와 어묵의 만남 유부전골,국/탕/찌개/면,78,647400,0,5,4,3,Steady Sellers
[한삼인] 농협홍삼 발효홍삼 파워골드 50ml*20포,Unknown,1,0,1,3,1,1,Needs Review
[한삼인] 농협홍삼 발효홍삼고 골드 240g,Unknown,3,742500,1,3,1,3,Needs Review
[한삼인] 농협홍삼 홍삼 파워 50ml*30포,Unknown,12,792000,1,3,2,3,Needs Review
[한샘] 마이쿡 캔들우드 칼4종세트,조리도구,8,792000,2,2,2,3,Needs Review
[한솔식품] 캠핑용 발열 오겹살 수육세트 2종,밥/반찬/요리,44,448900,1,3,4,2,Needs Review
[한옥마을] 전주남부식 프리미엄 콩나물/황태 해장국밥,국/탕/찌개/면,92,1076800,1,3,4,3,Steady Sellers
[한옥마을] 프리미엄 간장/매콤 두루치기 밀키트 2인분,밥/반찬/요리,32,416400,1,3,3,2,Needs Review
[한옥마을] 프리미엄 석갈비 밀키트 2인분,밥/반찬/요리,37,567000,1,3,3,3,Steady Sellers
[한일의료기] 코지아 인공지능 EMF 전기요,계절가전/계절용품,12,1450000,1,3,2,4,Needs Review
[한채] 고구마 명가의 꿀고구마 말랭이,과자/간식/안주,95,2786600,0,5,4,4,Star Performers
[한채] 국내산 껍질 없는 한입 군고구마 고백,과자/간식/안주,71,1389000,0,5,4,4,Star Performers
[함께북스] 나를 위한 하루 선물 - 365 매일매일,도서,1,16000,1,3,1,1,Needs Review
"[함께북스] 너무 다른, 너무 같은 두 남자 이야기",도서,13,195000,1,3,2,2,Needs Review
[함께북스] 영원히 살 것처럼 배우고 내일 죽을 것처럼 살아라,도서,5,75000,2,2,1,1,Dormant / Long-tail
[합정상회] 스테이 포지티브 팔로산토 스머지스틱,가구/인테리어,7,95900,0,5,2,1,New / Niche SKUs
[핫이슈] 다가수 숙성방식 유니짜장/직화고기짬뽕 세트,국/탕/찌개/면,18,196100,2,2,3,2,Needs Review
[핫이슈] 혼자먹기 딱 좋은 혼떡 세트 4종,과자/간식/안주,43,369000,2,2,4,2,Needs Review
[핫이슈]맛집 레시피 그대로 연육함량 88% 한끼 어묵탕,국/탕/찌개/면,122,694600,2,2,5,3,Steady Sellers
[해남] 속알찬 친환경 국산 절임배추 20kg,농축산/과일/계란,105,4581600,2,2,4,5,Declining Stars (At Risk)
[해남농부] 달다구리 꿀밤 고구마,농축산/과일/계란,54,1207200,1,3,4,4,Steady Sellers
[해담솔] 깔끔하게 먹을 수 있는 김대감 스틱형 김자반,밥/반찬/요리,19,266100,2,2,3,2,Needs Review
"[해븐리홈] 정리의 기본 2탄, 다용도 캠핑 폴딩 접이식 박스",가구/인테리어,18,480000,2,2,3,2,Needs Review
"[해븐리홈] 정리의 기본, 고급 패브릭 침구 의류 수납함",생활용품/차량용품/마스크,18,265500,2,2,3,2,Needs Review
[해울림] 10대 슈퍼푸드 견과류 선물세트,농축산/과일/계란,6,221400,2,2,2,2,Dormant / Long-tail
[해피홈] 만능 1초 옷걸이 세트,생활용품/차량용품/마스크,7,227200,1,3,2,2,Needs Review
[핸인핸] W&B 심플 무광 완전 미세모 칫솔 8P,욕실/세정/위생용품,78,850200,1,3,4,3,Steady Sellers
[핸인핸] 모노 심플 유광 이중 미세모 칫솔 8p,욕실/세정/위생용품,224,2398000,0,5,5,4,Star Performers
[햇시루] 우유 앙금과 우유 생크림이 가득한 아이스 찰떡 모찌,유제품/베이커리/떡,13,252200,0,5,2,2,New / Niche SKUs
[허니럽] 진짜 건강한 꿀 지리산 허니스틱,건강식품,28,1242200,2,2,3,4,Steady Sellers
[허니뱅크] 100% 국산 달코롬한 하동 벌집 200g,농축산/과일/계란,65,630700,0,5,4,3,Steady Sellers
[허브허브] 관절탄탄 150g,영양제,41,1189000,2,2,4,4,Declining Stars (At Risk)
[허브허브] 네추럴도그 강아지 영양사료 1.2kg,사료/간식,55,1300000,2,2,4,4,Declining Stars (At Risk)
[허브허브] 눈물싹싹,영양제,40,1543000,2,2,4,4,Declining Stars (At Risk)
[허브허브] 영양쑥쑥 150g,영양제,5,116000,2,2,1,1,Dormant / Long-tail
[허브허브] 피부싹싹 150g,영양제,25,696000,2,2,3,3,Steady Sellers
"[헥사더말] 99.9% 광범위 (손,피부/살균,소독) 솔루션 스프레이형 100ml",욕실/세정/위생용품,2,40000,3,1,1,1,Dormant / Long-tail
"[헥사더말] 가려움증 해결,의약외품 피부보습/살균 (균주데이터有) 바이러스,세균99.99%살균",욕실/세정/위생용품,36,666800,2,2,3,3,Steady Sellers
[헬시아] 뱀파이어 엘라스틴 60정 (500mg),건강식품,24,428800,2,2,3,2,Needs Review
[헬시아] 아임더닥터 맥주효모 비오틴 90정 (30일분),건강식품,303,4155400,2,2,5,5,Declining Stars (At Risk)
[헬시아] 아임더닥터 보스웰리아 72정 (36일분),건강식품,51,773200,2,2,4,3,Steady Sellers
[헬시아] 아임더닥터 블랙마카 60정 (20일분),건강식품,64,957400,2,2,4,3,Steady Sellers
[헬시아] 아임더닥터 여주정 60정 (30일분),건강식품,71,970900,2,2,4,3,Steady Sellers
[헬시아] 아임더닥터 콜라겐워터6000 10병 1box,건강식품,52,1006900,2,2,4,3,Steady Sellers
[헬시아] 아임더닥터 콜라겐정 60정 (20일분),건강식품,124,1610200,2,2,5,4,Declining Stars (At Risk)
[헬시아] 아임더닥터 크랜베리 60정 (30일분),건강식품,18,388800,2,2,3,2,Needs Review
[헬시아] 알로에센스정 810정 (3개월분),건강식품,28,772000,2,2,3,3,Steady Sellers
[헬피던스] 모근을 꽉 잡아주는 하루모환,건강식품,134,5226900,1,3,5,5,Steady Sellers
[헬피던스] 활력을 위한 블랙마카 하루탄환,건강식품,90,3527100,1,3,4,5,Steady Sellers
[현미박사] 100% 국내산현미 구수한 수제 현미누룽지 (대) 480g,밥/반찬/요리,130,1256500,2,2,5,4,Declining Stars (At Risk)
[현미박사] 간편하게 즐길 수 있는 현미 마&양배추죽,건강식품,21,119000,2,2,3,1,Needs Review
"[현미박사] 간편하게 즐길 수 있는 현미 마&양배추죽,미숫가루",과자/간식/안주,10,68500,3,1,2,1,Dormant / Long-tail
[현미박사] 고유의 맛을 그대로 담은 건강차 3종 택1,음료/차,159,879000,2,2,5,3,Steady Sellers
[현미박사] 구수한 현미누룽지 명절 선물세트,과자/간식/안주,5,187500,2,2,1,1,Dormant / Long-tail
[현미박사] 기름없이 열풍으로 볶은 국내산 건강 시리얼,건강식품,123,852500,2,2,5,3,Steady Sellers
[현미박사] 씹는 즐거움 영양가득 건강과자 2종,과자/간식/안주,82,854000,2,2,4,3,Steady Sellers
[현미박사] 씹는 즐거움 영양가득 건강과자 3종,과자/간식/안주,58,418500,2,2,4,2,Needs Review
[혜정상회] 국산 강경 새우젓 추젓 김장용,김치/젓갈,27,1045000,2,2,3,3,Steady Sellers
[혜화동] 리멤버,도서,1,15000,2,2,1,1,Dormant / Long-tail
[혜화동] 아이 엠 스토리,도서,1,15000,2,2,1,1,Dormant / Long-tail
[혜화동] 양다리의 힘,도서,1,14000,2,2,1,1,Dormant / Long-tail
[혜화동] 영웅의 탄생,도서,1,16000,2,2,1,1,Dormant / Long-tail
[혜화동] 함부로 오늘을 버리지 않을 것,도서,1,14000,0,5,1,1,New / Niche SKUs
[호 마스크] 국내산 호 프리미엄 마스크 KF94 대형 새부리형 50매,생활용품/차량용품/마스크,1517,21397600,1,3,5,5,Steady Sellers
[호떡당] 황리단길 유명 호떡 2종,과자/간식/안주,534,2824000,2,2,5,5,Declining Stars (At Risk)
[호떡당] 황리단길 유명 호떡 5개입 3종,과자/간식/안주,549,2831100,1,3,5,5,Steady Sellers
[호떡장수 정재수] 왕꿀호떡 & 왕씨앗호떡,유제품/베이커리/떡,117,964400,2,2,5,3,Steady Sellers
[혼자리아] 간편하게 바로먹는 양념 먹태구이,과자/간식/안주,51,351900,2,2,4,2,Needs Review
[홀인원푸드] 20년 전통 누리마을 올바른 내장탕 700g,국/탕/찌개/면,470,3395800,2,2,5,5,Declining Stars (At Risk)
[홈니즈] 1+1 핸디형 선풍기 GT-SF5000H,Unknown,2,119800,1,3,1,1,Needs Review
[홈니즈] 1+1 핸디형 선풍기(거치대) GT-SF5000H,Unknown,10,599000,2,2,2,3,Needs Review
[홈캉스] 논슬립 처리 딱붙 욕실화,욕실/세정/위생용품,36,680400,1,3,3,3,Steady Sellers
[홈크린스] 다용도 주방 렌지 후드 클리너,주방잡화/용품,48,465300,1,3,4,2,Needs Review
[홍미] 전참시 연예인이 사랑한 매운 불 직화 홍미닭발,과자/간식/안주,124,1206600,0,5,5,4,Star Performers
[화아담] 씹고 뜯는 맛이 좋은 쪽갈비 매운맛/순한맛 1kg,농축산/과일/계란,99,3161000,0,5,4,5,Star Performers
[화이트크래프트] 슬로우 라이프 컨버스화,패션/잡화,12,948000,1,3,2,3,Needs Review
[황금콩밭] 아현동 미슐랭맛집 황금콩밭 국산 콩비지탕 500g,국/탕/찌개/면,329,2962200,1,3,5,5,Steady Sellers
[황석정꽃집] 3년생 왜성붓들레아 묘목 6종 세트,가구/인테리어,1,270000,0,5,1,2,New / Niche SKUs
[황석정꽃집] 3년생 왜성붓들레아 버터플라이 캔디 묘목,가구/인테리어,309,13320000,0,5,5,5,Star Performers
[황후의찬] 맛있는 저칼로리 곤약 쫀드기,과자/간식/안주,172,5733000,0,5,5,5,Star Performers
[후루룩국수] 완도산 미역과 톳으로 만든 건강웰빙 해조국수,국/탕/찌개/면,54,1796700,2,2,4,4,Declining Stars (At Risk)
[후룻앤고] 부드러운 건망고 80g,과자/간식/안주,345,1326000,0,5,5,4,Star Performers
[휘겔리다올리] 고농축 수분 진정 에센스 클렌징오일,뷰티/다이어트,631,20533500,1,3,5,5,Steady Sellers
[휘겔리다올리] 굿 슬립 필로우 미스트 100ml 향 2종 택1,뷰티/다이어트,37,1084300,1,3,3,3,Steady Sellers
[휘겔리다올리] 논파인더스트 안티폴루션 딥톡스 클렌징오일,뷰티/다이어트,731,19714800,2,2,5,5,Declining Stars (At Risk)
[휘겔리다올리] 닥터아로마 손세정제 150ml,뷰티/다이어트,3,21000,3,1,1,1,Dormant / Long-tail
[휘겔리다올리] 리메디얼 씨벅턴 퍼스트 오일,뷰티/다이어트,775,24192000,1,3,5,5,Steady Sellers
[휘겔리다올리] 리퀴드 솝 아로마 바디워시 오렌지밤 300ml,뷰티/다이어트,269,5054700,1,3,5,5,Steady Sellers
[휘겔리다올리] 트리트먼트 오일 오브 로즈힙(탄력바디오일),뷰티/다이어트,7,157500,1,3,2,1,Needs Review
[휘겔리다올리] 트리트먼트 오일 오브 로즈힙(튼살바디오일)100ml,뷰티/다이어트,25,757400,2,2,3,3,Steady Sellers
[휘겔리다올리] 트리트먼트 오일 오브 로즈힙(튼살바디오일)150ml,뷰티/다이어트,26,721800,3,1,3,3,Steady Sellers
[휘겔리다올리] 프로포즈 데이지 핸드크림 50ml,뷰티/다이어트,30,490400,2,2,3,2,Needs Review
[휘겔리다올리] 피토 테라피-클로렐라 CGF 수분진정앰플,뷰티/다이어트,110,3994000,1,3,5,5,Steady Sellers
[휘겔리다올리] 피토 테라피-클로렐라 CGF 앰플,뷰티/다이어트,149,4770600,2,2,5,5,Declining Stars (At Risk)
[휴가드포유] 햄프씨드 마그네틱 머슬패치 & 머슬테이핑,건강용품,43,1020800,1,3,4,3,Steady Sellers
[휴봇] 쾌적한 휴대용 공기청정기,생활용품/차량용품/마스크,19,1273400,1,3,3,4,Steady Sellers
[흑삼코리아] 국산 도라지 100% 구증구포 흑도라지 농축액,Unknown,20,1380000,2,2,3,4,Steady Sellers
[흑염소의진심] 무항생제 흑염소 진액 4종,건강식품,78,6150000,0,5,4,5,Star Performers
[흑염소의진심] 흑염소 흑심 불고기,농축산/과일/계란,76,1110000,0,5,4,3,Steady Sellers
[희재농원] 김천 건조표고버섯 3종,농축산/과일/계란,11,658000,1,3,2,3,Needs Review
[희재농원] 김천 건조표고버섯 선물세트,식품,12,585000,2,2,2,3,Needs Review
[히히네 키친] 100% 국내산 콩으로 정성스럽게 만든 맷돌 콩국수,국/탕/찌개/면,28,594000,0,5,3,3,Steady Sellers
[힐링만세] 자연인에게 좋은 장신환,건강식품,1,498000,1,3,1,2,Needs Review
[힐스타] 패션과 건강을 동시에 게르마늄 팔찌,Unknown,23,1360000,2,2,3,4,Steady Sellers
rnlgmd1** 고객님 개인 결제창입니다,Unknown,1,49500,3,1,1,1,Dormant / Long-tail
★[밥도둑푸드] 상큼한 밥도둑 양념 달래장 300g,밥/반찬/요리,6,59400,0,5,2,1,New / Niche SKUs
★[설잠수] 실키 프로바이오틱스 100억 유산균,건강,1,60400,0,5,1,1,New / Niche SKUs
★[쥬빌레푸드] msg 없이 깔끔한 프리미엄 건어물 건슐랭,수산/건어물/김,1,24700,0,5,1,1,New / Niche SKUs
건강한 치아관리 더콘가글Q 500ml,Unknown,5,75000,0,5,1,1,New / Niche SKUs
고급스러운 데일리 모던 부티앵글부츠,Unknown,61,2106000,2,2,4,4,Declining Stars (At Risk)
고기듬뿍매콤 중화제육볶음면,Unknown,1,17000,3,1,1,1,Dormant / Long-tail
국내산 화개장터 재첩국,Unknown,7,315000,3,1,2,2,Dormant / Long-tail
국내산 화개장터 재첩국 500g,Unknown,221,8861000,0,5,5,5,Star Performers
국물자작 소불고기전골,Unknown,1,19000,3,1,1,1,Dormant / Long-tail
귀엽고 사랑스러운 동백이 퍼 슬리퍼,Unknown,23,575000,2,2,3,3,Steady Sellers
김현숙님 결제창,Unknown,2,380000,2,2,1,2,Dormant / Long-tail
농협안심 한우 등심 선물세트,Unknown,2,416000,1,3,1,2,Needs Review
농협안심 한우 등심+국거리+불고기 선물세트,Unknown,11,1251000,1,3,2,4,Needs Review
농협안심 한우 등심+불고기+국거리+갈비살 선물세트,Unknown,9,1872000,2,2,2,4,Needs Review
농협안심 한우 등심+안심+채끝살 선물세트,Unknown,4,1600000,1,3,1,4,Needs Review
농협안심 한우 등심+채끝살+갈비살 선물세트,Unknown,34,6137000,1,3,3,5,Steady Sellers
농협안심 한우 불고기+국거리 선물세트,Unknown,30,3256000,1,3,3,5,Steady Sellers
농협안심 한우 사골+사태 선물세트,Unknown,1,100000,2,2,1,1,Dormant / Long-tail
농협안심 한우 찜갈비 선물세트,Unknown,6,1380000,2,2,2,4,Needs Review
닥터글로덤 젤리팩 1box[30개],Unknown,14,377000,3,1,2,2,Dormant / Long-tail
닥터글로덤 크리스탈 바운스 젤리팩 가성비 기능성 수면팩,Unknown,1,0,3,1,1,1,Dormant / Long-tail
닥터삼한끼 1box[30포],욕실/세정/위생용품,7,693000,3,1,2,3,Needs Review
더콘가글 Q [500ml X 3병세트],Unknown,1,0,3,1,1,1,Dormant / Long-tail
더콘가글Q 500ml,Unknown,133,1995000,1,3,5,4,Steady Sellers
더콘가글Q 스틱형 1box[30포],욕실/세정/위생용품,14,252000,2,2,2,2,Dormant / Long-tail
"디테일에 강한 유능한 진보 이재명, 한다면 한다",Unknown,38,592000,2,2,3,3,Steady Sellers
"디테일의 강한 유능한 진보 이재명, 한다면 한다",Unknown,10,160000,3,1,2,1,Dormant / Long-tail
라포레 유기농 100% 순면커버 생리대 4종구성,Unknown,11,246000,2,2,2,2,Dormant / Long-tail
러블리 리얼 100% 토끼 퍼 슬리퍼,Unknown,24,528000,2,2,3,2,Needs Review
마라고추잡채와 한입가득꽃빵,Unknown,1,16000,3,1,1,1,Dormant / Long-tail
바나듐 아연 포함 미네랄 음료 당하수 400ml 1box[20병],Unknown,107,6667500,2,2,5,5,Declining Stars (At Risk)
밥도둑푸드 가정식 여수 순살 꼬막장 200G,Unknown,2,17000,3,1,1,1,Dormant / Long-tail
밥도둑푸드 간편한 전라도 우거지 된장 4인분 250G,Unknown,2,7000,3,1,1,1,Dormant / Long-tail
셀핀다 가바 고순도 프리미엄 발효 가바 100% 1500mg,건강,11,621000,3,1,2,3,Needs Review
셀핀다 가바 고순도 프리미엄 발효 가바 100% 750mg,건강,20,624000,3,1,3,3,Steady Sellers
셀핀다 가바꿀O 1box[30포],건강,6,354000,3,1,2,2,Dormant / Long-tail
셀핀다 가바꿀O 발효가바 테아닌 글리신 가바꿀O,건강,4,197000,3,1,1,2,Dormant / Long-tail
셀핀다 가바꿀O+가바 750mg 묶음,건강,10,882000,3,1,2,3,Needs Review
셀핀다 고순도 프리미엄 발효가바 100% 1500mg,건강,59,4002000,3,1,4,5,Declining Stars (At Risk)
셀핀다 고순도 프리미엄 발효가바 100% 1500mg 3개세트,건강,8,1449000,3,1,2,4,Needs Review
셀핀다 고순도 프리미엄 발효가바 100% 750mg,건강,22,702000,3,1,3,3,Steady Sellers
셀핀다 고순도 프리미엄 발효가바 100% 750mg 3개세트,건강,5,468000,3,1,1,2,Dormant / Long-tail
셀핀다 고순도 프리미엄 발효가바 3개세트,건강,3,186300,3,1,1,1,Dormant / Long-tail
셀핀다 스테이 STEI 1box[10포],건강,1,40000,3,1,1,1,Dormant / Long-tail
소시지한가득 얼큰부대찌개,Unknown,5,80000,3,1,1,1,Dormant / Long-tail
손맛가득 수제 떡갈비스테이크,Unknown,2,34000,3,1,1,1,Dormant / Long-tail
슬림하게 잘빠진 로앤골지 미들앵글부츠,Unknown,19,528800,2,2,3,2,Needs Review
실버라이닝 배게커버,Unknown,1,45000,3,1,1,1,Dormant / Long-tail
실버라이닝 웨이브 항균 페이스 타월,Unknown,17,709680,3,1,3,3,Steady Sellers
실버라이닝 웨이브 항균 핸드타월 5P,Unknown,10,282900,3,1,2,2,Dormant / Long-tail
실버라이닝 웨이브 향균 페이스 타월,Unknown,2,65400,3,1,1,1,Dormant / Long-tail
실버라이닝 친환경 비건경추배게,Unknown,31,1299000,3,1,3,4,Steady Sellers
실버라이닝 항균 발매트,Unknown,26,476760,3,1,3,2,Needs Review
실버라이닝 향균 발매트,Unknown,12,216000,3,1,2,2,Dormant / Long-tail
어떤 스타일에도 찰떡 소화가능한 마틴부츠,Unknown,84,2002000,2,2,4,4,Declining Stars (At Risk)
이범학의 낭만집밥 밀키트 5종,Unknown,56,822400,3,1,4,3,Steady Sellers
이재명 페이스북,Unknown,17,306000,2,2,3,2,Needs Review
전남 영광 법성포 보리굴비 10미,Unknown,68,7920000,1,3,4,5,Steady Sellers
전자파안심 플렉스 전기요 미니[75cmX180cm],Unknown,8,495000,3,1,2,2,Dormant / Long-tail
전자파안심 플렉스 전기요 싱글[110cmX180cm],Unknown,11,981000,3,1,2,3,Needs Review
전자파안심 플렉스 전기요 퀸[150cmX180cm],Unknown,5,695000,3,1,1,3,Needs Review
키누조 슈퍼소닉 헤어드라이어,Unknown,1,259000,3,1,1,2,Dormant / Long-tail
탈모완화 기능성 샴푸 털털샴푸 400ml,Unknown,30,1430700,0,5,3,4,Steady Sellers
편안함과 디자인을 동시에 잡은 콜린어글리슈즈,Unknown,121,3016000,2,2,5,5,Declining Stars (At Risk)
프리미엄 음료 당하수 1box,Unknown,1,0,3,1,1,1,Dormant / Long-tail
프리미엄 한우 등심+국거리+불고기 실속세트2호,Unknown,30,2912000,2,2,3,5,Steady Sellers
하동 녹차 명란김 24봉,수산/건어물/김,755,12802000,3,1,5,5,Declining Stars (At Risk)
허브허브 관절탄탄 150g,Unknown,7,203000,3,1,2,2,Dormant / Long-tail
허브허브 네추럴도그 강아지 영양사료 1.2kg,Unknown,11,275000,3,1,2,2,Dormant / Long-tail
허브허브 눈물싹싹,Unknown,6,294000,3,1,2,2,Dormant / Long-tail
허브허브 눈물싹싹 150g / 대용량300g,Unknown,3,87000,3,1,1,1,Dormant / Long-tail
허브허브 피부싹싹 150g,Unknown,3,87000,3,1,1,1,Dormant / Long-tail
