Product,Year,Avg. Price,Num. Order,Num. Refund,Refund Rate,Purchase $,Refund $,Revenues,Company,Category,Discount Target
[밥도둑푸드] 간편한 전라도 우거지 된장 4인분 250g,2021,3500,2406,43,1.7871986699916873,8421000,150500,8270500,밥도둑푸드,국/탕/찌개/면,할인불가
[자연향기] 하동 녹차 명란김 24봉(3x8봉),2021,18000,2185,44,2.013729977116705,39330000,792000,38538000,자연향기,수산/건어물/김,회원
[밥도둑푸드] 특허상품 노니 순살고등어 1팩 160g 내외,2021,5000,1286,34,2.6438569206842923,6430000,170000,6260000,밥도둑푸드,수산/건어물/김,회원
하동 녹차 명란김 24봉,2021,18000,735,26,3.537414965986395,13230000,468000,12762000,자연향기,수산/건어물/김,회원
[밥도둑푸드] 싱싱한 굴로 만든 전라도식 굴무침 600g,2021,40000,673,8,1.188707280832095,26920000,320000,26600000,밥도둑푸드,밥/반찬/요리,회원
[밥도둑푸드] 여수 초롱무 총각김치 1kg,2021,18000,618,11,1.779935275080906,11124000,198000,10926000,밥도둑푸드,김치/젓갈,회원
[아임굿] '간'편한 기력회복 숙취해소 세계특허 과채음료,2021,147000,598,9,1.5050167224080269,87906000,1323000,86583000,아임굿,건강식품,회원
[밥도둑푸드] 싱싱한 굴로 만든 전라도식 굴무침 600g,2021,55000,586,12,2.04778156996587,32230000,660000,31570000,밥도둑푸드,밥/반찬/요리,회원
[밥도둑푸드] 가정식 여수 순살 꼬막장,2021,12500,512,3,0.5859375,6400000,37500,6362500,밥도둑푸드,밥/반찬/요리,회원
[셀핀다] 고순도 프리미엄 발효가바 가바750/1500/가바꿀O 2+1,2021,177000,445,13,2.9213483146067416,78765000,2301000,76464000,셀핀다,건강,회원
[밥도둑푸드] 국내산 새우로 만든 깐 새우장 300g,2021,15000,410,3,0.7317073170731708,6150000,45000,6105000,밥도둑푸드,밥/반찬/요리,회원
[고성태젓갈] 강원도식 양념명란젓(파지),2021,19500,364,3,0.8241758241758242,7098000,58500,7039500,고성태젓갈,김치/젓갈,할인불가
[자연향기] 하동 녹차 명란김 24봉,2021,18000,346,13,3.757225433526012,6228000,234000,5994000,자연향기,수산/건어물/김,회원
[밥도둑푸드] 전라도식 양념갈치젓갈 500g,2021,9900,305,4,1.3114754098360657,3019500,39600,2979900,밥도둑푸드,김치/젓갈,할인불가
[밥도둑푸드] 전라도식 양념 오징어 젓갈 500g,2021,12900,302,6,1.9867549668874172,3895800,77400,3818400,밥도둑푸드,김치/젓갈,회원
[NK타히보] 골드제로 타히보차 음료 500ml 1box[20병],2021,50000,294,2,0.6802721088435374,14700000,100000,14600000,NK타히보,건강식품,할인불가
[셀핀다] 고순도 프리미엄 발효가바 가바750/1500/가바꿀O 2+1,2021,117000,265,8,3.018867924528302,31005000,936000,30069000,셀핀다,건강,회원
[용문해장국] 소뼈 가마솥 해장국  700g 3팩,2021,30400,244,0,0.0,7417600,0,7417600,용문해장국,국/탕/찌개/면,회원
[라이프드림] 군산 흰찰쌀보리로 만든 속편한 NEW 군산짬뽕라면,2021,20200,232,3,1.293103448275862,4686400,60600,4625800,라이프드림,국/탕/찌개/면,할인불가
[밥도둑푸드] 통영 양념 멍게젓갈 500g,2021,18000,227,1,0.4405286343612335,4086000,18000,4068000,밥도둑푸드,김치/젓갈,할인불가
[샤인룩] 최고급 프리미엄 극세사 김서림방지 안경닦이,2021,18000,218,3,1.376146788990826,3924000,54000,3870000,샤인룩,생활용품/차량용품/마스크,할인불가
[밥도둑푸드] 여수맛집 딱새우 된장찌개 2-3인분,2021,7700,205,4,1.951219512195122,1578500,30800,1547700,밥도둑푸드,국/탕/찌개/면,회원
[제주명품] 제주 남원 조생 감귤 S~L 혼합과,2021,24800,205,2,0.975609756097561,5084000,49600,5034400,제주명품,Unknown,Unknown
[밥도둑푸드] 손질된 간편 여수 돌게장,2021,9800,189,3,1.5873015873015872,1852200,29400,1822800,밥도둑푸드,밥/반찬/요리,할인불가
[셀핀다] 고순도 프리미엄 발효가바 100% 1500mg,2021,69000,182,10,5.494505494505495,12558000,690000,11868000,셀핀다,건강,회원
[대도] 전라도 전통식 포기김치,2021,29200,175,1,0.5714285714285714,5110000,29200,5080800,대도,김치/젓갈,할인불가
[밥도둑푸드] 여수 국내산 알배기 암꽃게장 3미,2021,41100,169,4,2.366863905325444,6945900,164400,6781500,밥도둑푸드,밥/반찬/요리,회원
[밥도둑푸드] 손질된 간편 여수 돌게장,2021,21500,164,1,0.6097560975609756,3526000,21500,3504500,밥도둑푸드,밥/반찬/요리,할인불가
[뷰리앤헬스] 백세통밀 8종 저칼로리 통곡물빵,2021,7400,161,0,0.0,1191400,0,1191400,뷰리앤헬스,건강식품,할인불가
[뷰리앤헬스] 백세통밀 8종 저칼로리 통곡물빵,2021,7400,157,2,1.2738853503184715,1161800,14800,1147000,뷰리앤헬스,건강식품,할인불가
[헬시아] 아임더닥터 맥주효모 비오틴 90정 (30일분),2021,13800,154,5,3.2467532467532463,2125200,69000,2056200,헬시아,건강식품,할인불가
[아임굿] '간'편한 기력회복 숙취해소 세계특허 과채음료,2021,147000,153,2,1.30718954248366,22491000,294000,22197000,아임굿,건강식품,회원
[제주명품] 제주 남원 조생 감귤 S~L 혼합과,2021,39600,149,1,0.6711409395973155,5900400,39600,5860800,제주명품,Unknown,Unknown
[밥도둑푸드] 가정식 여수 순살 꼬막장,2021,8500,146,0,0.0,1241000,0,1241000,밥도둑푸드,밥/반찬/요리,회원
[셀핀다] 4+1 고순도 프리미엄 발효가바 100% 1500mg,2021,345000,145,7,4.827586206896552,50025000,2415000,47610000,셀핀다,건강,회원
[뷰리앤헬스] 백세통밀 8종 저칼로리 통곡물빵,2021,7400,139,0,0.0,1028600,0,1028600,뷰리앤헬스,건강식품,할인불가
[더킴] 간편하게 즐기는 프리미엄 양꼬치&양세지,2021,9480,139,0,0.0,1317720,0,1317720,더킴,밥/반찬/요리,회원
[뷰리앤헬스] 백세통밀 8종 저칼로리 통곡물빵,2021,7400,135,0,0.0,999000,0,999000,뷰리앤헬스,건강식품,할인불가
[요리명인] 오븐에 구워 담백한 담양식 수제떡갈비,2021,10000,135,1,0.7407407407407408,1350000,10000,1340000,요리명인,밥/반찬/요리,할인불가
"[부천명장] 부천 로컬맛집 시원얼큰 명장 알탕,알동탕",2021,8900,131,2,1.5267175572519085,1165900,17800,1148100,부천명장,국/탕/찌개/면,회원
[셀핀다] 4+1 고순도 프리미엄 발효가바 100% 750mg,2021,195000,128,5,3.90625,24960000,975000,23985000,셀핀다,건강,회원
[대도] 전라도 전통식 포기김치,2021,9900,128,1,0.78125,1267200,9900,1257300,대도,김치/젓갈,할인불가
[제주의맛] 당도높은 타이벡 농법 남원 감귤,2021,29000,128,0,0.0,3712000,0,3712000,제주의맛,수산/건어물/김,할인불가
[대도] 전라도 전통식 포기김치,2021,48500,125,1,0.8,6062500,48500,6014000,대도,김치/젓갈,할인불가
[밥도둑푸드] 여수맛집 돌게 된장찌개 2통,2021,15000,124,8,6.451612903225806,1860000,120000,1740000,밥도둑푸드,국/탕/찌개/면,회원
[더킴] 간편하게 즐기는 프리미엄 양고기&양꼬치,2021,9000,124,3,2.419354838709677,1116020,26940,1089080,더킴,밥/반찬/요리,회원
[밥도둑푸드] 전라도식 양념 낙지젓갈 500g,2021,26000,123,1,0.8130081300813009,3198000,26000,3172000,밥도둑푸드,김치/젓갈,회원
[밥도둑푸드] 여수 돌산 갓김치 캔 600g,2021,8000,122,2,1.639344262295082,976000,16000,960000,밥도둑푸드,김치/젓갈,할인불가
[요리반상회] 미슐랭가이드 국산 황금콩밭 콩국수 2인분,2021,19800,121,4,3.3057851239669422,2395800,79200,2316600,요리반상회,국/탕/찌개/면,할인불가
[욕실의여왕] 무선 욕실청소기,2021,99000,116,3,2.586206896551724,11484000,297000,11187000,욕실의여왕,욕실/세정/위생용품,회원
"[부천명장] 부천 로컬맛집 시원얼큰 명장 알탕,알동탕",2021,8900,113,0,0.0,1005700,0,1005700,부천명장,국/탕/찌개/면,회원
[제주의맛] 제주 남원 조생 명품감귤 S~L 혼합과,2021,24800,112,0,0.0,2777600,0,2777600,제주의맛,수산/건어물/김,할인불가
[밥도둑푸드] 전라도 가정식 파김치 1kg,2021,20000,111,0,0.0,2220000,0,2220000,밥도둑푸드,김치/젓갈,회원
[다모애] 기능성 탈모 테라피 골드 샴푸 헤어토닉,2021,17000,107,0,0.0,1819000,0,1819000,다모애,뷰티/다이어트,할인불가
[제주의맛] 제주 남원 조생 명품감귤 S~L 혼합과,2021,39600,106,0,0.0,4197600,0,4197600,제주의맛,수산/건어물/김,할인불가
[샤인룩] 최고급 프리미엄 극세사 김서림방지 안경닦이,2021,6000,105,1,0.9523809523809524,630000,6000,624000,샤인룩,생활용품/차량용품/마스크,할인불가
[밥도둑푸드] 여수낭만포차 묵은지해물삼합 2-3인분,2021,39000,104,2,1.9230769230769231,4056000,78000,3978000,밥도둑푸드,밥/반찬/요리,회원
[뷰리앤헬스] 백세통밀 8종 저칼로리 통곡물빵,2021,7400,101,0,0.0,747400,0,747400,뷰리앤헬스,건강식품,할인불가
[모미건] 튀기지 않고 구워만든 건강스낵 현미칩&콘칩 300g,2021,18000,99,1,1.0101010101010102,1782000,18000,1764000,모미건,과자/간식/안주,회원
[호 마스크] 국내산 호 프리미엄 마스크 KF94 대형 새부리형 50매,2021,14500,99,0,0.0,1435500,0,1435500,호 마스크,생활용품/차량용품/마스크,할인불가
[쉬젤] 웰빙쿠커 인덕션 겸용 스테인리스 찜기,2021,69000,98,2,2.0408163265306123,6762000,138000,6624000,쉬젤,냄비/팬/솥,할인불가
[강고집] 100% 국내산 닭다리로 만든 냉장 닭갈비 1kg,2021,19800,94,0,0.0,1861200,0,1861200,강고집,밥/반찬/요리,할인불가
[밥도둑푸드] 땡초비빔된장 500g,2021,9500,91,1,1.098901098901099,864500,9500,855000,밥도둑푸드,밥/반찬/요리,할인불가
[밥도둑푸드] 밥도둑어벤저스 4종SET,2021,37000,90,2,2.2222222222222223,3330000,74000,3256000,밥도둑푸드,밥/반찬/요리,할인불가
[제주의맛] 당도높은 타이벡 농법 남원 감귤,2021,44000,90,1,1.1111111111111112,3960000,44000,3916000,제주의맛,수산/건어물/김,할인불가
[쉬젤] 웰빙쿠커 인덕션 겸용 스테인리스 찜기,2021,88000,88,2,2.272727272727273,7744000,176000,7568000,쉬젤,냄비/팬/솥,할인불가
[뷰리앤헬스] 백세통밀 8종 저칼로리 통곡물빵,2021,9800,87,0,0.0,852600,0,852600,뷰리앤헬스,건강식품,할인불가
[나물캐는곰] 강원도 인제 프리미엄 황태껍질부각,2021,9500,84,0,0.0,798000,0,798000,나물캐는곰,과자/간식/안주,할인불가
[배포장] 30년 전통 순곱이네 순대 모음,2021,13800,82,2,2.4390243902439024,1131600,27600,1104000,배포장,과자/간식/안주,할인불가
[뷰리앤헬스] 백세통밀 8종 저칼로리 통곡물빵,2021,7400,81,0,0.0,599400,0,599400,뷰리앤헬스,건강식품,할인불가
[셀핀다] 고순도 프리미엄 발효가바 100% 750mg,2021,39000,76,7,9.210526315789473,2964000,273000,2691000,셀핀다,건강,회원
[배포장] 30년 전통 순곱이네 순대 모음,2021,6900,76,1,1.3157894736842104,524400,6900,517500,배포장,과자/간식/안주,할인불가
[고성태젓갈] 강원도식 양념명란젓(파지),2021,13500,75,0,0.0,1012500,0,1012500,고성태젓갈,김치/젓갈,할인불가
[모미건] 튀기지 않고 구워만든 건강스낵 현미칩&콘칩 300g,2021,18000,73,2,2.73972602739726,1314000,36000,1278000,모미건,과자/간식/안주,회원
[고성태젓갈] 강원도식 명태회무침,2021,19500,72,1,1.3888888888888888,1404000,19500,1384500,고성태젓갈,밥/반찬/요리,할인불가
[밥도둑푸드] 손질된 간편 여수 돌게장,2021,11800,71,1,1.4084507042253522,837800,11800,826000,밥도둑푸드,밥/반찬/요리,할인불가
[밥도둑푸드] 여수 수협 중매인이 직접 고르고 손질한 민어 1팩 (30-35cm),2021,13900,71,5,7.042253521126761,986900,69500,917400,밥도둑푸드,밥/반찬/요리,회원
[다해농수산] 프리미엄 완도 두번 구운 곱창김 5봉 (50매),2021,14900,70,0,0.0,1043000,0,1043000,다해농수산,수산/건어물/김,할인불가
[호 마스크] 국내산 호 프리미엄 마스크 KF94 대형 새부리형 50매,2021,14500,70,0,0.0,1015000,0,1015000,호 마스크,생활용품/차량용품/마스크,할인불가
바나듐 아연 포함 미네랄 음료 당하수 400ml 1box[20병],2021,50000,69,2,2.898550724637681,3450000,100000,3350000,20병,Unknown,Unknown
[빨간키트떡볶이] 만들기쉬운 황금레시피 떡볶이 밀키트 2-3인분 2개,2021,13782,68,0,0.0,937160,0,937160,빨간키트떡볶이,과자/간식/안주,할인불가
[셀핀다] 고순도 프리미엄 발효가바 100% 750mg+1500mg,2021,108000,66,0,0.0,7128000,0,7128000,셀핀다,건강식품,회원
[양포어장] 포항 구룡포 햇 과메기 야채세트 10미 220g,2021,31900,66,4,6.0606060606060606,2105400,127600,1977800,양포어장,수산/건어물/김,할인불가
[밥도둑푸드] 국내산 키조개관자 슬라이스 200g,2021,15900,64,3,4.6875,1017600,47700,969900,밥도둑푸드,수산/건어물/김,회원
[뷰리앤헬스] 백세통밀 8종 저칼로리 통곡물빵,2021,9800,64,0,0.0,627200,0,627200,뷰리앤헬스,건강식품,할인불가
[강고집] 100% 국내산 닭다리로 만든 냉장 닭갈비 1kg,2021,19800,64,0,0.0,1267200,0,1267200,강고집,밥/반찬/요리,할인불가
[배포장] 30년 전통 순곱이네 순대 모음,2021,9500,64,1,1.5625,608000,9500,598500,배포장,과자/간식/안주,할인불가
[대도] 매콤달콤한 전라도 보쌈김치,2021,11000,63,1,1.5873015873015872,693000,11000,682000,대도,김치/젓갈,할인불가
[호떡장수 정재수] 왕꿀호떡 & 왕씨앗호떡,2021,8400,62,0,0.0,520800,0,520800,호떡장수 정재수,유제품/베이커리/떡,할인불가
셀핀다 고순도 프리미엄 발효가바 100% 1500mg,2021,69000,59,1,1.694915254237288,4071000,69000,4002000,셀핀다,건강,회원
[요리반상회] 56년 전통 용산맛집 용문해장국 소뼈 가마솥 해장국  700g 3팩,2021,30400,57,3,5.263157894736842,1732800,91200,1641600,요리반상회,국/탕/찌개/면,할인불가
[요리반상회] 용문해장국 소뼈 가마솥 해장국  700g 3팩,2021,30400,56,1,1.7857142857142856,1702400,30400,1672000,요리반상회,국/탕/찌개/면,할인불가
[강화도] 석모도 속노랑&꿀 고구마 10kg,2021,38800,56,1,1.7857142857142856,2172800,38800,2134000,강화도,농축산/과일/계란,할인불가
[금강수림] 전통육개장 1kg 3인분,2021,13000,55,0,0.0,715000,0,715000,금강수림,국/탕/찌개/면,할인불가
"[와우언더웨어] 프리미엄 남성언더웨어 (뱀부, 나일론 택1)",2021,20000,55,0,0.0,1100000,0,1100000,와우언더웨어,패션/잡화,할인불가
[밥도둑푸드] 자연산 새우장 1kg 20미,2021,17900,54,1,1.851851851851852,966600,17900,948700,밥도둑푸드,밥/반찬/요리,할인불가
[소담한밥상] 한우우족탕 700g 3팩+한우곰탕 700g 2팩,2021,29000,51,1,1.96078431372549,1479000,29000,1450000,소담한밥상,국/탕/찌개/면,할인불가
[호 마스크] 국내산 호 프리미엄 마스크 KF94 대형 새부리형 50매,2021,14500,51,2,3.92156862745098,739500,29000,710500,호 마스크,생활용품/차량용품/마스크,할인불가
[다모애] 기능성 탈모 테라피 골드 샴푸 헤어토닉,2021,33500,51,0,0.0,1708500,0,1708500,다모애,뷰티/다이어트,할인불가
[욕실의여왕] 탈취제 3종세트,2021,17800,50,1,2.0,890000,17800,872200,욕실의여왕,욕실/세정/위생용품,할인불가
[아임굿] '간'편한 기력회복 숙취해소 세계특허 과채음료,2021,118000,48,1,2.083333333333333,5664000,118000,5546000,아임굿,건강식품,회원
[더킴] 간편하게 즐기는 프리미엄 양꼬치&양세지,2021,10480,47,0,0.0,492560,0,492560,더킴,밥/반찬/요리,회원
[박장대소] 달지않은 치악산 청정지역 과일 잼 2종,2021,25000,46,0,0.0,1150000,0,1150000,박장대소,Unknown,Unknown
[국내생산] 보풀없고 귀편한 아로마 3중 이든숨마스크 50매,2021,19900,45,0,0.0,895500,0,895500,국내생산,생활용품/차량용품/마스크,회원
[다모애] 기능성 탈모 테라피 골드 샴푸 헤어토닉,2021,17000,44,0,0.0,748000,0,748000,다모애,뷰티/다이어트,할인불가
[맛디] 건어물의 끝판왕 안주/간식 6종,2021,9900,43,0,0.0,425700,0,425700,맛디,과자/간식/안주,할인불가
[핸인핸] 모노 심플 유광 이중 미세모 칫솔 8p,2021,10900,43,0,0.0,468700,0,468700,핸인핸,욕실/세정/위생용품,할인불가
[더킴] 간편하게 즐기는 프리미엄 양고기&양꼬치,2021,9992,43,3,6.976744186046512,429640,29940,399700,더킴,밥/반찬/요리,회원
[빵굽는오남매] 41년 군산 명물 속편한 흰찰쌀보리 빵,2021,6050,42,0,0.0,254100,0,254100,빵굽는오남매,유제품/베이커리/떡,할인불가
[밥도둑푸드] 간편한 전라도 우거지 된장 4인분 250G,2021,3500,41,3,7.317073170731707,143500,10500,133000,밥도둑푸드,밥/반찬/요리,회원
[셀핀다] 고순도 프리미엄 발효가바 100% 750mg 3개세트,2021,117000,41,0,0.0,4797000,0,4797000,셀핀다,건강식품,회원
NK타히보 골드제로 타히보차 음료 500ml 1box[20병],2021,49875,40,1,2.5,1995000,50000,1945000,20병,Unknown,Unknown
[미이르] 국내산 (여수) 반건조 민어,2021,27900,40,1,2.5,1116000,27900,1088100,미이르,수산/건어물/김,할인불가
[대도] 전라도 전통식 포기김치,2021,13000,39,0,0.0,507000,0,507000,대도,김치/젓갈,할인불가
[더킴] 간편하게 즐기는 프리미엄 양고기&양꼬치,2021,8980,39,0,0.0,350220,0,350220,더킴,밥/반찬/요리,회원
[더킴] 간편하게 즐기는 프리미엄 양꼬치&양세지,2021,9480,39,0,0.0,369720,0,369720,더킴,밥/반찬/요리,회원
[배포장] 30년 전통 순곱이네 순대 모음,2021,9500,39,1,2.564102564102564,370500,9500,361000,배포장,과자/간식/안주,할인불가
[호떡장수 정재수] 왕꿀호떡 & 왕씨앗호떡,2021,8000,39,0,0.0,312000,0,312000,호떡장수 정재수,유제품/베이커리/떡,할인불가
[밥도둑푸드] 가정식 완도 수제 전복장 실속형 1kg 9-10미,2021,24900,38,0,0.0,946200,0,946200,밥도둑푸드,밥/반찬/요리,회원
[요리반상회] 한돈 산더미 불고기 간장/고추장 400g 2팩,2021,23000,38,0,0.0,874000,0,874000,요리반상회,국/탕/찌개/면,할인불가
"[제주애과일] 제주대표 귀족과일, 제주 황금향",2021,30000,38,0,0.0,1140000,0,1140000,제주애과일,농축산/과일/계란,할인불가
[맛디] 건어물의 끝판왕 안주/간식 6종,2021,9500,37,0,0.0,351500,0,351500,맛디,과자/간식/안주,할인불가
[백운] 순살 간장게장 300g,2021,25000,37,0,0.0,925000,0,925000,백운,밥/반찬/요리,할인불가
[대도] 매콤한 맛이 일품인 전라도 파김치,2021,25000,36,0,0.0,900000,0,900000,대도,김치/젓갈,할인불가
[NK플러스] 건강기능 멀티비타민 면역력강화 1box[3병],2021,29000,35,0,0.0,1015000,0,1015000,NK플러스,Unknown,Unknown
[더킴] 간편하게 즐기는 프리미엄 양꼬치&양세지,2021,2000,35,0,0.0,70000,0,70000,더킴,밥/반찬/요리,회원
[웃담] 백인목장 1등급원유 수제 웰빙 요구르트 5종 150ml,2021,30000,34,0,0.0,1020000,0,1020000,웃담,유제품/베이커리/떡,할인불가
[요리명인] 전통방식 그대로 3번 쪄낸 수제 연잎 영양밥,2021,14400,34,0,0.0,489600,0,489600,요리명인,밥/반찬/요리,할인불가
[휘겔리다올리] 리메디얼 씨벅턴 퍼스트 오일,2021,50000,34,0,0.0,1700000,0,1700000,휘겔리다올리,뷰티/다이어트,회원
[아임굿] '간'편한 기력회복 숙취해소 세계특허 과채음료,2021,147000,34,1,2.941176470588235,4998000,147000,4851000,아임굿,건강식품,회원
[키친아트] 달고나 세트 올스텐 국내제작 100% 인덕션겸용,2021,22000,34,2,5.88235294117647,748000,44000,704000,키친아트,주방잡화/용품,할인불가
"[와우언더웨어] 프리미엄 남성언더웨어 (뱀부, 나일론 택1)",2021,20000,33,1,3.0303030303030303,660000,20000,640000,와우언더웨어,패션/잡화,할인불가
"[와우언더웨어] 프리미엄 남성언더웨어 (뱀부, 나일론 택1)",2021,20000,33,0,0.0,660000,0,660000,와우언더웨어,패션/잡화,할인불가
[강화도] 석모도 속노랑&꿀 고구마 10kg,2021,31300,33,4,12.12121212121212,1032900,125200,907700,강화도,농축산/과일/계란,할인불가
[대도] 톡 쏘는 수제 전라도 갓김치,2021,13000,32,0,0.0,416000,0,416000,대도,김치/젓갈,할인불가
"디테일에 강한 유능한 진보 이재명, 한다면 한다",2021,16000,31,0,0.0,496000,0,496000,Unknown,Unknown,Unknown
[헬시아] 아임더닥터 블랙마카 60정 (20일분),2021,15800,31,1,3.225806451612903,489800,15800,474000,헬시아,건강식품,할인불가
[금강수림] 전통육개장 1kg 3인분,2021,13000,30,0,0.0,390000,0,390000,금강수림,국/탕/찌개/면,할인불가
[대도] 익을수록 맛있는 전라도 총각김치,2021,12000,30,0,0.0,360000,0,360000,대도,김치/젓갈,할인불가
[대도] 전라도 전통식 포기김치,2021,25000,30,0,0.0,750000,0,750000,대도,김치/젓갈,할인불가
[박장대소] 달지않은 치악산 청정지역 복숭아잼/오디잼 3개 구성 선택,2021,25000,30,0,0.0,750000,0,750000,박장대소,Unknown,Unknown
[더킴] 간편하게 즐기는 프리미엄 양고기&양꼬치,2021,2000,30,0,0.0,60000,0,60000,더킴,밥/반찬/요리,회원
"[제주애과일] 제주대표 귀족과일, 제주 황금향",2021,50000,30,0,0.0,1500000,0,1500000,제주애과일,농축산/과일/계란,할인불가
"[와우언더웨어] 프리미엄 남성언더웨어 (뱀부, 나일론, 텐셀 택1)",2021,20000,29,0,0.0,580000,0,580000,와우언더웨어,패션/잡화,할인불가
[밥도둑푸드] 장흥식 소고기 삼합 구이세트 2인,2021,30000,28,0,0.0,840000,0,840000,밥도둑푸드,밥/반찬/요리,회원
[대도] 전라도 전통식 포기김치,2021,11000,28,0,0.0,308000,0,308000,대도,김치/젓갈,할인불가
[쉬젤] 웰빙쿠커 인덕션 겸용 스테인리스 찜기,2021,54000,28,0,0.0,1512000,0,1512000,쉬젤,냄비/팬/솥,할인불가
"[와우언더웨어] 프리미엄 남성언더웨어 (뱀부, 나일론 택1)",2021,20000,28,0,0.0,560000,0,560000,와우언더웨어,패션/잡화,할인불가
[엘리사] 순수 국내 원료 인증받은 엘프로스 실내용 디퓨져,2021,12000,28,0,0.0,336000,0,336000,엘리사,생활용품/차량용품/마스크,할인불가
[나물캐는곰] 강원도 인제 프리미엄 황태껍질부각,2021,9500,28,0,0.0,266000,0,266000,나물캐는곰,과자/간식/안주,할인불가
[가득찬푸드] 매콤 쭈꾸미만두 350g,2021,7300,27,1,3.7037037037037033,197100,7300,189800,가득찬푸드,밥/반찬/요리,회원
[헬시아] 아임더닥터 콜라겐워터6000 10병 1box,2021,19800,27,0,0.0,534600,0,534600,헬시아,건강식품,할인불가
[헬시아] 아임더닥터 콜라겐정 60정 (20일분),2021,13800,27,0,0.0,372600,0,372600,헬시아,건강식품,할인불가
[백봉오골계] 청정지역 춘천 백봉오골계 초란&유정란,2021,33500,27,0,0.0,904500,0,904500,백봉오골계,Unknown,Unknown
"[와우언더웨어] 프리미엄 남성언더웨어 (뱀부, 나일론, 텐셀 택1)",2021,20900,27,0,0.0,564300,0,564300,와우언더웨어,패션/잡화,할인불가
[더킴] 부드러운 어린양 램 100% 양고기 숄더랙&LA양갈비,2021,31960,27,0,0.0,862920,0,862920,더킴,밥/반찬/요리,회원
[트렌톤] 국산 베이지쿡 냉장고 보관용기,2021,19900,27,0,0.0,537300,0,537300,트렌톤,주방잡화/용품,할인불가
[미이르] 국내산 / 자연산 손질 통오징어,2021,23900,26,0,0.0,621400,0,621400,미이르,수산/건어물/김,할인불가
"[와우언더웨어] 프리미엄 남성언더웨어 (뱀부, 나일론, 텐셀 택1)",2021,20000,26,1,3.8461538461538463,520000,20000,500000,와우언더웨어,패션/잡화,할인불가
"[제주애과일] 제주대표 귀족과일, 제주 황금향",2021,45000,26,0,0.0,1170000,0,1170000,제주애과일,농축산/과일/계란,할인불가
[4+1] 셀핀다 고순도 프리미엄 발효가바 100% 1500mg,2021,345000,25,1,4.0,8625000,345000,8280000,셀핀다,건강,회원
[국내생산] 보풀없고 귀편한 아로마 3중 이든숨마스크 50매,2021,19900,25,0,0.0,497500,0,497500,국내생산,생활용품/차량용품/마스크,회원
[에브리홈] 건강지킴 엠보싱 일회용 수세미 60매 1+1,2021,7700,25,0,0.0,192500,0,192500,에브리홈,주방잡화/용품,할인불가
"[와우언더웨어] 프리미엄 남성언더웨어 (뱀부, 나일론 택1)",2021,20000,25,0,0.0,500000,0,500000,와우언더웨어,패션/잡화,할인불가
"[와우언더웨어] 프리미엄 남성언더웨어 (뱀부, 나일론 택1)",2021,20000,25,0,0.0,500000,0,500000,와우언더웨어,패션/잡화,할인불가
[호 마스크] 국내산 호 프리미엄 마스크 KF94 대형 새부리형 50매,2021,12700,25,0,0.0,317500,0,317500,호 마스크,생활용품/차량용품/마스크,할인불가
[휘겔리다올리] 피토 테라피-클로렐라 CGF 앰플,2021,35000,25,0,0.0,875000,0,875000,휘겔리다올리,뷰티/다이어트,회원
[현미박사] 100% 국내산현미 구수한 수제 현미누룽지 (대) 480g,2021,10000,25,0,0.0,250000,0,250000,현미박사,밥/반찬/요리,할인불가
[다정한상점] 직접 그린 2022년 제철음식 달력,2021,15900,25,0,0.0,397500,0,397500,다정한상점,가구/인테리어,할인불가
[맛디] 건어물의 끝판왕 안주/간식 6종,2021,10000,24,0,0.0,240000,0,240000,맛디,과자/간식/안주,할인불가
[셀핀다] 가바꿀O+가바 750mg 묶음,2021,98000,24,1,4.166666666666666,2352000,98000,2254000,셀핀다,건강,회원
"[와우언더웨어] 프리미엄 남성언더웨어 (뱀부, 나일론 택1)",2021,20000,24,0,0.0,480000,0,480000,와우언더웨어,패션/잡화,할인불가
[나물캐는곰] 강원도 인제 프리미엄 황태껍질부각,2021,9500,24,0,0.0,228000,0,228000,나물캐는곰,과자/간식/안주,할인불가
[밥도둑푸드] 여수 돌산 갓김치4kg+갓물김치1kg,2021,67000,23,0,0.0,1541000,0,1541000,밥도둑푸드,김치/젓갈,회원
[맛디] 건어물의 끝판왕 안주/간식 6종,2021,10000,23,0,0.0,230000,0,230000,맛디,과자/간식/안주,할인불가
[라인에비히] 당케FGF 회복크림 50ml,2021,45000,23,2,8.695652173913043,1035000,90000,945000,라인에비히,뷰티/다이어트,회원
"[와우언더웨어] 프리미엄 남성언더웨어 (뱀부, 나일론 택1)",2021,20000,23,0,0.0,460000,0,460000,와우언더웨어,패션/잡화,할인불가
[더킴] 간편하게 즐기는 프리미엄 양고기&양꼬치,2021,7980,23,0,0.0,183540,0,183540,더킴,밥/반찬/요리,회원
"[와우언더웨어] 프리미엄 남성언더웨어 (뱀부, 나일론, 텐셀 택1)",2021,20900,23,1,4.3478260869565215,480700,20900,459800,와우언더웨어,패션/잡화,할인불가
셀핀다 고순도 프리미엄 발효가바 100% 750mg,2021,39000,22,4,18.181818181818183,858000,156000,702000,셀핀다,건강,회원
[맛디] 건어물의 끝판왕 안주/간식 6종,2021,3000,22,0,0.0,66000,0,66000,맛디,과자/간식/안주,할인불가
[요리반상회] 용문해장국 17시간 가마솥 소뼈 우거지 해장국 700g 3팩,2021,30400,22,0,0.0,668800,0,668800,요리반상회,국/탕/찌개/면,할인불가
[강화도] 석모도 속노랑&꿀 고구마 10kg,2021,38800,22,1,4.545454545454546,853600,38800,814800,강화도,농축산/과일/계란,할인불가
[빵굽는오남매] 41년 군산 명물 속편한 흰찰쌀보리 빵,2021,11220,22,0,0.0,246840,0,246840,빵굽는오남매,유제품/베이커리/떡,할인불가
[아시아출판] 인간 이재명,2021,16500,22,0,0.0,363000,0,363000,아시아출판,도서,회원
[나물캐는곰] 강원도 인제 프리미엄 황태껍질부각,2021,9500,22,0,0.0,209000,0,209000,나물캐는곰,과자/간식/안주,할인불가
[대도] 매콤달콤한 전라도 보쌈김치,2021,32500,21,0,0.0,682500,0,682500,대도,김치/젓갈,할인불가
[금강수림] 바지락황태국 1kg 3인분,2021,12000,21,0,0.0,252000,0,252000,금강수림,국/탕/찌개/면,할인불가
[셀핀다] 고순도 프리미엄 발효가바 가바750/1500/가바꿀O 2+1,2021,157000,21,0,0.0,3297000,0,3297000,셀핀다,건강,회원
[호 마스크] 국내산 호 프리미엄 마스크 KF94 대형 새부리형 50매,2021,14500,21,0,0.0,304500,0,304500,호 마스크,생활용품/차량용품/마스크,할인불가
[엘리사] 순수 국내 원료 인증받은 엘프로스 실내용 디퓨져,2021,1000,21,0,0.0,21000,0,21000,엘리사,생활용품/차량용품/마스크,할인불가
[배포장] 30년 전통 순곱이네 순대 모음,2021,11700,21,0,0.0,245700,0,245700,배포장,과자/간식/안주,할인불가
[보카스] 성인용 손톱발톱깍기&각질제거제,2021,18900,21,0,0.0,396900,0,396900,보카스,생활용품/차량용품/마스크,할인불가
셀핀다 가바 고순도 프리미엄 발효 가바 100% 750mg,2021,39000,20,4,20.0,780000,156000,624000,셀핀다,건강,회원
[밥도둑푸드] 여수 초롱무 총각김치 1KG,2021,18000,20,1,5.0,360000,18000,342000,밥도둑푸드,밥/반찬/요리,회원
하동 녹차 명란김 24봉,2021,2000,20,0,0.0,40000,0,40000,자연향기,수산/건어물/김,회원
[맛디] 건어물의 끝판왕 안주/간식 6종,2021,9000,20,0,0.0,180000,0,180000,맛디,과자/간식/안주,할인불가
[셀핀다] 고순도 프리미엄 발효가바 100% 1500mg 3개세트,2021,207000,20,4,20.0,4140000,828000,3312000,셀핀다,건강,회원
[대도] 향이 좋은 전라도 새깻잎김치,2021,21000,20,0,0.0,420000,0,420000,대도,김치/젓갈,할인불가
[헬시아] 아임더닥터 여주정 60정 (30일분),2021,13800,20,0,0.0,276000,0,276000,헬시아,건강식품,할인불가
[욕실의여왕] 배수구 세정제 50g 4포,2021,12800,20,1,5.0,256000,12800,243200,욕실의여왕,욕실/세정/위생용품,할인불가
[고성태젓갈] 강원도식 명태회무침,2021,13500,20,0,0.0,270000,0,270000,고성태젓갈,밥/반찬/요리,할인불가
[유자네] 내장제거 전자렌지용 찜 보리굴비 9미,2021,76000,20,1,5.0,1520000,76000,1444000,유자네,수산/건어물/김,할인불가
"[와우언더웨어] 프리미엄 남성언더웨어 (뱀부, 나일론, 텐셀 택1)",2021,20900,20,0,0.0,418000,0,418000,와우언더웨어,패션/잡화,할인불가
[더킴] 간편하게 즐기는 프리미엄 양꼬치&양세지,2021,10480,20,0,0.0,209600,0,209600,더킴,밥/반찬/요리,회원
[빵굽는오남매] 41년 군산 명물 속편한 흰찰쌀보리 빵,2021,22000,20,0,0.0,440000,0,440000,빵굽는오남매,유제품/베이커리/떡,할인불가
[더킴] 부드러운 어린양 램 100% 양고기 숄더랙&LA양갈비,2021,31960,20,0,0.0,639200,0,639200,더킴,밥/반찬/요리,회원
전남 영광 법성포 보리굴비 10미,2021,120000,19,0,0.0,2280000,0,2280000,Unknown,Unknown,Unknown
[대도] 전라도 전통식 포기김치,2021,9000,19,0,0.0,171000,0,171000,대도,김치/젓갈,할인불가
[대도] 익을수록 맛있는 전라도 총각김치,2021,35500,19,0,0.0,674500,0,674500,대도,김치/젓갈,할인불가
[밥도둑푸드] 싱싱한 굴로 만든 전라도식 굴무침 600g,2021,40000,19,1,5.263157894736842,760000,40000,720000,밥도둑푸드,밥/반찬/요리,회원
"[와우언더웨어] 프리미엄 남성언더웨어 (뱀부, 나일론 택1)",2021,20000,19,0,0.0,380000,0,380000,와우언더웨어,패션/잡화,할인불가
[대도] 전라도 보쌈김치,2021,11000,19,0,0.0,209000,0,209000,대도,김치/젓갈,할인불가
"[와우언더웨어] 프리미엄 남성언더웨어 (뱀부, 나일론, 텐셀 택1)",2021,20900,19,0,0.0,397100,0,397100,와우언더웨어,패션/잡화,할인불가
[아임굿] '간'편한 기력회복 숙취해소 세계특허 과채음료,2021,118000,19,0,0.0,2242000,0,2242000,아임굿,건강식품,회원
[트렌톤] 국산 베이지쿡 냉장고 보관용기,2021,12900,19,0,0.0,245100,0,245100,트렌톤,주방잡화/용품,할인불가
[CJ바이오] 김치 생 유산균 스페셜 프로바이오틱스 2g*30포,2021,13500,19,0,0.0,256500,0,256500,CJ바이오,건강식품,회원
[다다온유] 시원하고 맛있는 100% 청도 아이스 홍시,2021,19700,19,0,0.0,374300,0,374300,다다온유,농축산/과일/계란,할인불가
[밥도둑푸드] 여수 가정식 열무김치 2kg,2021,18000,18,3,16.666666666666664,324000,54000,270000,밥도둑푸드,밥/반찬/요리,회원
[다모애] 기능성 탈모 테라피 골드 샴푸 헤어토닉,2021,33500,18,0,0.0,603000,0,603000,다모애,뷰티/다이어트,할인불가
[대도] 전라도 전통식 포기김치,2021,23000,18,0,0.0,414000,0,414000,대도,김치/젓갈,할인불가
[대도] 시원한 전라남도식 묵은지,2021,29500,18,0,0.0,531000,0,531000,대도,김치/젓갈,할인불가
[욕실의여왕] 다목적 세정제 400ml 2통,2021,14900,18,0,0.0,268200,0,268200,욕실의여왕,욕실/세정/위생용품,할인불가
"[와우언더웨어] 프리미엄 남성언더웨어 (뱀부, 나일론 택1)",2021,20000,18,0,0.0,360000,0,360000,와우언더웨어,패션/잡화,할인불가
[동문가채] 디어진저 프리미엄 수제 생강청,2021,29000,18,0,0.0,522000,0,522000,동문가채,음료/차,할인불가
[박장대소] 달지않은 치악산 청정지역 복숭아잼/오디잼 3개 구성 선택,2021,25000,18,0,0.0,450000,0,450000,박장대소,Unknown,Unknown
[칼라테레비] 따뜻하고 포근한 누빔 실내 슬리퍼 2족 세트,2021,8900,18,0,0.0,160200,0,160200,칼라테레비,패션/잡화,할인불가
"[와우언더웨어] 프리미엄 남성언더웨어 (뱀부, 나일론, 텐셀 택1)",2021,20000,18,1,5.555555555555555,360000,20000,340000,와우언더웨어,패션/잡화,할인불가
이범학의 낭만집밥 밀키트 5종,2021,14300,17,1,5.88235294117647,243100,14300,228800,Unknown,Unknown,Unknown
[4+1] 셀핀다 고순도 프리미엄 발효가바 100% 750mg,2021,195000,17,0,0.0,3315000,0,3315000,셀핀다,건강,회원
더콘가글Q 500ml,2021,15000,17,0,0.0,255000,0,255000,Unknown,Unknown,Unknown
실버라이닝 항균 발매트,2021,15176,17,0,0.0,258000,0,258000,Unknown,Unknown,Unknown
[밥도둑푸드] 여수특산물 돌게장 선물용 1kg 내외,2021,20000,17,0,0.0,340000,0,340000,밥도둑푸드,밥/반찬/요리,할인불가
국내산 화개장터 재첩국 500g,2021,30000,17,0,0.0,510000,0,510000,Unknown,Unknown,Unknown
[강화도] 석모도 속노랑&꿀 고구마 10kg,2021,31300,17,0,0.0,532100,0,532100,강화도,농축산/과일/계란,할인불가
"[와우언더웨어] 프리미엄 남성언더웨어 (뱀부, 나일론, 텐셀 택1)",2021,20900,17,0,0.0,355300,0,355300,와우언더웨어,패션/잡화,할인불가
[엘리사] 순수 국내 원료 인증받은 엘프로스 실내용 디퓨져,2021,12000,17,0,0.0,204000,0,204000,엘리사,생활용품/차량용품/마스크,할인불가
[라이프드림] 군산 흰찰쌀보리로 만든 속편한 NEW 군산짬뽕라면,2021,18000,17,0,0.0,306000,0,306000,라이프드림,국/탕/찌개/면,할인불가
[밥도둑푸드] 여수특산물 돌게장 선물용 1kg 내외,2021,22000,16,0,0.0,352000,0,352000,밥도둑푸드,밥/반찬/요리,할인불가
[라인에비히] 콜라겐 진정 시카톡 크림미스트 100ml,2021,49000,16,0,0.0,784000,0,784000,라인에비히,뷰티/다이어트,회원
[웃담] 백인목장 1등급원유 수제 웰빙 요구르트 5종 150ml,2021,15300,16,0,0.0,244800,0,244800,웃담,유제품/베이커리/떡,할인불가
[닥터글로덤] 젤리팩 1box 30포,2021,29000,16,0,0.0,464000,0,464000,닥터글로덤,뷰티/다이어트,회원
[에브리홈] 건강지킴 위생장갑 400매 1+1,2021,7500,16,0,0.0,120000,0,120000,에브리홈,주방잡화/용품,할인불가
[에브리홈] 건강지킴 안터지는 2중 지퍼백 1+1,2021,2700,16,0,0.0,43200,0,43200,에브리홈,주방잡화/용품,할인불가
[대도] 전라도 전통식 포기김치,2021,12000,16,0,0.0,192000,0,192000,대도,김치/젓갈,할인불가
[요리반상회] 한돈 산더미 불고기 간장/고추장 400g 2팩,2021,12750,16,0,0.0,204000,0,204000,요리반상회,국/탕/찌개/면,할인불가
[핸인핸] W&B 심플 무광 완전 미세모 칫솔 8P,2021,10900,16,0,0.0,174400,0,174400,핸인핸,욕실/세정/위생용품,할인불가
"[와우언더웨어] 프리미엄 남성언더웨어 (뱀부, 나일론 택1)",2021,20000,16,0,0.0,320000,0,320000,와우언더웨어,패션/잡화,할인불가
[박장대소] 달지않은 치악산 청정지역 과일 잼 2종,2021,25000,16,0,0.0,400000,0,400000,박장대소,Unknown,Unknown
[동문가채] 디어진저 프리미엄 수제 생강청,2021,34000,16,0,0.0,544000,0,544000,동문가채,음료/차,할인불가
[미이르] 국내산 (여수) 반건조 민어,2021,59900,16,0,0.0,958400,0,958400,미이르,수산/건어물/김,할인불가
[대도] 전라도 갓김치,2021,13000,16,0,0.0,208000,0,208000,대도,김치/젓갈,할인불가
[더킴] 간편하게 즐기는 프리미엄 양꼬치&양세지,2021,2000,16,0,0.0,32000,0,32000,더킴,밥/반찬/요리,회원
[더킴] 간편하게 즐기는 프리미엄 양꼬치&양세지,2021,8480,16,0,0.0,135680,0,135680,더킴,밥/반찬/요리,회원
[휘겔리다올리] 논파인더스트 안티폴루션 딥톡스 클렌징오일,2021,34300,16,0,0.0,548800,0,548800,휘겔리다올리,뷰티/다이어트,회원
[라이프드림] 군산 흰찰쌀보리로 만든 속편한 NEW 군산짬뽕라면,2021,18000,16,0,0.0,288000,0,288000,라이프드림,국/탕/찌개/면,할인불가
[빵굽는오남매] 41년 군산 명물 속편한 흰찰쌀보리 빵,2021,27500,16,0,0.0,440000,0,440000,빵굽는오남매,유제품/베이커리/떡,할인불가
실버라이닝 친환경 비건경추배게,2021,31700,15,0,0.0,475500,0,475500,Unknown,Unknown,Unknown
실버라이닝 친환경 비건경추배게,2021,53900,15,0,0.0,808500,0,808500,Unknown,Unknown,Unknown
[밥도둑푸드] 여수 가정식 열무김치 2kg,2021,18000,15,2,13.333333333333334,270000,36000,234000,밥도둑푸드,밥/반찬/요리,회원
[밥도둑푸드] 여수 수제 돌게장 16마리 내외 구성,2021,45000,15,0,0.0,675000,0,675000,밥도둑푸드,밥/반찬/요리,회원
[에브리홈] 건강지킴 술술 벗기편한 위생장갑 50매 1+1,2021,3500,15,0,0.0,52500,0,52500,에브리홈,주방잡화/용품,할인불가
[대도] 전라도 전통식 포기김치,2021,10000,15,0,0.0,150000,0,150000,대도,김치/젓갈,할인불가
"[와우언더웨어] 프리미엄 남성언더웨어 (뱀부, 나일론 택1)",2021,20000,15,0,0.0,300000,0,300000,와우언더웨어,패션/잡화,할인불가
"[와우언더웨어] 프리미엄 남성언더웨어 (뱀부, 나일론, 텐셀 택1)",2021,20900,15,0,0.0,313500,0,313500,와우언더웨어,패션/잡화,할인불가
"[와우언더웨어] 프리미엄 남성언더웨어 (뱀부, 나일론, 텐셀 택1)",2021,20000,15,0,0.0,300000,0,300000,와우언더웨어,패션/잡화,할인불가
"[와우언더웨어] 프리미엄 남성언더웨어 (뱀부, 나일론, 텐셀 택1)",2021,20900,15,0,0.0,313500,0,313500,와우언더웨어,패션/잡화,할인불가
"[와우언더웨어] 프리미엄 남성언더웨어 (뱀부, 나일론, 텐셀 택1)",2021,20000,15,0,0.0,300000,0,300000,와우언더웨어,패션/잡화,할인불가
[배포장] 30년 전통 순곱이네 순대 모음,2021,3900,15,0,0.0,58500,0,58500,배포장,과자/간식/안주,할인불가
닥터글로덤 젤리팩 1box[30개],2021,29000,14,1,7.142857142857142,406000,29000,377000,30개,Unknown,Unknown
이범학의 낭만집밥 밀키트 5종,2021,15900,14,0,0.0,222600,0,222600,Unknown,Unknown,Unknown
[밥도둑푸드] 여수 가정식 열무김치 1.5KG,2021,18000,14,2,14.285714285714285,252000,36000,216000,밥도둑푸드,밥/반찬/요리,회원
이재명 페이스북,2021,18000,14,0,0.0,252000,0,252000,Unknown,Unknown,Unknown
[대도] 시원한 전라남도식 묵은지,2021,10000,14,0,0.0,140000,0,140000,대도,김치/젓갈,할인불가
[대도] 아삭한 식감 전라도 석박지,2021,10000,14,2,14.285714285714285,140000,20000,120000,대도,김치/젓갈,할인불가
[요리명인] 전통방식 그대로 3번 쪄낸 운수 대통 영양밥,2021,14400,14,1,7.142857142857142,201600,14400,187200,요리명인,밥/반찬/요리,할인불가
[헬시아] 아임더닥터 보스웰리아 72정 (36일분),2021,15800,14,0,0.0,221200,0,221200,헬시아,건강식품,할인불가
"[와우언더웨어] 프리미엄 남성언더웨어 (뱀부, 나일론 택1)",2021,20000,14,0,0.0,280000,0,280000,와우언더웨어,패션/잡화,할인불가
"[와우언더웨어] 프리미엄 남성언더웨어 (뱀부, 나일론, 텐셀 택1)",2021,20900,14,0,0.0,292600,0,292600,와우언더웨어,패션/잡화,할인불가
"[와우언더웨어] 프리미엄 남성언더웨어 (뱀부, 나일론, 텐셀 택1)",2021,20000,14,0,0.0,280000,0,280000,와우언더웨어,패션/잡화,할인불가
[더킴] 간편하게 즐기는 프리미엄 양꼬치&양세지,2021,9480,14,0,0.0,132720,0,132720,더킴,밥/반찬/요리,회원
[성일농장] 마지막 김장찬스! 전남 해남 황금 절임배추 20kg,2021,53000,14,0,0.0,742000,0,742000,성일농장,김치/젓갈,할인불가
[밥도둑푸드] 손질된 간편 여수 돌게장,2021,9800,13,2,15.384615384615383,127400,19600,107800,밥도둑푸드,밥/반찬/요리,할인불가
[에브리홈] 건강지킴 안터지는 2중 지퍼백 1+1,2021,1900,13,0,0.0,24700,0,24700,에브리홈,주방잡화/용품,할인불가
[에브리홈] 건강지킴 위생백 100매 1+1,2021,2100,13,0,0.0,27300,0,27300,에브리홈,주방잡화/용품,할인불가
[허브허브] 네추럴도그 강아지 영양사료 1.2kg,2021,25000,13,0,0.0,325000,0,325000,허브허브,사료/간식,회원
[대도] 전라도 전통식 포기김치,2021,13000,13,0,0.0,169000,0,169000,대도,김치/젓갈,할인불가
[금강수림] 민물 새우탕 1kg 3인분,2021,14000,13,0,0.0,182000,0,182000,금강수림,국/탕/찌개/면,할인불가
"[와우언더웨어] 프리미엄 남성언더웨어 (뱀부, 나일론 택1)",2021,20000,13,0,0.0,260000,0,260000,와우언더웨어,패션/잡화,할인불가
[박장대소] 달지않은 치악산 청정지역 과일 잼 2종,2021,25000,13,0,0.0,325000,0,325000,박장대소,Unknown,Unknown
"[와우언더웨어] 프리미엄 남성언더웨어 (뱀부, 나일론, 텐셀 택1)",2021,20900,13,0,0.0,271700,0,271700,와우언더웨어,패션/잡화,할인불가
"[와우언더웨어] 프리미엄 남성언더웨어 (뱀부, 나일론, 텐셀 택1)",2021,20000,13,0,0.0,260000,0,260000,와우언더웨어,패션/잡화,할인불가
[엘리사] 순수 국내 원료 인증받은 엘프로스 실내용 디퓨져,2021,12000,13,0,0.0,156000,0,156000,엘리사,생활용품/차량용품/마스크,할인불가
[휘겔리다올리] 리메디얼 씨벅턴 퍼스트 오일,2021,16500,13,0,0.0,214500,0,214500,휘겔리다올리,뷰티/다이어트,회원
[빵굽는오남매] 41년 군산 명물 속편한 흰찰쌀보리 빵,2021,11000,13,0,0.0,143000,0,143000,빵굽는오남매,유제품/베이커리/떡,할인불가
[배포장] 30년 전통 순곱이네 순대 모음,2021,9500,13,1,7.6923076923076925,123500,9500,114000,배포장,과자/간식/안주,할인불가
[배포장] 30년 전통 순곱이네 순대 모음,2021,11700,13,0,0.0,152100,0,152100,배포장,과자/간식/안주,할인불가
[대도] 겨울철 별미 동치미김치,2021,18000,13,0,0.0,234000,0,234000,대도,김치/젓갈,할인불가
[밥도둑푸드] 가정식 여수 순살 꼬막장 200G,2021,8500,12,0,0.0,102000,0,102000,밥도둑푸드,밥/반찬/요리,회원
[제주네이쳐] 맛있는 양배추즙 30포,2021,25000,12,0,0.0,300000,0,300000,제주네이쳐,건강,할인불가
[뷰리앤헬스] 백세통밀 8종 저칼로리 통곡물빵,2021,7400,12,0,0.0,88800,0,88800,뷰리앤헬스,건강식품,할인불가
[뷰리앤헬스] 백세통밀 8종 저칼로리 통곡물빵,2021,7400,12,0,0.0,88800,0,88800,뷰리앤헬스,건강식품,할인불가
[에브리홈] 건강지킴 안터지는 2중 지퍼백 1+1,2021,3300,12,0,0.0,39600,0,39600,에브리홈,주방잡화/용품,할인불가
[대도] 톡 쏘는 수제 전라도 갓김치,2021,38500,12,0,0.0,462000,0,462000,대도,김치/젓갈,할인불가
[대도] 국물이 깔끔한 전라도 백김치,2021,19500,12,0,0.0,234000,0,234000,대도,김치/젓갈,할인불가
[에브리홈] 건강지킴 위생백 100매 1+1,2021,1500,12,0,0.0,18000,0,18000,에브리홈,주방잡화/용품,할인불가
[대도] 전라도 전통식 포기김치,2021,10000,12,0,0.0,120000,0,120000,대도,김치/젓갈,할인불가
[금강수림] 한우 미역국 1kg 3인분,2021,17000,12,0,0.0,204000,0,204000,금강수림,국/탕/찌개/면,할인불가
[포스텐] 크루거 차이니스 셰프 나이프 (대),2021,21000,12,1,8.333333333333332,252000,21000,231000,포스텐,주방가전,할인불가
[욕실의여왕] 곰팡이 제거젤 150g 3개,2021,20700,12,0,0.0,248400,0,248400,욕실의여왕,욕실/세정/위생용품,할인불가
국내산 화개장터 재첩국 500g,2021,30000,12,0,0.0,360000,0,360000,Unknown,Unknown,Unknown
"[와우언더웨어] 프리미엄 남성언더웨어 (뱀부, 나일론 택1)",2021,20000,12,3,25.0,240000,60000,180000,와우언더웨어,패션/잡화,할인불가
"[와우언더웨어] 프리미엄 남성언더웨어 (뱀부, 나일론 택1)",2021,20000,12,0,0.0,240000,0,240000,와우언더웨어,패션/잡화,할인불가
"[와우언더웨어] 프리미엄 남성언더웨어 (뱀부, 나일론 택1)",2021,20000,12,0,0.0,240000,0,240000,와우언더웨어,패션/잡화,할인불가
[바인하우스] 전자파안심 플렉스 전기요 싱글[110cmX180cm],2021,109000,12,0,0.0,1308000,0,1308000,바인하우스,계절가전/계절용품,회원
[에브리홈] 건강지킴 술술 벗기편한 위생장갑 50매 1+1,2021,7500,12,0,0.0,90000,0,90000,에브리홈,주방잡화/용품,할인불가
[바인하우스] 전자파안심 플렉스 전기요 퀸[150cmX180cm],2021,139000,12,2,16.666666666666664,1668000,278000,1390000,바인하우스,계절가전/계절용품,회원
[더킴] 간편하게 즐기는 프리미엄 양고기&양꼬치,2021,2000,12,0,0.0,24000,0,24000,더킴,밥/반찬/요리,회원
[대도] 전라도 새깻잎김치,2021,21000,12,0,0.0,252000,0,252000,대도,김치/젓갈,할인불가
[대도] 전라도 보쌈김치,2021,32500,12,0,0.0,390000,0,390000,대도,김치/젓갈,할인불가
[엘리사] 순수 국내 원료 인증받은 엘프로스 실내용 디퓨져,2021,12000,12,0,0.0,144000,0,144000,엘리사,생활용품/차량용품/마스크,할인불가
[엘리사] 순수 국내 원료 인증받은 엘프로스 실내용 디퓨져,2021,12000,12,0,0.0,144000,0,144000,엘리사,생활용품/차량용품/마스크,할인불가
[자연농푸드] 밥지을때 넣어먹는 고급 영양나물밥 3종 택1,2021,21000,12,0,0.0,252000,0,252000,자연농푸드,밥/반찬/요리,할인불가
[쉬젤] 웰빙쿠커 인덕션 겸용 스테인리스 찜기,2021,69000,12,0,0.0,828000,0,828000,쉬젤,냄비/팬/솥,할인불가
[어마농] 어쩌다 마주친 꼭지 딴 대추방울토마토,2021,16000,12,0,0.0,192000,0,192000,어마농,농축산/과일/계란,할인불가
[휘겔리다올리] 트리트먼트 오일 오브 로즈힙(튼살바디오일)150ml,2021,32500,12,0,0.0,390000,0,390000,휘겔리다올리,뷰티/다이어트,회원
셀핀다 가바 고순도 프리미엄 발효 가바 100% 1500mg,2021,69000,11,2,18.181818181818183,759000,138000,621000,셀핀다,건강,회원
허브허브 네추럴도그 강아지 영양사료 1.2kg,2021,25000,11,0,0.0,275000,0,275000,Unknown,Unknown,Unknown
전자파안심 플렉스 전기요 싱글[110cmX180cm],2021,109000,11,2,18.181818181818183,1199000,218000,981000,110cmX180cm,Unknown,Unknown
[밥도둑푸드] 전라도식 양념갈치젓갈 500G,2021,9900,11,0,0.0,108900,0,108900,밥도둑푸드,밥/반찬/요리,회원
[닥터루틴] 레드팜 시카 수분 진정크림 100g,2021,35000,11,0,0.0,385000,0,385000,닥터루틴,뷰티/다이어트,할인불가
[가득찬푸드] 매콤 쭈꾸미만두 350g,2021,6900,11,1,9.090909090909092,75900,6900,69000,가득찬푸드,밥/반찬/요리,회원
[제주네이쳐] 맛있는 양배추즙 30포,2021,48500,11,0,0.0,533500,0,533500,제주네이쳐,건강,할인불가
[NK플러스] 건강기능 멀티비타민 면역력강화,2021,128000,11,0,0.0,1408000,0,1408000,NK플러스,Unknown,Unknown
[대도] 매콤달콤한 전라도 보쌈김치,2021,13000,11,0,0.0,143000,0,143000,대도,김치/젓갈,할인불가
[에브리홈] 건강지킴 위생백 100매 1+1,2021,2900,11,0,0.0,31900,0,31900,에브리홈,주방잡화/용품,할인불가
[욕실의여왕] 세탁조 세정제 100g 4포,2021,12800,11,0,0.0,140800,0,140800,욕실의여왕,욕실/세정/위생용품,할인불가
[토우축산] 냉장 한돈 깨끗한 암퇘지 생삼겹살,2021,25000,11,0,0.0,275000,0,275000,토우축산,Unknown,Unknown
[대도] 전라도 총각김치,2021,12000,11,0,0.0,132000,0,132000,대도,김치/젓갈,할인불가
"[와우언더웨어] 프리미엄 남성언더웨어 (뱀부, 나일론, 텐셀 택1)",2021,20900,11,0,0.0,229900,0,229900,와우언더웨어,패션/잡화,할인불가
[더킴] 간편하게 즐기는 프리미엄 양꼬치&양세지,2021,2000,11,0,0.0,22000,0,22000,더킴,밥/반찬/요리,회원
[밥도둑푸드] 깊고 진한 전라도 여수식 국내산 김장김치양념 7kg,2021,85000,11,0,0.0,935000,0,935000,밥도둑푸드,김치/젓갈,할인불가
[빵굽는오남매] 41년 군산 명물 속편한 흰찰쌀보리 빵,2021,23100,11,0,0.0,254100,0,254100,빵굽는오남매,유제품/베이커리/떡,할인불가
[현미박사] 기름없이 열풍으로 볶은 국내산 건강 시리얼,2021,7500,11,0,0.0,82500,0,82500,현미박사,건강식품,할인불가
[빵굽는오남매] 41년 군산 명물 속편한 흰찰쌀보리 빵,2021,15840,11,0,0.0,174240,0,174240,빵굽는오남매,유제품/베이커리/떡,할인불가
이범학의 낭만집밥 밀키트 5종,2021,17200,10,0,0.0,172000,0,172000,Unknown,Unknown,Unknown
셀핀다 가바꿀O+가바 750mg 묶음,2021,98000,10,1,10.0,980000,98000,882000,셀핀다,건강,회원
[밥도둑푸드] 국내산 키조개 특대관자 500g 5-6미,2021,26000,10,1,10.0,260000,26000,234000,밥도둑푸드,수산/건어물/김,회원
"디테일의 강한 유능한 진보 이재명, 한다면 한다",2021,16000,10,0,0.0,160000,0,160000,Unknown,Unknown,Unknown
[금강수림] 한우 미역국 1kg 3인분,2021,17000,10,0,0.0,170000,0,170000,금강수림,국/탕/찌개/면,할인불가
[포스텐] 루베크 무선 전기 멀티포트1.5L + 라면기세트,2021,17500,10,1,10.0,175000,17500,157500,포스텐,주방가전,할인불가
[대도] 톡 쏘는 수제 전라도 갓김치,2021,23000,10,0,0.0,230000,0,230000,대도,김치/젓갈,할인불가
[대도] 쌉쌀한 맛 전라도 고들빼기김치,2021,23000,10,0,0.0,230000,0,230000,대도,김치/젓갈,할인불가
"[와우언더웨어] 프리미엄 남성언더웨어 (뱀부, 나일론 택1)",2021,20000,10,0,0.0,200000,0,200000,와우언더웨어,패션/잡화,할인불가
[박장대소] 달지않은 치악산 청정지역 과일 잼 2종,2021,25000,10,0,0.0,250000,0,250000,박장대소,Unknown,Unknown
[에브리홈] 건강지킴 세우는 슬라이더 지퍼백 1+1,2021,3900,10,0,0.0,39000,0,39000,에브리홈,주방잡화/용품,할인불가
"[제주애과일] 키위의 명작, 제주 레드키위",2021,35000,10,0,0.0,350000,0,350000,제주애과일,농축산/과일/계란,할인불가
[대도] 전라도 묵은지,2021,29500,10,0,0.0,295000,0,295000,대도,김치/젓갈,할인불가
[대도] 전라도 고들빼기김치,2021,23000,10,0,0.0,230000,0,230000,대도,김치/젓갈,할인불가
"[와우언더웨어] 프리미엄 남성언더웨어 (뱀부, 나일론, 텐셀 택1)",2021,20900,10,0,0.0,209000,0,209000,와우언더웨어,패션/잡화,할인불가
"[와우언더웨어] 프리미엄 남성언더웨어 (뱀부, 나일론, 텐셀 택1)",2021,20000,10,0,0.0,200000,0,200000,와우언더웨어,패션/잡화,할인불가
"[와우언더웨어] 프리미엄 남성언더웨어 (뱀부, 나일론, 텐셀 택1)",2021,20900,10,0,0.0,209000,0,209000,와우언더웨어,패션/잡화,할인불가
[삼보] 생으로도 먹는 정깊은 죽염 생청국장 200g,2021,6000,10,0,0.0,60000,0,60000,삼보,잼/오일/조미/장,할인불가
[휘겔리다올리] 피토 테라피-클로렐라 CGF 앰플,2021,16500,10,0,0.0,165000,0,165000,휘겔리다올리,뷰티/다이어트,회원
[현미박사] 기름없이 열풍으로 볶은 국내산 건강 시리얼,2021,6000,10,0,0.0,60000,0,60000,현미박사,건강식품,할인불가
[대국수산] 간편하게 즐기는 신선한 가을전어 1팩 5미,2021,7980,10,2,20.0,79800,15960,63840,대국수산,수산/건어물/김,할인불가
[밥도둑푸드] 손질된 간편 여수 돌게장,2021,9800,9,0,0.0,88200,0,88200,밥도둑푸드,밥/반찬/요리,할인불가
실버라이닝 웨이브 항균 페이스 타월,2021,32700,9,0,0.0,294300,0,294300,Unknown,Unknown,Unknown
국내산 화개장터 재첩국 500g,2021,50000,9,0,0.0,450000,0,450000,Unknown,Unknown,Unknown
[금강수림] 전통육개장 1kg 3인분,2021,18000,9,0,0.0,162000,0,162000,금강수림,국/탕/찌개/면,할인불가
[포스텐] 리빙센스 무선 전기 멀티포트1.7L + 라면기세트,2021,18900,9,0,0.0,170100,0,170100,포스텐,주방가전,할인불가
[대도] 아삭하고 시원한 전라도 오이소박이,2021,20000,9,0,0.0,180000,0,180000,대도,김치/젓갈,할인불가
[포스텐] 셰프라인 듀얼레이어 무선 전기주전자 2L,2021,18500,9,1,11.11111111111111,166500,18500,148000,포스텐,주방가전,할인불가
[와우언더웨어] 프리미엄 남성언더웨어 2종,2021,20000,9,0,0.0,180000,0,180000,와우언더웨어,패션/잡화,할인불가
[아테라] 풀그레인 소가죽 멀티 지갑 케이스,2021,99000,9,0,0.0,891000,0,891000,아테라,패션/잡화,회원
[대도] 전라도 총각김치,2021,35500,9,0,0.0,319500,0,319500,대도,김치/젓갈,할인불가
"[와우언더웨어] 프리미엄 남성언더웨어 (뱀부, 나일론, 텐셀 택1)",2021,20000,9,0,0.0,180000,0,180000,와우언더웨어,패션/잡화,할인불가
[제주의맛] 제주 구좌향 세척당근,2021,10889,9,0,0.0,98000,0,98000,제주의맛,수산/건어물/김,할인불가
[성일농장] (마지막 김장찬스!) 전남 해남 황금 절임배추 20kg,2021,53000,9,0,0.0,477000,0,477000,성일농장,김치/젓갈,할인불가
[더킴] 간편하게 즐기는 프리미엄 양꼬치&양세지,2021,3480,9,0,0.0,31320,0,31320,더킴,밥/반찬/요리,회원
[미온바이오] 당하식한끼 1box 25포,2021,65000,9,0,0.0,585000,0,585000,미온바이오,Unknown,Unknown
이범학의 낭만집밥 밀키트 5종,2021,14800,8,1,12.5,118400,14800,103600,Unknown,Unknown,Unknown
셀핀다 고순도 프리미엄 발효가바 100% 1500mg 3개세트,2021,207000,8,1,12.5,1656000,207000,1449000,셀핀다,건강,회원
실버라이닝 항균 발매트,2021,15375,8,0,0.0,123000,0,123000,Unknown,Unknown,Unknown
전자파안심 플렉스 전기요 미니[75cmX180cm],2021,99000,8,3,37.5,792000,297000,495000,75cmX180cm,Unknown,Unknown
[밥도둑푸드] 통영 양념 멍게젓갈 500G,2021,18000,8,0,0.0,144000,0,144000,밥도둑푸드,밥/반찬/요리,회원
[밥도둑푸드] 여수 수제 돌게장 16마리 내외 구성,2021,50000,8,0,0.0,400000,0,400000,밥도둑푸드,밥/반찬/요리,회원
[가득찬푸드] 매콤 쭈꾸미만두 350G,2021,6900,8,0,0.0,55200,0,55200,가득찬푸드,밥/반찬/요리,회원
[가득찬푸드] 잎새 꿩만두,2021,9900,8,0,0.0,79200,0,79200,가득찬푸드,밥/반찬/요리,회원
[다해농수산] 프리미엄 완도 두번 구운 곱창김,2021,29800,8,0,0.0,238400,0,238400,다해농수산,수산/건어물/김,할인불가
[뷰리앤헬스] 백세통밀 8종 저칼로리 통곡물빵,2021,7400,8,0,0.0,59200,0,59200,뷰리앤헬스,건강식품,할인불가
[뷰리앤헬스] 백세통밀 8종 저칼로리 통곡물빵,2021,7400,8,0,0.0,59200,0,59200,뷰리앤헬스,건강식품,할인불가
[셀핀다] 가바꿀O 1box 30포,2021,59000,8,2,25.0,472000,118000,354000,셀핀다,건강,회원
[제주네이쳐] 요망진 ABC 주스 30포,2021,32000,8,0,0.0,256000,0,256000,제주네이쳐,건강식품,할인불가
[금강수림] 우리콩 청국장 1kg 3인분,2021,18000,8,0,0.0,144000,0,144000,금강수림,국/탕/찌개/면,할인불가
[허브허브] 눈물싹싹,2021,29000,8,0,0.0,232000,0,232000,허브허브,영양제,회원
[가득찬푸드] 슈프림 새우만두,2021,7300,8,0,0.0,58400,0,58400,가득찬푸드,밥/반찬/요리,회원
[허브허브] 눈물싹싹,2021,47500,8,0,0.0,380000,0,380000,허브허브,영양제,회원
[대도] 전라도 전통식 포기김치,2021,21000,8,0,0.0,168000,0,168000,대도,김치/젓갈,할인불가
[금강수림] 한우 소고기무국 1kg 3인분,2021,15000,8,0,0.0,120000,0,120000,금강수림,국/탕/찌개/면,할인불가
[허브허브] 관절탄탄 150g,2021,29000,8,0,0.0,232000,0,232000,허브허브,영양제,회원
[미마] 9핀 라디에이터 MR-K109BK,2021,79000,8,1,12.5,632000,79000,553000,미마,계절가전/계절용품,할인불가
[케이맥스] 붙이는 자동 소화기 2p x 10개,2021,20000,8,0,0.0,160000,0,160000,케이맥스,생활용품/차량용품/마스크,할인불가
[와우언더웨어] 프리미엄 남성언더웨어 2종,2021,20000,8,0,0.0,160000,0,160000,와우언더웨어,패션/잡화,할인불가
국내산 화개장터 재첩국 500g,2021,50000,8,0,0.0,400000,0,400000,Unknown,Unknown,Unknown
[백봉오골계] 청정지역 춘천 백봉오골계 초란&유정란,2021,48000,8,0,0.0,384000,0,384000,백봉오골계,Unknown,Unknown
[동문가채] 디어진저 프리미엄 수제 생강청,2021,12000,8,0,0.0,96000,0,96000,동문가채,음료/차,할인불가
"[제주애과일] 키위의 명작, 제주 레드키위",2021,38000,8,0,0.0,304000,0,304000,제주애과일,농축산/과일/계란,할인불가
[미이르] 국내산 / 자연산 손질 통오징어,2021,44900,8,1,12.5,359200,44900,314300,미이르,수산/건어물/김,할인불가
[더킴] 간편하게 즐기는 프리미엄 양고기&양꼬치,2021,8980,8,0,0.0,71840,0,71840,더킴,밥/반찬/요리,회원
[대도] 전라도 갓김치,2021,38500,8,0,0.0,308000,0,308000,대도,김치/젓갈,할인불가
[대도] 전라도 홍어김치,2021,23000,8,0,0.0,184000,0,184000,대도,김치/젓갈,할인불가
"[와우언더웨어] 프리미엄 남성언더웨어 (뱀부, 나일론, 텐셀 택1)",2021,20000,8,1,12.5,160000,20000,140000,와우언더웨어,패션/잡화,할인불가
"[와우언더웨어] 프리미엄 남성언더웨어 (뱀부, 나일론, 텐셀 택1)",2021,20000,8,0,0.0,160000,0,160000,와우언더웨어,패션/잡화,할인불가
"[와우언더웨어] 프리미엄 남성언더웨어 (뱀부, 나일론, 텐셀 택1)",2021,20900,8,0,0.0,167200,0,167200,와우언더웨어,패션/잡화,할인불가
[휘겔리다올리] 리퀴드 솝 아로마 바디워시 오렌지밤 300ml,2021,18000,8,0,0.0,144000,0,144000,휘겔리다올리,뷰티/다이어트,회원
[더킴] 부드러운 어린양 램 100% 양고기 숄더랙&LA양갈비,2021,31960,8,0,0.0,255680,0,255680,더킴,밥/반찬/요리,회원
[네이처스케어] 다움생식 아침사랑생식85 30g*30포,2021,55000,8,0,0.0,440000,0,440000,네이처스케어,Unknown,Unknown
[다다온유] 시원하고 맛있는 100% 청도 아이스 홍시,2021,29900,8,0,0.0,239200,0,239200,다다온유,농축산/과일/계란,할인불가
닥터삼한끼 1box[30포],2021,99000,7,0,0.0,693000,0,693000,30포,욕실/세정/위생용품,회원
이범학의 낭만집밥 밀키트 5종,2021,15900,7,1,14.285714285714285,111300,15900,95400,Unknown,Unknown,Unknown
실버라이닝 향균 발매트,2021,18000,7,0,0.0,126000,0,126000,Unknown,Unknown,Unknown
허브허브 관절탄탄 150g,2021,29000,7,0,0.0,203000,0,203000,Unknown,Unknown,Unknown
[밥도둑푸드] 가정식 완도 수제 전복장 실속형 1GK 9-10미,2021,24900,7,0,0.0,174300,0,174300,밥도둑푸드,밥/반찬/요리,회원
[밥도둑푸드] 손질된 간편 여수 돌게장,2021,11800,7,0,0.0,82600,0,82600,밥도둑푸드,밥/반찬/요리,할인불가
[밥도둑푸드] 프리미엄 선물세트 4종,2021,105000,7,0,0.0,735000,0,735000,밥도둑푸드,밥/반찬/요리,회원
탈모완화 기능성 샴푸 털털샴푸 400ml,2021,38000,7,0,0.0,266000,0,266000,Unknown,Unknown,Unknown
[뷰리앤헬스] 백세통밀 8종 저칼로리 통곡물빵,2021,7400,7,0,0.0,51800,0,51800,뷰리앤헬스,건강식품,할인불가
[가득찬푸드] 갈비향 가득 갈비꿩만두 600g,2021,9600,7,0,0.0,67200,0,67200,가득찬푸드,밥/반찬/요리,회원
[뷰리앤헬스] 백세통밀 8종 저칼로리 통곡물빵,2021,7400,7,0,0.0,51800,0,51800,뷰리앤헬스,건강식품,할인불가
[제주네이쳐] 맛있는 유기농 여주즙 30포,2021,26000,7,0,0.0,182000,0,182000,제주네이쳐,건강식품,할인불가
[포스텐] 리빙아트 바스토 텀블러 850ml,2021,15000,7,0,0.0,105000,0,105000,포스텐,생활용품/차량용품/마스크,할인불가
[대도] 국물이 깔끔한 전라도 백김치,2021,38500,7,0,0.0,269500,0,269500,대도,김치/젓갈,할인불가
[대도] 식감이 좋은 전라도 홍어김치,2021,23000,7,0,0.0,161000,0,161000,대도,김치/젓갈,할인불가
[포스텐] 블랙에디션 식도 6종세트,2021,15000,7,0,0.0,105000,0,105000,포스텐,조리도구,할인불가
[요리명인] 오븐에 구워 담백한 담양식 수제떡갈비,2021,14400,7,0,0.0,100800,0,100800,요리명인,밥/반찬/요리,할인불가
[요리명인] 전통방식 그대로 3번 쪄낸 수제 연잎 영양밥,2021,14400,7,0,0.0,100800,0,100800,요리명인,밥/반찬/요리,할인불가
[메디셀바이오] 미라클 하이드로겔 마스크 5매,2021,29900,7,0,0.0,209300,0,209300,메디셀바이오,뷰티/다이어트,할인불가
[실버라이닝] 항균 발매트,2021,18000,7,0,0.0,126000,0,126000,실버라이닝,생활용품/차량용품/마스크,회원
[토우축산] 냉장 한돈 깨끗한 암퇘지 생목살,2021,20000,7,0,0.0,140000,0,140000,토우축산,Unknown,Unknown
[욕실의여왕] 변기 세정제 50g 4포,2021,12800,7,0,0.0,89600,0,89600,욕실의여왕,욕실/세정/위생용품,할인불가
[에브리홈] 건강지킴 세우는 슬라이더 지퍼백 1+1,2021,4900,7,0,0.0,34300,0,34300,에브리홈,주방잡화/용품,할인불가
[포스텐] 대용량 절전형 에어프라이어 7L,2021,65900,7,0,0.0,461300,0,461300,포스텐,주방가전,할인불가
[대도] 전라도 백김치,2021,38500,7,0,0.0,269500,0,269500,대도,김치/젓갈,할인불가
[대도] 전라도 보쌈김치,2021,54000,7,0,0.0,378000,0,378000,대도,김치/젓갈,할인불가
[제주바다] 감태밀면 200g x 3개(3인분) + 소스 300g 택1,2021,18900,7,0,0.0,132300,0,132300,제주바다,국/탕/찌개/면,할인불가
"[와우언더웨어] 프리미엄 남성언더웨어 (뱀부, 나일론, 텐셀 택1)",2021,20000,7,0,0.0,140000,0,140000,와우언더웨어,패션/잡화,할인불가
"[와우언더웨어] 프리미엄 남성언더웨어 (뱀부, 나일론, 텐셀 택1)",2021,20000,7,1,14.285714285714285,140000,20000,120000,와우언더웨어,패션/잡화,할인불가
[제주의맛] 제주 자연산 생물 뿔소라,2021,40900,7,0,0.0,286300,0,286300,제주의맛,수산/건어물/김,할인불가
[대도] 전라도 묵은지,2021,10000,7,0,0.0,70000,0,70000,대도,김치/젓갈,할인불가
[삼보] 전북 부안 국내산 특허 바이오 죽염된장,2021,55500,7,0,0.0,388500,0,388500,삼보,잼/오일/조미/장,할인불가
[자연농푸드] 밥지을때 넣어먹는 고급 영양나물밥 3종 택1,2021,7500,7,0,0.0,52500,0,52500,자연농푸드,밥/반찬/요리,할인불가
[더킴] 간편하게 즐기는 프리미엄 양꼬치&양세지,2021,2000,7,0,0.0,14000,0,14000,더킴,밥/반찬/요리,회원
[어마농] 어쩌다 마주친 꼭지 딴 대추방울토마토,2021,22000,7,0,0.0,154000,0,154000,어마농,농축산/과일/계란,할인불가
[휘겔리다올리] 프로포즈 데이지 핸드크림 50ml,2021,10000,7,0,0.0,70000,0,70000,휘겔리다올리,뷰티/다이어트,할인불가
[아임굿] '간'편한 기력회복 숙취해소 세계특허 과채음료,2021,118000,7,0,0.0,826000,0,826000,아임굿,건강식품,회원
[빵굽는오남매] 41년 군산 명물 속편한 흰찰쌀보리 빵,2021,11880,7,0,0.0,83160,0,83160,빵굽는오남매,유제품/베이커리/떡,할인불가
[다모애] 기능성 탈모 테라피 골드 샴푸 헤어토닉,2021,17000,7,0,0.0,119000,0,119000,다모애,뷰티/다이어트,할인불가
"[현미박사] 간편하게 즐길 수 있는 현미 마&양배추죽,미숫가루",2021,6000,7,0,0.0,42000,0,42000,현미박사,과자/간식/안주,할인불가
[한길사] 조국의 시간,2021,17000,7,0,0.0,119000,0,119000,한길사,도서,회원
실버라이닝 웨이브 항균 핸드타월 5P,2021,31283,6,0,0.0,187700,0,187700,Unknown,Unknown,Unknown
셀핀다 가바꿀O 1box[30포],2021,59000,6,0,0.0,354000,0,354000,셀핀다,건강,회원
허브허브 눈물싹싹,2021,49000,6,0,0.0,294000,0,294000,Unknown,Unknown,Unknown
[밥도둑푸드] 국내산 키조개 알관자 200g 8-12미,2021,12900,6,1,16.666666666666664,77400,12900,64500,밥도둑푸드,수산/건어물/김,회원
[가득찬푸드] 잎새 꿩만두,2021,9400,6,0,0.0,56400,0,56400,가득찬푸드,밥/반찬/요리,회원
더콘가글Q 스틱형 1box[30포],2021,18000,6,0,0.0,108000,0,108000,30포,욕실/세정/위생용품,회원
[금강수림] 민물 새우탕 1kg 3인분,2021,14000,6,0,0.0,84000,0,84000,금강수림,국/탕/찌개/면,할인불가
[금강수림] 한우 미역국 1kg 3인분,2021,15000,6,0,0.0,90000,0,90000,금강수림,국/탕/찌개/면,할인불가
[금강수림] 한우 미역국 1kg 3인분,2021,13000,6,0,0.0,78000,0,78000,금강수림,국/탕/찌개/면,할인불가
[금강수림] 전통육개장 1kg 3인분,2021,14000,6,0,0.0,84000,0,84000,금강수림,국/탕/찌개/면,할인불가
[대도] 쌉쌀한 맛 전라도 고들빼기김치,2021,23000,6,1,16.666666666666664,138000,23000,115000,대도,김치/젓갈,할인불가
[대도] 매콤달콤한 전라도 보쌈김치,2021,54000,6,0,0.0,324000,0,324000,대도,김치/젓갈,할인불가
[대도] 매콤한 맛이 일품인 전라도 파김치,2021,13000,6,0,0.0,78000,0,78000,대도,김치/젓갈,할인불가
[헬시아] 아임더닥터 맥주효모 비오틴 90정 (30일분),2021,12900,6,0,0.0,77400,0,77400,헬시아,건강식품,할인불가
[헬시아] 알로에센스정 810정 (3개월분),2021,36000,6,0,0.0,216000,0,216000,헬시아,건강식품,할인불가
[포스텐] 키친아트 플라워 칼라 다이아몬드 후라이팬 3종 28cm,2021,27500,6,0,0.0,165000,0,165000,포스텐,냄비/팬/솥,할인불가
[와우언더웨어] 프리미엄 남성언더웨어 2종,2021,20000,6,0,0.0,120000,0,120000,와우언더웨어,패션/잡화,할인불가
[와우언더웨어] 프리미엄 남성언더웨어 2종,2021,20000,6,0,0.0,120000,0,120000,와우언더웨어,패션/잡화,할인불가
[박장대소] 달지않은 치악산 청정지역 과일 잼 2종,2021,25000,6,0,0.0,150000,0,150000,박장대소,Unknown,Unknown
[오성내추럴] 방금 빻은 장미빛 고춧가루,2021,16500,6,0,0.0,99000,0,99000,오성내추럴,농축산/과일/계란,할인불가
[바인하우스] 전자파안심 플렉스 전기요 미니[75cmX180cm],2021,99000,6,0,0.0,594000,0,594000,바인하우스,계절가전/계절용품,회원
[청벽집] 공주맛집 메기매운탕 2인분,2021,30000,6,0,0.0,180000,0,180000,청벽집,국/탕/찌개/면,할인불가
[박장대소] 달지않은 치악산 청정지역 복숭아잼/오디잼 3개 구성 선택,2021,25000,6,0,0.0,150000,0,150000,박장대소,Unknown,Unknown
[강화도] 석모도 속노랑&꿀 고구마 10kg,2021,30000,6,0,0.0,180000,0,180000,강화도,농축산/과일/계란,할인불가
[코벤] 하루 20분! 스마트 훌라우프,2021,23900,6,0,0.0,143400,0,143400,코벤,건강용품,할인불가
[더킴] 간편하게 즐기는 프리미엄 양고기&양꼬치,2021,9980,6,0,0.0,59880,0,59880,더킴,밥/반찬/요리,회원
"[와우언더웨어] 프리미엄 남성언더웨어 (뱀부, 나일론, 텐셀 택1)",2021,20900,6,0,0.0,125400,0,125400,와우언더웨어,패션/잡화,할인불가
[자연농푸드] 밥지을때 넣어먹는 고급 영양나물밥 3종 택1,2021,7850,6,0,0.0,47100,0,47100,자연농푸드,밥/반찬/요리,할인불가
[어마농] 어쩌다 마주친 꼭지 딴 대추방울토마토,2021,33000,6,0,0.0,198000,0,198000,어마농,농축산/과일/계란,할인불가
[휘겔리다올리] 리메디얼 씨벅턴 퍼스트 오일,2021,1000,6,0,0.0,6000,0,6000,휘겔리다올리,뷰티/다이어트,회원
[빵굽는오남매] 41년 군산 명물 속편한 흰찰쌀보리 빵,2021,24200,6,0,0.0,145200,0,145200,빵굽는오남매,유제품/베이커리/떡,할인불가
[트렌톤] 국산 베이지쿡 냉장고 보관용기,2021,15900,6,0,0.0,95400,0,95400,트렌톤,주방잡화/용품,할인불가
[오차드] 어디든지 어울리고 편안한 어텀삭스,2021,12500,6,0,0.0,75000,0,75000,오차드,패션/잡화,할인불가
[대도] 겨울철 별미 동치미김치,2021,16200,6,0,0.0,97200,0,97200,대도,김치/젓갈,할인불가
실버라이닝 향균 발매트,2021,18000,5,0,0.0,90000,0,90000,Unknown,Unknown,Unknown
소시지한가득 얼큰부대찌개,2021,16000,5,0,0.0,80000,0,80000,Unknown,Unknown,Unknown
셀핀다 고순도 프리미엄 발효가바 100% 750mg 3개세트,2021,117000,5,1,20.0,585000,117000,468000,셀핀다,건강,회원
전자파안심 플렉스 전기요 퀸[150cmX180cm],2021,139000,5,0,0.0,695000,0,695000,150cmX180cm,Unknown,Unknown
[뷰리앤헬스] 백세통밀 8종 저칼로리 통곡물빵,2021,9800,5,0,0.0,49000,0,49000,뷰리앤헬스,건강식품,할인불가
[가득찬푸드] 잎새 꿩만두,2021,6900,5,0,0.0,34500,0,34500,가득찬푸드,밥/반찬/요리,회원
[가득찬푸드] 잎새 꿩만두,2021,8900,5,0,0.0,44500,0,44500,가득찬푸드,밥/반찬/요리,회원
[뷰리앤헬스] 백세통밀 8종 저칼로리 통곡물빵,2021,7400,5,0,0.0,37000,0,37000,뷰리앤헬스,건강식품,할인불가
[에브리홈] 건강지킴 위생장갑 400매 1+1,2021,3900,5,0,0.0,19500,0,19500,에브리홈,주방잡화/용품,할인불가
[금강수림] 전통육개장 1kg 3인분,2021,14000,5,0,0.0,70000,0,70000,금강수림,국/탕/찌개/면,할인불가
[금강수림] 전통육개장 1kg 3인분,2021,15000,5,0,0.0,75000,0,75000,금강수림,국/탕/찌개/면,할인불가
[에브리홈] 건강지킴 롤백 1+1,2021,7500,5,0,0.0,37500,0,37500,에브리홈,주방잡화/용품,할인불가
[포스텐] 리빙아트 접이식 무선 전기주전자 0.6L,2021,19500,5,2,40.0,97500,39000,58500,포스텐,주방가전,할인불가
[미마] 팬히터 미니 히팅서큘레이터,2021,55000,5,0,0.0,275000,0,275000,미마,계절가전/계절용품,할인불가
[밥도둑푸드] 여수 수제 돌게장 16마리 내외 구성,2021,35000,5,0,0.0,175000,0,175000,밥도둑푸드,밥/반찬/요리,회원
[대도] 매콤달콤한 전라도 보쌈김치,2021,25000,5,0,0.0,125000,0,125000,대도,김치/젓갈,할인불가
[대도] 전라도 전통식 포기김치,2021,12000,5,0,0.0,60000,0,60000,대도,김치/젓갈,할인불가
[요리명인] 오븐에 구워 담백한 담양식 수제떡갈비,2021,14400,5,0,0.0,72000,0,72000,요리명인,밥/반찬/요리,할인불가
[대도] 매콤달콤한 전라도 보쌈김치,2021,12000,5,0,0.0,60000,0,60000,대도,김치/젓갈,할인불가
[헬시아] 아임더닥터 맥주효모 비오틴 90정 (30일분),2021,14800,5,0,0.0,74000,0,74000,헬시아,건강식품,할인불가
[대도] 전라도 전통식 포기김치,2021,38500,5,0,0.0,192500,0,192500,대도,김치/젓갈,할인불가
[대도] 아삭한 식감 전라도 석박지,2021,29500,5,0,0.0,147500,0,147500,대도,김치/젓갈,할인불가
[금강수림] 우리콩 청국장 1kg 3인분,2021,18000,5,0,0.0,90000,0,90000,금강수림,국/탕/찌개/면,할인불가
[대도] 전라도 전통식 포기김치,2021,10000,5,0,0.0,50000,0,50000,대도,김치/젓갈,할인불가
[요리명인] 전통방식 그대로 3번 쪄낸 수제 연잎 영양밥,2021,10000,5,0,0.0,50000,0,50000,요리명인,밥/반찬/요리,할인불가
[대도] 전라도 전통식 포기김치,2021,17000,5,0,0.0,85000,0,85000,대도,김치/젓갈,할인불가
[청벽집] 공주맛집 새우매운탕 2인분,2021,25000,5,0,0.0,125000,0,125000,청벽집,국/탕/찌개/면,할인불가
[포스텐] 루베크 전기 멀티쿠커 3.0L,2021,32000,5,1,20.0,160000,32000,128000,포스텐,주방가전,할인불가
[대도] 매콤아삭 전라도 양파김치,2021,10000,5,0,0.0,50000,0,50000,대도,김치/젓갈,할인불가
[클린버블] 세탁조 클리너,2021,15800,5,0,0.0,79000,0,79000,클린버블,욕실/세정/위생용품,할인불가
[미이르] 국내산 / 자연산 손질 통오징어,2021,23900,5,0,0.0,119500,0,119500,미이르,수산/건어물/김,할인불가
[토우축산] 냉장 한돈 깨끗한 암퇘지 생목살,2021,20000,5,0,0.0,100000,0,100000,토우축산,Unknown,Unknown
"[제주애과일] 키위의 명작, 제주 레드키위",2021,55000,5,0,0.0,275000,0,275000,제주애과일,농축산/과일/계란,할인불가
[다모애] 기능성 탈모 테라피 골드 샴푸 헤어토닉,2021,17000,5,0,0.0,85000,0,85000,다모애,뷰티/다이어트,할인불가
[헬시아] 아임더닥터 블랙마카 60정 (20일분),2021,12900,5,0,0.0,64500,0,64500,헬시아,건강식품,할인불가
[더킴] 간편하게 즐기는 프리미엄 양고기&양꼬치,2021,2000,5,0,0.0,10000,0,10000,더킴,밥/반찬/요리,회원
[더킴] 간편하게 즐기는 프리미엄 양고기&양꼬치,2021,8980,5,0,0.0,44900,0,44900,더킴,밥/반찬/요리,회원
[더킴] 간편하게 즐기는 프리미엄 양고기&양꼬치,2021,2000,5,0,0.0,10000,0,10000,더킴,밥/반찬/요리,회원
"[와우언더웨어] 프리미엄 남성언더웨어 (뱀부, 나일론, 텐셀 택1)",2021,20000,5,0,0.0,100000,0,100000,와우언더웨어,패션/잡화,할인불가
[더킴] 간편하게 즐기는 프리미엄 양고기&양꼬치,2021,2000,5,0,0.0,10000,0,10000,더킴,밥/반찬/요리,회원
"[와우언더웨어] 프리미엄 남성언더웨어 (뱀부, 나일론, 텐셀 택1)",2021,20000,5,0,0.0,100000,0,100000,와우언더웨어,패션/잡화,할인불가
"[와우언더웨어] 프리미엄 남성언더웨어 (뱀부, 나일론, 텐셀 택1)",2021,20000,5,1,20.0,100000,20000,80000,와우언더웨어,패션/잡화,할인불가
[삼보] 전북 부안 국내산 특허 바이오 죽염간장,2021,20000,5,0,0.0,100000,0,100000,삼보,잼/오일/조미/장,할인불가
[에스티엠코] 브로크다운 목폴라 피치기모 니트 4컬러 세트,2021,49900,5,0,0.0,249500,0,249500,에스티엠코,패션/잡화,회원
[배포장] 30년 전통 순곱이네 순대 모음,2021,3900,5,0,0.0,19500,0,19500,배포장,과자/간식/안주,할인불가
[다다온유] 시원하고 맛있는 100% 청도 아이스 홍시,2021,37120,5,0,0.0,185600,0,185600,다다온유,농축산/과일/계란,할인불가
[오차드] 어디든지 어울리고 편안한 어텀삭스,2021,12500,5,0,0.0,62500,0,62500,오차드,패션/잡화,할인불가
어떤 스타일에도 찰떡 소화가능한 마틴부츠,2021,26000,5,0,0.0,130000,0,130000,Unknown,Unknown,Unknown
셀핀다 가바꿀O 발효가바 테아닌 글리신 가바꿀O,2021,69000,4,1,25.0,276000,79000,197000,셀핀다,건강,회원
NK타히보530 삼각티백 타히보차 티백 1box[30포],2021,59800,4,0,0.0,239200,0,239200,30포,욕실/세정/위생용품,회원
[밥도둑푸드] 손질된 간편 여수 돌게장,2021,21500,4,0,0.0,86000,0,86000,밥도둑푸드,밥/반찬/요리,할인불가
[밥도둑푸드] 전라도식 양념 낙지젓갈 500G,2021,26000,4,0,0.0,104000,0,104000,밥도둑푸드,밥/반찬/요리,회원
[밥도둑푸드] 여수 돌산 갓김치 캔 600G,2021,8000,4,0,0.0,32000,0,32000,밥도둑푸드,밥/반찬/요리,회원
[밥도둑푸드] 자연산 새우장 1KG 20미,2021,17900,4,1,25.0,71600,17900,53700,밥도둑푸드,밥/반찬/요리,회원
국내산 화개장터 재첩국,2021,30000,4,0,0.0,120000,0,120000,Unknown,Unknown,Unknown
[셀핀다] 고순도 프리미엄 발효가바 100% 1500mg,2021,345000,4,0,0.0,1380000,0,1380000,셀핀다,건강,회원
[가득찬푸드] 삼색옹심이꿩만두,2021,12500,4,0,0.0,50000,0,50000,가득찬푸드,밥/반찬/요리,회원
[뷰리앤헬스] 백세통밀 8종 저칼로리 통곡물빵,2021,7400,4,0,0.0,29600,0,29600,뷰리앤헬스,건강식품,할인불가
[에브리홈] 건강지킴 엠보싱 일회용 수세미 60매 1+1,2021,7700,4,0,0.0,30800,0,30800,에브리홈,주방잡화/용품,할인불가
[에브리홈] 건강지킴 위생장갑 400매 1+1,2021,2900,4,0,0.0,11600,0,11600,에브리홈,주방잡화/용품,할인불가
[에브리홈] 건강지킴 위생장갑 400매 1+1,2021,2700,4,0,0.0,10800,0,10800,에브리홈,주방잡화/용품,할인불가
[금강수림] 한우 미역국 1kg 3인분,2021,18000,4,0,0.0,72000,0,72000,금강수림,국/탕/찌개/면,할인불가
[금강수림] 한돈 고추장찌개 1kg 3인분,2021,15000,4,0,0.0,60000,0,60000,금강수림,국/탕/찌개/면,할인불가
[헬시아] 뱀파이어 엘라스틴 60정 (500mg),2021,19800,4,0,0.0,79200,0,79200,헬시아,건강식품,할인불가
[헬시아] 아임더닥터 맥주효모 비오틴 90정 (30일분),2021,13800,4,0,0.0,55200,0,55200,헬시아,건강식품,할인불가
[금강수림] 전통육개장 1kg 3인분,2021,12000,4,0,0.0,48000,0,48000,금강수림,국/탕/찌개/면,할인불가
[금강수림] 전통육개장 1kg 3인분,2021,15000,4,0,0.0,60000,0,60000,금강수림,국/탕/찌개/면,할인불가
[포스텐] 올케이 국내산 스텐 사각 채반 바구니 2종세트,2021,17900,4,0,0.0,71600,0,71600,포스텐,주방가전,할인불가
[금강수림] 우리콩 청국장 1kg 3인분,2021,12000,4,0,0.0,48000,0,48000,금강수림,국/탕/찌개/면,할인불가
[가득찬푸드] 슈프림 새우만두,2021,9400,4,0,0.0,37600,0,37600,가득찬푸드,밥/반찬/요리,회원
[요리명인] 오븐에 구워 담백한 담약식 수제떡갈비,2021,10000,4,0,0.0,40000,0,40000,요리명인,밥/반찬/요리,할인불가
[허브허브] 피부싹싹 150g,2021,29000,4,0,0.0,116000,0,116000,허브허브,영양제,회원
[대도] 쌉쌀한 맛 전라도 고들빼기김치,2021,13000,4,0,0.0,52000,0,52000,대도,김치/젓갈,할인불가
[요리명인] 전통방식 그대로 3번 쪄낸 운수 대통 영양밥,2021,14400,4,1,25.0,57600,14400,43200,요리명인,밥/반찬/요리,할인불가
[대도] 감칠맛이 좋은 전라도 깍두기,2021,9000,4,1,25.0,36000,9000,27000,대도,김치/젓갈,할인불가
[금강수림] 한돈 고추장찌개 1kg 3인분,2021,15000,4,0,0.0,60000,0,60000,금강수림,국/탕/찌개/면,할인불가
[대도] 익을수록 맛있는 전라도 총각김치,2021,59000,4,0,0.0,236000,0,236000,대도,김치/젓갈,할인불가
[금강수림] 인삼 장어탕 1kg 3인분,2021,14000,4,1,25.0,56000,14000,42000,금강수림,국/탕/찌개/면,할인불가
[대도] 시원한 전라남도식 묵은지,2021,9900,4,0,0.0,39600,0,39600,대도,김치/젓갈,할인불가
[헬시아] 아임더닥터 여주정 60정 (30일분),2021,12900,4,0,0.0,51600,0,51600,헬시아,건강식품,할인불가
[헬시아] 아임더닥터 크랜베리 60정 (30일분),2021,24800,4,0,0.0,99200,0,99200,헬시아,건강식품,할인불가
[에브리홈] 건강지킴 엠보싱 일회용 수세미 60매 1+1,2021,7500,4,0,0.0,30000,0,30000,에브리홈,주방잡화/용품,할인불가
[대도] 시원한 전라남도식 묵은지,2021,13000,4,0,0.0,52000,0,52000,대도,김치/젓갈,할인불가
[대도] 아삭하고 시원한 전라도 오이소박이,2021,59500,4,0,0.0,238000,0,238000,대도,김치/젓갈,할인불가
[와우언더웨어] 프리미엄 남성언더웨어 2종,2021,20000,4,0,0.0,80000,0,80000,와우언더웨어,패션/잡화,할인불가
[와우언더웨어] 프리미엄 남성언더웨어 2종,2021,20000,4,0,0.0,80000,0,80000,와우언더웨어,패션/잡화,할인불가
[포스텐] 크루거 차이니스 셰프 나이프 (소),2021,19500,4,1,25.0,78000,19500,58500,포스텐,주방가전,할인불가
[와우언더웨어] 프리미엄 남성언더웨어 2종,2021,20000,4,0,0.0,80000,0,80000,와우언더웨어,패션/잡화,할인불가
[와우언더웨어] 프리미엄 남성언더웨어 2종,2021,20000,4,0,0.0,80000,0,80000,와우언더웨어,패션/잡화,할인불가
[와우언더웨어] 프리미엄 남성언더웨어 2종,2021,20000,4,0,0.0,80000,0,80000,와우언더웨어,패션/잡화,할인불가
[와우언더웨어] 프리미엄 남성언더웨어 2종,2021,20000,4,0,0.0,80000,0,80000,와우언더웨어,패션/잡화,할인불가
[와우언더웨어] 프리미엄 남성언더웨어 2종,2021,20000,4,0,0.0,80000,0,80000,와우언더웨어,패션/잡화,할인불가
[금강수림] 바지락황태국 1kg 3인분,2021,13000,4,0,0.0,52000,0,52000,금강수림,국/탕/찌개/면,할인불가
[대도] 전라도 전통식 포기김치,2021,23000,4,0,0.0,92000,0,92000,대도,김치/젓갈,할인불가
[대도] 익을수록 맛있는 전라도 총각김치,2021,11000,4,0,0.0,44000,0,44000,대도,김치/젓갈,할인불가
[포스텐] 리빙센스 핸드블랜더 세트 LHB-S9001,2021,29000,4,0,0.0,116000,0,116000,포스텐,주방가전,할인불가
[포스텐] 루베크 프리미엄 티포트 1.7L,2021,31000,4,0,0.0,124000,0,124000,포스텐,주방가전,할인불가
[토우축산] 한우 암소 1+ 꼬리반골세트,2021,119000,4,0,0.0,476000,0,476000,토우축산,Unknown,Unknown
[에브리홈] 건강지킴 엠보싱 일회용 수세미 60매 1+1,2021,3500,4,0,0.0,14000,0,14000,에브리홈,주방잡화/용품,할인불가
[미이르] 국내산 (여수) 반건조 민어,2021,27900,4,0,0.0,111600,0,111600,미이르,수산/건어물/김,할인불가
[희재농원] 김천 건조표고버섯 3종,2021,20000,4,0,0.0,80000,0,80000,희재농원,농축산/과일/계란,할인불가
"[제주애과일] 키위의 명작, 제주 레드키위",2021,35000,4,0,0.0,140000,0,140000,제주애과일,농축산/과일/계란,할인불가
[뷰리앤헬스] 불가리아 먹는 장미오일 30캡슐,2021,155000,4,0,0.0,620000,0,620000,뷰리앤헬스,건강식품,할인불가
[삼보] 전북 부안 국내산 특허 바이오 죽염간장,2021,11000,4,0,0.0,44000,0,44000,삼보,잼/오일/조미/장,할인불가
[대도] 전라도 보쌈김치,2021,9900,4,0,0.0,39600,0,39600,대도,김치/젓갈,할인불가
[대도] 전라도 파김치,2021,25000,4,0,0.0,100000,0,100000,대도,김치/젓갈,할인불가
[대도] 전라도 양파김치,2021,10000,4,0,0.0,40000,0,40000,대도,김치/젓갈,할인불가
"[와우언더웨어] 프리미엄 남성언더웨어 (뱀부, 나일론, 텐셀 택1)",2021,20900,4,0,0.0,83600,0,83600,와우언더웨어,패션/잡화,할인불가
[대도] 전라도 백김치,2021,26000,4,0,0.0,104000,0,104000,대도,김치/젓갈,할인불가
[삼보] 전북 부안 무형문화재 제 23호 죽염 3종,2021,17000,4,0,0.0,68000,0,68000,삼보,잼/오일/조미/장,할인불가
[제주의맛] 제주 자연산 생물 뿔소라,2021,30700,4,0,0.0,122800,0,122800,제주의맛,수산/건어물/김,할인불가
"[닥터하스킨] 건조에 의한 가려움증 완화 (바디워시, 로션, 크림 택1)",2021,32000,4,0,0.0,128000,0,128000,닥터하스킨,뷰티/다이어트,할인불가
[삼보] 전북 부안 무형문화재 제 23호 죽염 3종,2021,25000,4,0,0.0,100000,0,100000,삼보,잼/오일/조미/장,할인불가
[쉬젤] 웰빙쿠커 인덕션 겸용 스테인리스 찜기,2021,88000,4,1,25.0,352000,88000,264000,쉬젤,냄비/팬/솥,할인불가
[제주의맛] 직접 낚아올린 자연산 제주 한치,2021,44800,4,0,0.0,179200,0,179200,제주의맛,수산/건어물/김,회원
[빵굽는오남매] 41년 군산 명물 속편한 흰찰쌀보리 빵,2021,19800,4,0,0.0,79200,0,79200,빵굽는오남매,유제품/베이커리/떡,할인불가
[휘겔리다올리] 트리트먼트 오일 오브 로즈힙(튼살바디오일)150ml,2021,10000,4,0,0.0,40000,0,40000,휘겔리다올리,뷰티/다이어트,회원
[휘겔리다올리] 트리트먼트 오일 오브 로즈힙(튼살바디오일)150ml,2021,32500,4,0,0.0,130000,0,130000,휘겔리다올리,뷰티/다이어트,회원
[양만이] 불맛가득 야식 끝판왕 불막창 외 4종 택1,2021,26000,4,0,0.0,104000,0,104000,양만이,과자/간식/안주,할인불가
[더킴] 간편하게 즐기는 프리미엄 양꼬치&양세지,2021,9480,4,0,0.0,37920,0,37920,더킴,밥/반찬/요리,회원
[드림하트] 100% 천연 라텍스 기능성 깔창 인솔&패드,2021,15000,4,0,0.0,60000,0,60000,드림하트,패션/잡화,할인불가
[현미박사] 씹는 즐거움 영양가득 건강과자 3종,2021,6500,4,0,0.0,26000,0,26000,현미박사,과자/간식/안주,할인불가
[현미박사] 씹는 즐거움 영양가득 건강과자 3종,2021,8000,4,0,0.0,32000,0,32000,현미박사,과자/간식/안주,할인불가
[피터앤폴큐어스] 내 피부와 같은 편안한 상처밴드 3종,2021,5000,4,0,0.0,20000,0,20000,피터앤폴큐어스,건강용품,할인불가
[보카스] 성인용 손톱발톱깍기&각질제거제,2021,34200,4,0,0.0,136800,0,136800,보카스,생활용품/차량용품/마스크,할인불가
[생각의길] 유시민의 글쓰기 특강,2021,15000,4,0,0.0,60000,0,60000,생각의길,도서,회원
셀핀다 고순도 프리미엄 발효가바 3개세트,2021,62100,3,0,0.0,186300,0,186300,셀핀다,건강,회원
허브허브 눈물싹싹 150g / 대용량300g,2021,29000,3,0,0.0,87000,0,87000,Unknown,Unknown,Unknown
허브허브 피부싹싹 150g,2021,29000,3,0,0.0,87000,0,87000,Unknown,Unknown,Unknown
실버라이닝 웨이브 항균 페이스 타월,2021,95760,3,0,0.0,287280,0,287280,Unknown,Unknown,Unknown
[밥도둑푸드] 전라도식 양념 오징어 젓갈 500G,2021,12900,3,0,0.0,38700,0,38700,밥도둑푸드,밥/반찬/요리,회원
탈모완화 기능성 샴푸 털털샴푸 400ml,2021,68400,3,1,33.33333333333333,205200,68400,136800,Unknown,Unknown,Unknown
[오즈바이오] 헬스워터 휴대용 수소환원수 생성포트 텀블러,2021,119000,3,1,33.33333333333333,357000,119000,238000,오즈바이오,생활용품/차량용품/마스크,회원
[가득찬푸드] 매콤 쭈꾸미만두 350G,2021,8900,3,0,0.0,26700,0,26700,가득찬푸드,밥/반찬/요리,회원
[에브리홈] 건강지킴 안터지는 2중 지퍼백 1+1,2021,7500,3,0,0.0,22500,0,22500,에브리홈,주방잡화/용품,할인불가
[뷰리앤헬스] 백세통밀 8종 저칼로리 통곡물빵,2021,7400,3,0,0.0,22200,0,22200,뷰리앤헬스,건강식품,할인불가
[에브리홈] 건강지킴 안터지는 2중 지퍼백 1+1,2021,7500,3,0,0.0,22500,0,22500,에브리홈,주방잡화/용품,할인불가
[가득찬푸드] 잎새 꿩만두,2021,11900,3,0,0.0,35700,0,35700,가득찬푸드,밥/반찬/요리,회원
[제주네이쳐] 프리미엄 노니주스 30포,2021,38500,3,0,0.0,115500,0,115500,제주네이쳐,건강식품,할인불가
[다해농수산] 프리미엄 완도 두번 구운 곱창김,2021,14900,3,0,0.0,44700,0,44700,다해농수산,수산/건어물/김,할인불가
[제주네이쳐] 프리미엄 석류즙 30포,2021,25000,3,0,0.0,75000,0,75000,제주네이쳐,건강식품,할인불가
[에브리홈] 건강지킴 위생장갑 400매 1+1,2021,3300,3,0,0.0,9900,0,9900,에브리홈,주방잡화/용품,할인불가
[에브리홈] 건강지킴 위생장갑 400매 1+1,2021,2100,3,0,0.0,6300,0,6300,에브리홈,주방잡화/용품,할인불가
[금강수림] 한돈 고추장찌개 1kg 3인분,2021,15000,3,0,0.0,45000,0,45000,금강수림,국/탕/찌개/면,할인불가
[포스텐] 키친아트 통주물 사각 그릴 후라이팬 28cm,2021,16900,3,0,0.0,50700,0,50700,포스텐,주방가전,할인불가
[금강수림] 민물 새우탕 1kg 3인분,2021,13000,3,0,0.0,39000,0,39000,금강수림,국/탕/찌개/면,할인불가
[에브리홈] 건강지킴 엠보싱 일회용 수세미 60매 1+1,2021,7700,3,0,0.0,23100,0,23100,에브리홈,주방잡화/용품,할인불가
[금강수림] 바지락황태국 1kg 3인분,2021,14000,3,0,0.0,42000,0,42000,금강수림,국/탕/찌개/면,할인불가
[헬시아] 아임더닥터 맥주효모 비오틴 90정 (30일분),2021,18800,3,0,0.0,56400,0,56400,헬시아,건강식품,할인불가
[금강수림] 우리콩 청국장 1kg 3인분,2021,13000,3,0,0.0,39000,0,39000,금강수림,국/탕/찌개/면,할인불가
[헬시아] 아임더닥터 여주정 60정 (30일분),2021,13800,3,0,0.0,41400,0,41400,헬시아,건강식품,할인불가
[포스텐] 리빙아트 한방형 스텐주전자,2021,17900,3,0,0.0,53700,0,53700,포스텐,주방가전,할인불가
[헬시아] 아임더닥터 여주정 60정 (30일분),2021,14800,3,0,0.0,44400,0,44400,헬시아,건강식품,할인불가
[대도] 향이 좋은 전라도 새깻잎김치,2021,10000,3,0,0.0,30000,0,30000,대도,김치/젓갈,할인불가
[대도] 전라도 전통식 포기김치,2021,20000,3,0,0.0,60000,0,60000,대도,김치/젓갈,할인불가
[에브리홈] 건강지킴 위생백 100매 1+1,2021,7700,3,0,0.0,23100,0,23100,에브리홈,주방잡화/용품,할인불가
[대도] 매콤달콤한 전라도 보쌈김치,2021,9900,3,0,0.0,29700,0,29700,대도,김치/젓갈,할인불가
[헬시아] 아임더닥터 콜라겐정 60정 (20일분),2021,13800,3,0,0.0,41400,0,41400,헬시아,건강식품,할인불가
[대도] 국물이 깔끔한 전라도 백김치,2021,25000,3,0,0.0,75000,0,75000,대도,김치/젓갈,할인불가
[NK타히보] 530 삼각티백 타히보차 티백 1box[30포],2021,59800,3,0,0.0,179400,0,179400,NK타히보,건강식품,할인불가
[대도] 국물이 깔끔한 전라도 백김치,2021,11000,3,0,0.0,33000,0,33000,대도,김치/젓갈,할인불가
[대도] 매콤한 맛이 일품인 전라도 파김치,2021,23000,3,0,0.0,69000,0,69000,대도,김치/젓갈,할인불가
[헬시아] 아임더닥터 맥주효모 비오틴 90정 (30일분),2021,12900,3,0,0.0,38700,0,38700,헬시아,건강식품,할인불가
[금강수림] 한우 소고기무국 1kg 3인분,2021,17000,3,0,0.0,51000,0,51000,금강수림,국/탕/찌개/면,할인불가
[대도] 익을수록 맛있는 전라도 총각김치,2021,9900,3,0,0.0,29700,0,29700,대도,김치/젓갈,할인불가
[에브리홈] 건강지킴 엠보싱 일회용 수세미 60매 1+1,2021,1900,3,0,0.0,5700,0,5700,에브리홈,주방잡화/용품,할인불가
[대도] 익을수록 맛있는 전라도 총각김치,2021,10000,3,0,0.0,30000,0,30000,대도,김치/젓갈,할인불가
[대도] 익을수록 맛있는 전라도 총각김치,2021,29200,3,0,0.0,87600,0,87600,대도,김치/젓갈,할인불가
[대도] 익을수록 맛있는 전라도 총각김치,2021,13000,3,0,0.0,39000,0,39000,대도,김치/젓갈,할인불가
[욕실의여왕] 변기 세정제 100g 4포,2021,12800,3,0,0.0,38400,0,38400,욕실의여왕,욕실/세정/위생용품,할인불가
[대도] 익을수록 맛있는 전라도 총각김치,2021,13000,3,0,0.0,39000,0,39000,대도,김치/젓갈,할인불가
[헬시아] 아임더닥터 콜라겐정 60정 (20일분),2021,12900,3,0,0.0,38700,0,38700,헬시아,건강식품,할인불가
[와우언더웨어] 프리미엄 남성언더웨어 2종,2021,20000,3,0,0.0,60000,0,60000,와우언더웨어,패션/잡화,할인불가
[와우언더웨어] 프리미엄 남성언더웨어 2종,2021,20000,3,0,0.0,60000,0,60000,와우언더웨어,패션/잡화,할인불가
[와우언더웨어] 프리미엄 남성언더웨어 2종,2021,20000,3,0,0.0,60000,0,60000,와우언더웨어,패션/잡화,할인불가
[와우언더웨어] 프리미엄 남성언더웨어 2종,2021,20000,3,0,0.0,60000,0,60000,와우언더웨어,패션/잡화,할인불가
[포스텐] 키친아트 플라워 칼라 다이아몬드 후라이팬 3종 26cm,2021,26000,3,0,0.0,78000,0,78000,포스텐,냄비/팬/솥,할인불가
[백봉오골계] 청정지역 춘천 백봉오골계 초란&유정란,2021,71000,3,0,0.0,213000,0,213000,백봉오골계,Unknown,Unknown
[대도] 시원한 전라남도식 묵은지,2021,49000,3,0,0.0,147000,0,147000,대도,김치/젓갈,할인불가
[대도] 전라도 전통식 포기김치,2021,32500,3,0,0.0,97500,0,97500,대도,김치/젓갈,할인불가
[제주네이쳐] 프리미엄 석류즙 30포,2021,49500,3,0,0.0,148500,0,148500,제주네이쳐,건강식품,할인불가
[에브리홈] 건강지킴 술술 벗기편한 위생장갑 50매 1+1,2021,3300,3,0,0.0,9900,0,9900,에브리홈,주방잡화/용품,할인불가
[에브리홈] 건강지킴 술술 벗기편한 위생장갑 50매 1+1,2021,4900,3,0,0.0,14700,0,14700,에브리홈,주방잡화/용품,할인불가
[에브리홈] 건강지킴 술술 벗기편한 위생장갑 50매 1+1,2021,7500,3,0,0.0,22500,0,22500,에브리홈,주방잡화/용품,할인불가
[대도] 매콤달콤한 전라도 보쌈김치,2021,10000,3,0,0.0,30000,0,30000,대도,김치/젓갈,할인불가
[대도] 매콤한 맛이 일품인 전라도 파김치,2021,10000,3,0,0.0,30000,0,30000,대도,김치/젓갈,할인불가
"[제주애과일] 키위의 명작, 제주 레드키위",2021,50000,3,0,0.0,150000,0,150000,제주애과일,농축산/과일/계란,할인불가
[실버라이닝] 웨이브 항균 페이스 타월,2021,95760,3,0,0.0,287280,0,287280,실버라이닝,생활용품/차량용품/마스크,할인불가
[제주바다] 감태밀면 200g x 3개(3인분) + 소스 300g 택1,2021,3000,3,0,0.0,9000,0,9000,제주바다,국/탕/찌개/면,할인불가
[제주바다] 감태밀면 200g x 3개(3인분) + 소스 300g 택1,2021,18900,3,0,0.0,56700,0,56700,제주바다,국/탕/찌개/면,할인불가
[대도] 전라도 오이소박이,2021,20000,3,0,0.0,60000,0,60000,대도,김치/젓갈,할인불가
[더킴] 간편하게 즐기는 프리미엄 양고기&양꼬치,2021,2980,3,0,0.0,8940,0,8940,더킴,밥/반찬/요리,회원
[아리올리] 이탈리아 트러플 오일 250ml,2021,19800,3,0,0.0,59400,0,59400,아리올리,잼/오일/조미/장,할인불가
[헬시아] 아임더닥터 맥주효모 비오틴 90정 (30일분),2021,22900,3,0,0.0,68700,0,68700,헬시아,건강식품,할인불가
[칼라테레비] 따뜻하고 포근한 누빔 실내 슬리퍼 2족 세트,2021,8900,3,0,0.0,26700,0,26700,칼라테레비,패션/잡화,할인불가
[토우축산] 냉장 한돈 깨끗한 암퇘지 생삼겹살,2021,13000,3,0,0.0,39000,0,39000,토우축산,Unknown,Unknown
"[헥사더말] 가려움증 해결,의약외품 피부보습/살균 (균주데이터有) 바이러스,세균99.99%살균",2021,20000,3,0,0.0,60000,0,60000,헥사더말,욕실/세정/위생용품,할인불가
[클린버블] 세탁조 클리너,2021,25800,3,0,0.0,77400,0,77400,클린버블,욕실/세정/위생용품,할인불가
[삼보] 전북 부안 국내산 특허 바이오 죽염간장,2021,14500,3,0,0.0,43500,0,43500,삼보,잼/오일/조미/장,할인불가
[삼보] 생으로도 먹는 정깊은 죽염 생청국장 200g,2021,6500,3,0,0.0,19500,0,19500,삼보,잼/오일/조미/장,할인불가
[제주의맛] 제주 구좌향 세척당근,2021,17500,3,0,0.0,52500,0,52500,제주의맛,수산/건어물/김,할인불가
[가야] 이은자 산수유 엑기스 500ml,2021,40000,3,0,0.0,120000,0,120000,가야,건강식품,할인불가
[에스티엠코] 브로크다운 목폴라 피치기모 니트 4컬러 세트,2021,49900,3,0,0.0,149700,0,149700,에스티엠코,패션/잡화,회원
[대도] 전라도 묵은지,2021,9900,3,0,0.0,29700,0,29700,대도,김치/젓갈,할인불가
[닥터하스킨] 피부 나이를 되돌려주는 주름개선/화이트닝 올인원,2021,59000,3,0,0.0,177000,0,177000,닥터하스킨,뷰티/다이어트,할인불가
[엘리사] 순수 국내 원료 인증받은 엘프로스 실내용 디퓨져,2021,12000,3,0,0.0,36000,0,36000,엘리사,생활용품/차량용품/마스크,할인불가
[엘리사] 순수 국내 원료 인증받은 엘프로스 실내용 디퓨져,2021,1000,3,0,0.0,3000,0,3000,엘리사,생활용품/차량용품/마스크,할인불가
[자연농푸드] 밥지을때 넣어먹는 고급 영양나물밥 3종 택1,2021,7500,3,0,0.0,22500,0,22500,자연농푸드,밥/반찬/요리,할인불가
[대도] 전라도 부추김치,2021,17000,3,0,0.0,51000,0,51000,대도,김치/젓갈,할인불가
[헬시아] 뱀파이어 엘라스틴 60정 (500mg),2021,19800,3,0,0.0,59400,0,59400,헬시아,건강식품,할인불가
[제주의맛] 제주 자연산 생물 뿔소라,2021,30700,3,0,0.0,92100,0,92100,제주의맛,수산/건어물/김,할인불가
[휘겔리다올리] 논파인더스트 안티폴루션 딥톡스 클렌징오일,2021,16500,3,0,0.0,49500,0,49500,휘겔리다올리,뷰티/다이어트,회원
[휘겔리다올리] 논파인더스트 안티폴루션 딥톡스 클렌징오일,2021,19800,3,0,0.0,59400,0,59400,휘겔리다올리,뷰티/다이어트,회원
[제주의맛] 제주 자연산 생물 뿔소라,2021,40900,3,0,0.0,122700,0,122700,제주의맛,수산/건어물/김,할인불가
[휘겔리다올리] 피토 테라피-클로렐라 CGF 앰플,2021,50000,3,0,0.0,150000,0,150000,휘겔리다올리,뷰티/다이어트,회원
[닥터하스킨] 트러블/여드름/지성라인 미라클아토 에이씨,2021,16000,3,0,0.0,48000,0,48000,닥터하스킨,뷰티/다이어트,할인불가
[닥터하스킨] 피부 나이를 되돌려주는 주름개선/화이트닝 올인원,2021,55000,3,0,0.0,165000,0,165000,닥터하스킨,뷰티/다이어트,할인불가
[휘겔리다올리] 리메디얼 씨벅턴 퍼스트 오일,2021,35000,3,0,0.0,105000,0,105000,휘겔리다올리,뷰티/다이어트,회원
[가득찬푸드] 매콤 쭈꾸미만두 350g,2021,9400,3,0,0.0,28200,0,28200,가득찬푸드,밥/반찬/요리,회원
[실버라이닝] 웨이브 항균 페이스 타월,2021,32700,3,0,0.0,98100,0,98100,실버라이닝,생활용품/차량용품/마스크,할인불가
[다다온유] 시원하고 맛있는 100% 청도 아이스 홍시,2021,36400,3,0,0.0,109200,0,109200,다다온유,농축산/과일/계란,할인불가
[슈블리] 몽글몽글 기분좋은 몽그리슬리퍼,2021,24000,3,0,0.0,72000,0,72000,슈블리,패션/잡화,회원
[슈블리] 몽글몽글 기분좋은 몽그리슬리퍼,2021,24000,3,0,0.0,72000,0,72000,슈블리,패션/잡화,회원
[제주네이쳐] 풋귤 몰랑몰랑 곤약젤리,2021,26500,3,0,0.0,79500,0,79500,제주네이쳐,뷰티/다이어트,할인불가
[드림하트] 100% 천연 라텍스 기능성 깔창 인솔&패드,2021,20000,3,0,0.0,60000,0,60000,드림하트,패션/잡화,할인불가
[대도] 전라도 보쌈김치,2021,10000,3,0,0.0,30000,0,30000,대도,김치/젓갈,할인불가
[오차드] 어디든지 어울리고 편안한 어텀삭스,2021,12500,3,0,0.0,37500,0,37500,오차드,패션/잡화,할인불가
[오차드] 어디든지 어울리고 편안한 어텀삭스,2021,12500,3,0,0.0,37500,0,37500,오차드,패션/잡화,할인불가
[드림하트] 100% 천연 라텍스 기능성 깔창 인솔&패드,2021,6000,3,0,0.0,18000,0,18000,드림하트,패션/잡화,할인불가
[아시아출판] 인간 이재명,2021,16500,3,0,0.0,49500,0,49500,아시아출판,도서,회원
[101퍼센트] 가성비 반영구 롤 클리너,2021,19800,3,0,0.0,59400,0,59400,101퍼센트,생활용품/차량용품/마스크,회원
어떤 스타일에도 찰떡 소화가능한 마틴부츠,2021,26000,3,0,0.0,78000,0,78000,Unknown,Unknown,Unknown
[피터앤폴큐어스] 내 피부와 같은 편안한 상처밴드 3종,2021,6000,3,0,0.0,18000,0,18000,피터앤폴큐어스,건강용품,할인불가
[대도] 전라도 총각김치,2021,31950,3,0,0.0,95850,0,95850,대도,김치/젓갈,할인불가
어떤 스타일에도 찰떡 소화가능한 마틴부츠,2021,26000,3,0,0.0,78000,0,78000,Unknown,Unknown,Unknown
어떤 스타일에도 찰떡 소화가능한 마틴부츠,2021,26000,3,0,0.0,78000,0,78000,Unknown,Unknown,Unknown
어떤 스타일에도 찰떡 소화가능한 마틴부츠,2021,26000,3,0,0.0,78000,0,78000,Unknown,Unknown,Unknown
[대도] 전라도 보쌈김치,2021,29250,3,0,0.0,87750,0,87750,대도,김치/젓갈,할인불가
[101퍼센트] 가성비 반영구 롤 클리너,2021,19800,3,0,0.0,59400,0,59400,101퍼센트,생활용품/차량용품/마스크,회원
손맛가득 수제 떡갈비스테이크,2021,17000,2,0,0.0,34000,0,34000,Unknown,Unknown,Unknown
밥도둑푸드 가정식 여수 순살 꼬막장 200G,2021,8500,2,0,0.0,17000,0,17000,Unknown,Unknown,Unknown
[밥도둑푸드] 손질된 간편 여수 돌게장,2021,11800,2,0,0.0,23600,0,23600,밥도둑푸드,밥/반찬/요리,할인불가
밥도둑푸드 간편한 전라도 우거지 된장 4인분 250G,2021,3500,2,0,0.0,7000,0,7000,Unknown,Unknown,Unknown
[밥도둑푸드] 여수 돌산 갓김치4KG+갓물김치1KG,2021,67000,2,0,0.0,134000,0,134000,밥도둑푸드,밥/반찬/요리,회원
[밥도둑푸드] 땡초비빔된장 500G,2021,9500,2,0,0.0,19000,0,19000,밥도둑푸드,밥/반찬/요리,회원
국내산 화개장터 재첩국,2021,50000,2,0,0.0,100000,0,100000,Unknown,Unknown,Unknown
라포레 유기농 100% 순면커버 생리대 4종구성,2021,19900,2,0,0.0,39800,0,39800,Unknown,Unknown,Unknown
탈모완화 기능성 샴푸 털털샴푸 400ml,2021,96900,2,0,0.0,193800,0,193800,Unknown,Unknown,Unknown
[가득찬푸드] 잎새 꿩만두,2021,11900,2,0,0.0,23800,0,23800,가득찬푸드,밥/반찬/요리,회원
[가득찬푸드] 잎새 꿩만두,2021,6900,2,0,0.0,13800,0,13800,가득찬푸드,밥/반찬/요리,회원
[가득찬푸드] 잎새 꿩만두,2021,6900,2,0,0.0,13800,0,13800,가득찬푸드,밥/반찬/요리,회원
[가득찬푸드] 슈프림 새우만두,2021,6900,2,0,0.0,13800,0,13800,가득찬푸드,밥/반찬/요리,회원
[가득찬푸드] 슈프림 새우만두,2021,6900,2,0,0.0,13800,0,13800,가득찬푸드,밥/반찬/요리,회원
실버라이닝 웨이브 항균 페이스 타월,2021,32700,2,0,0.0,65400,0,65400,Unknown,Unknown,Unknown
[뷰리앤헬스] 백세통밀 8종 저칼로리 통곡물빵,2021,7400,2,0,0.0,14800,0,14800,뷰리앤헬스,건강식품,할인불가
[가득찬푸드] 잎새 꿩만두,2021,6900,2,0,0.0,13800,0,13800,가득찬푸드,밥/반찬/요리,회원
[뷰리앤헬스] 백세통밀 8종 저칼로리 통곡물빵,2021,7400,2,0,0.0,14800,0,14800,뷰리앤헬스,건강식품,할인불가
[뷰리앤헬스] 백세통밀 8종 저칼로리 통곡물빵,2021,7400,2,0,0.0,14800,0,14800,뷰리앤헬스,건강식품,할인불가
[제주네이쳐] 유기농 레드비트 진액 30포,2021,48500,2,0,0.0,97000,0,97000,제주네이쳐,건강식품,할인불가
[뷰리앤헬스] 여성 질건강 유산균,2021,30000,2,0,0.0,60000,0,60000,뷰리앤헬스,건강식품,회원
[가득찬푸드] 갈비향 가득 갈비꿩만두 600g,2021,9400,2,0,0.0,18800,0,18800,가득찬푸드,밥/반찬/요리,회원
[가득찬푸드] 삼색옹심이꿩만두,2021,6900,2,0,0.0,13800,0,13800,가득찬푸드,밥/반찬/요리,회원
[에브리홈] 건강지킴 위생장갑 400매 1+1,2021,7500,2,0,0.0,15000,0,15000,에브리홈,주방잡화/용품,할인불가
[헬시아] 아임더닥터 블랙마카 60정 (20일분),2021,15800,2,0,0.0,31600,0,31600,헬시아,건강식품,할인불가
[에브리홈] 건강지킴 위생장갑 400매 1+1,2021,4900,2,0,0.0,9800,0,9800,에브리홈,주방잡화/용품,할인불가
[헬시아] 아임더닥터 맥주효모 비오틴 90정 (30일분),2021,13800,2,0,0.0,27600,0,27600,헬시아,건강식품,할인불가
[금강수림] 민물 새우탕 1kg 3인분,2021,18000,2,0,0.0,36000,0,36000,금강수림,국/탕/찌개/면,할인불가
[금강수림] 전통육개장 1kg 3인분,2021,17000,2,0,0.0,34000,0,34000,금강수림,국/탕/찌개/면,할인불가
[금강수림] 민물 새우탕 1kg 3인분,2021,15000,2,0,0.0,30000,0,30000,금강수림,국/탕/찌개/면,할인불가
[에브리홈] 건강지킴 위생장갑 400매 1+1,2021,3500,2,0,0.0,7000,0,7000,에브리홈,주방잡화/용품,할인불가
[금강수림] 바지락황태국 1kg 3인분,2021,12000,2,1,50.0,24000,12000,12000,금강수림,국/탕/찌개/면,할인불가
[에브리홈] 건강지킴 안터지는 2중 지퍼백 1+1,2021,2100,2,0,0.0,4200,0,4200,에브리홈,주방잡화/용품,할인불가
[포스텐] 리빙센스 와플메이커 3 in 1,2021,29900,2,0,0.0,59800,0,59800,포스텐,주방가전,할인불가
[포스텐] 리빙아트 인덕션 겸용 스텐 곰솥 28cm,2021,25900,2,0,0.0,51800,0,51800,포스텐,냄비/팬/솥,할인불가
[포스텐] 크루거 차이니스 셰프 나이프,2021,19500,2,1,50.0,39000,19500,19500,포스텐,조리도구,할인불가
실버라이닝 웨이브 항균 핸드타월 5P,2021,15000,2,0,0.0,30000,0,30000,Unknown,Unknown,Unknown
[헬시아] 아임더닥터 블랙마카 60정 (20일분),2021,15800,2,0,0.0,31600,0,31600,헬시아,건강식품,할인불가
[금강수림] 한우 미역국 1kg 3인분,2021,14000,2,0,0.0,28000,0,28000,금강수림,국/탕/찌개/면,할인불가
[포스텐] 키친아트 뉴 네오 통 5중 스텐냄비 7종,2021,35000,2,0,0.0,70000,0,70000,포스텐,냄비/팬/솥,할인불가
[포스텐] 대용량 분리형 커버 내부 올스텐 고속팬 에어프라이어 7L,2021,65900,2,0,0.0,131800,0,131800,포스텐,주방가전,할인불가
[청벽집] 공주맛집 새우매운탕 2인분,2021,25000,2,0,0.0,50000,0,50000,청벽집,국/탕/찌개/면,할인불가
[대도] 식감이 좋은 전라도 홍어김치,2021,25000,2,0,0.0,50000,0,50000,대도,김치/젓갈,할인불가
[대도] 전라도 전통식 포기김치,2021,11000,2,0,0.0,22000,0,22000,대도,김치/젓갈,할인불가
[대도] 전라도 전통식 포기김치,2021,12000,2,0,0.0,24000,0,24000,대도,김치/젓갈,할인불가
[대도] 국물이 깔끔한 전라도 백김치,2021,12000,2,0,0.0,24000,0,24000,대도,김치/젓갈,할인불가
[대도] 시원한 전라남도식 묵은지,2021,12000,2,0,0.0,24000,0,24000,대도,김치/젓갈,할인불가
[오성내추럴] 방금 빻은 장미빛 고춧가루,2021,33000,2,0,0.0,66000,0,66000,오성내추럴,농축산/과일/계란,할인불가
[대도] 아삭한 식감 전라도 석박지,2021,13000,2,0,0.0,26000,0,26000,대도,김치/젓갈,할인불가
[요리명인] 전통방식 그대로 3번 쪄낸 운수 대통 영양밥,2021,10000,2,0,0.0,20000,0,20000,요리명인,밥/반찬/요리,할인불가
[대도] 국물이 깔끔한 전라도 백김치,2021,13000,2,0,0.0,26000,0,26000,대도,김치/젓갈,할인불가
[오성내추럴] 방금 빻은 장미빛 고춧가루,2021,27000,2,0,0.0,54000,0,54000,오성내추럴,농축산/과일/계란,할인불가
[포스텐] 캠프-원 부탄가스 소형 캠핑난로,2021,249000,2,0,0.0,498000,0,498000,포스텐,계절가전/계절용품,회원
[대도] 매콤아삭 전라도 양파김치,2021,29500,2,0,0.0,59000,0,59000,대도,김치/젓갈,할인불가
[대도] 쌉쌀한 맛 전라도 고들빼기김치,2021,12000,2,0,0.0,24000,0,24000,대도,김치/젓갈,할인불가
[오성내추럴] 방금 빻은 장미빛 고춧가루,2021,18500,2,0,0.0,37000,0,37000,오성내추럴,농축산/과일/계란,할인불가
[다해농수산] 프리미엄 완도 두번 구운 곱창김,2021,14900,2,0,0.0,29800,0,29800,다해농수산,수산/건어물/김,할인불가
[포세이온] 프리미엄 이온수 샤워기 & 샤워필터,2021,117000,2,0,0.0,234000,0,234000,포세이온,Unknown,Unknown
[대도] 매콤한 맛이 일품인 전라도 파김치,2021,9900,2,0,0.0,19800,0,19800,대도,김치/젓갈,할인불가
[헬시아] 아임더닥터 맥주효모 비오틴 90정 (30일분),2021,35500,2,1,50.0,71000,35500,35500,헬시아,건강식품,할인불가
[대도] 매콤달콤한 전라도 보쌈김치,2021,17000,2,0,0.0,34000,0,34000,대도,김치/젓갈,할인불가
[대도] 톡 쏘는 수제 전라도 갓김치,2021,11000,2,0,0.0,22000,0,22000,대도,김치/젓갈,할인불가
[에브리홈] 건강지킴 위생백 100매 1+1,2021,4900,2,0,0.0,9800,0,9800,에브리홈,주방잡화/용품,할인불가
[헬시아] 아임더닥터 크랜베리 60정 (30일분),2021,12900,2,0,0.0,25800,0,25800,헬시아,건강식품,할인불가
[대도] 톡 쏘는 수제 전라도 갓김치,2021,10000,2,0,0.0,20000,0,20000,대도,김치/젓갈,할인불가
[금강수림] 한우 소고기무국 1kg 3인분,2021,12000,2,0,0.0,24000,0,24000,금강수림,국/탕/찌개/면,할인불가
[포스텐] 키친아트 타원형 생선구이 그릴팬,2021,16900,2,0,0.0,33800,0,33800,포스텐,냄비/팬/솥,할인불가
[헬시아] 아임더닥터 블랙마카 60정 (20일분),2021,22900,2,1,50.0,45800,22900,22900,헬시아,건강식품,할인불가
[대도] 톡 쏘는 수제 전라도 갓김치,2021,12000,2,0,0.0,24000,0,24000,대도,김치/젓갈,할인불가
[메디셀바이오] 에이티피 네추럴크림 100ml,2021,30000,2,0,0.0,60000,0,60000,메디셀바이오,뷰티/다이어트,할인불가
[대도] 시원한 전라남도식 묵은지,2021,21000,2,0,0.0,42000,0,42000,대도,김치/젓갈,할인불가
[에브리홈] 건강지킴 안터지는 2중 지퍼백 1+1,2021,1500,2,0,0.0,3000,0,3000,에브리홈,주방잡화/용품,할인불가
[에브리홈] 건강지킴 안터지는 2중 지퍼백 1+1,2021,2900,2,0,0.0,5800,0,5800,에브리홈,주방잡화/용품,할인불가
[오성내추럴] 방금 빻은 장미빛 고춧가루,2021,12000,2,0,0.0,24000,0,24000,오성내추럴,농축산/과일/계란,할인불가
[오성내추럴] 방금 빻은 장미빛 고춧가루,2021,14000,2,0,0.0,28000,0,28000,오성내추럴,농축산/과일/계란,할인불가
[대도] 전라도 전통식 포기김치,2021,29500,2,0,0.0,59000,0,59000,대도,김치/젓갈,할인불가
[대도] 매콤달콤한 전라도 보쌈김치,2021,10000,2,0,0.0,20000,0,20000,대도,김치/젓갈,할인불가
[포스텐] 리빙아트 한방형 스텐주전자 7L,2021,17900,2,1,50.0,35800,17900,17900,포스텐,냄비/팬/솥,할인불가
[대도] 아삭한 식감 전라도 석박지,2021,20000,2,1,50.0,40000,20000,20000,대도,김치/젓갈,할인불가
[오성내추럴] 방금 빻은 장미빛 고춧가루,2021,32000,2,0,0.0,64000,0,64000,오성내추럴,농축산/과일/계란,할인불가
[대도] 전라도 전통식 포기김치,2021,38500,2,0,0.0,77000,0,77000,대도,김치/젓갈,할인불가
[꼼꼼패드] 국내산 프리미엄 배변패드 표준형 42g 50매,2021,35000,2,0,0.0,70000,0,70000,꼼꼼패드,위생/케어/패드,할인불가
[에어블락] 청소기 세균&악취 해결사,2021,9800,2,0,0.0,19600,0,19600,에어블락,욕실/세정/위생용품,할인불가
[대도] 익을수록 맛있는 전라도 총각김치,2021,25000,2,0,0.0,50000,0,50000,대도,김치/젓갈,할인불가
[실버라이닝] 웨이브 항균 핸드타월 5P,2021,32500,2,0,0.0,65000,0,65000,실버라이닝,생활용품/차량용품/마스크,회원
[대도] 산뜻한 부추향 수제 전라도 부추김치,2021,17000,2,0,0.0,34000,0,34000,대도,김치/젓갈,할인불가
[대도] 매콤달콤한 전라도 보쌈김치,2021,35500,2,0,0.0,71000,0,71000,대도,김치/젓갈,할인불가
[제주네이쳐] 맛있는 양배추즙 30포,2021,72000,2,1,50.0,144000,72000,72000,제주네이쳐,건강,할인불가
[대도] 익을수록 맛있는 전라도 총각김치,2021,38500,2,0,0.0,77000,0,77000,대도,김치/젓갈,할인불가
[제주네이쳐] 석류하영 콜라겐 30포,2021,28000,2,0,0.0,56000,0,56000,제주네이쳐,건강,할인불가
[오성내추럴] 방금 빻은 장미빛 고춧가루,2021,37000,2,0,0.0,74000,0,74000,오성내추럴,농축산/과일/계란,할인불가
[오성내추럴] 방금 빻은 장미빛 고춧가루,2021,17000,2,0,0.0,34000,0,34000,오성내추럴,농축산/과일/계란,할인불가
[대도] 아삭하고 시원한 전라도 오이소박이,2021,21000,2,0,0.0,42000,0,42000,대도,김치/젓갈,할인불가
[대도] 산뜻한 맛! 전라도 얼갈이김치,2021,12000,2,0,0.0,24000,0,24000,대도,김치/젓갈,할인불가
[대도] 향이 좋은 전라도 새깻잎김치,2021,13000,2,0,0.0,26000,0,26000,대도,김치/젓갈,할인불가
[NK타히보] 프리미엄티 액상 타히보차 선물세트 30ml[60포],2021,149000,2,1,50.0,298000,149000,149000,NK타히보,건강식품,할인불가
[대도] 감칠맛이 좋은 전라도 깍두기,2021,17000,2,1,50.0,34000,17000,17000,대도,김치/젓갈,할인불가
[실버라이닝] 웨이브 항균 페이스 타월,2021,95760,2,0,0.0,191520,0,191520,실버라이닝,생활용품/차량용품/마스크,할인불가
[제주네이쳐] 배도라지하영 30포,2021,28000,2,1,50.0,56000,28000,28000,제주네이쳐,건강식품,할인불가
[대도] 매콤달콤한 전라도 보쌈김치,2021,12000,2,0,0.0,24000,0,24000,대도,김치/젓갈,할인불가
[에브리홈] 건강지킴 세우는 슬라이더 지퍼백 1+1,2021,2900,2,0,0.0,5800,0,5800,에브리홈,주방잡화/용품,할인불가
[에브리홈] 건강지킴 세우는 슬라이더 지퍼백 1+1,2021,7500,2,0,0.0,15000,0,15000,에브리홈,주방잡화/용품,할인불가
[미이르] 국내산 / 자연산 손질 통오징어,2021,44900,2,0,0.0,89800,0,89800,미이르,수산/건어물/김,할인불가
[클린데이] 국내생산 올인원 캡슐세제,2021,25000,2,0,0.0,50000,0,50000,클린데이,욕실/세정/위생용품,할인불가
[대도] 익을수록 맛있는 전라도 총각김치,2021,20000,2,0,0.0,40000,0,40000,대도,김치/젓갈,할인불가
"[헥사더말] 99.9% 광범위 (손,피부/살균,소독) 솔루션 스프레이형 100ml",2021,20000,2,0,0.0,40000,0,40000,헥사더말,욕실/세정/위생용품,할인불가
[아리올리] 이탈리아 트러플 오일 250ml,2021,19800,2,0,0.0,39600,0,39600,아리올리,잼/오일/조미/장,할인불가
"[제주애과일] 키위의 명작, 제주 레드키위",2021,33000,2,0,0.0,66000,0,66000,제주애과일,농축산/과일/계란,할인불가
"[제주애과일] 키위의 명작, 제주 레드키위",2021,38000,2,0,0.0,76000,0,76000,제주애과일,농축산/과일/계란,할인불가
[아리올리] 이탈리아 트러플 오일 250ml,2021,19800,2,0,0.0,39600,0,39600,아리올리,잼/오일/조미/장,할인불가
[대도] 전라도 오이소박이,2021,59500,2,0,0.0,119000,0,119000,대도,김치/젓갈,할인불가
[대도] 전라도 전통식 포기김치,2021,35500,2,0,0.0,71000,0,71000,대도,김치/젓갈,할인불가
[대도] 전라도 보쌈김치,2021,12000,2,0,0.0,24000,0,24000,대도,김치/젓갈,할인불가
[대도] 전라도 파김치,2021,13000,2,0,0.0,26000,0,26000,대도,김치/젓갈,할인불가
[제주네이쳐] 요망진 ABC 주스 30포,2021,62500,2,0,0.0,125000,0,125000,제주네이쳐,건강식품,할인불가
[대도] 전라도 양파김치,2021,10000,2,0,0.0,20000,0,20000,대도,김치/젓갈,할인불가
[제주네이쳐] 배도라지하영 30포,2021,55500,2,0,0.0,111000,0,111000,제주네이쳐,건강식품,할인불가
[대도] 전라도 석박지,2021,29500,2,0,0.0,59000,0,59000,대도,김치/젓갈,할인불가
[대도] 전라도 총각김치,2021,9900,2,0,0.0,19800,0,19800,대도,김치/젓갈,할인불가
[헬시아] 아임더닥터 보스웰리아 72정 (36일분),2021,12900,2,0,0.0,25800,0,25800,헬시아,건강식품,할인불가
[헬시아] 아임더닥터 보스웰리아 72정 (36일분),2021,12900,2,0,0.0,25800,0,25800,헬시아,건강식품,할인불가
[대도] 전라도 총각김치,2021,59000,2,0,0.0,118000,0,118000,대도,김치/젓갈,할인불가
[제주의맛] 제주 구좌향 세척당근,2021,18800,2,0,0.0,37600,0,37600,제주의맛,수산/건어물/김,할인불가
[제주의맛] 제주 구좌향 세척당근,2021,23300,2,0,0.0,46600,0,46600,제주의맛,수산/건어물/김,할인불가
[대도] 전라도 얼갈이김치,2021,10000,2,1,50.0,20000,10000,10000,대도,김치/젓갈,할인불가
[대도] 전라도 얼갈이김치,2021,12000,2,1,50.0,24000,12000,12000,대도,김치/젓갈,할인불가
[대도] 전라도 얼갈이김치,2021,12000,2,1,50.0,24000,12000,12000,대도,김치/젓갈,할인불가
[에브리홈] 건강지킴 위생백 100매 1+1,2021,1900,2,0,0.0,3800,0,3800,에브리홈,주방잡화/용품,할인불가
[대도] 전라도 깍두기,2021,9000,2,0,0.0,18000,0,18000,대도,김치/젓갈,할인불가
[제주의맛] 제주 자연산 생물 뿔소라,2021,58900,2,2,100.0,117800,117800,0,제주의맛,수산/건어물/김,할인불가
[대도] 전라도 갓김치,2021,9900,2,0,0.0,19800,0,19800,대도,김치/젓갈,할인불가
[삼보] <발명특허> 오디 죽염 청국장 200g,2021,6500,2,0,0.0,13000,0,13000,삼보,잼/오일/조미/장,할인불가
[에스티엠코] 브로크다운 목폴라 피치기모 니트 4컬러 세트,2021,49900,2,0,0.0,99800,0,99800,에스티엠코,패션/잡화,회원
[가야] 전남 구례 라임청 300ml,2021,34000,2,0,0.0,68000,0,68000,가야,건강식품,할인불가
[가야] 전남 구례 라임청 300ml,2021,50000,2,0,0.0,100000,0,100000,가야,건강식품,할인불가
[에브리홈] 건강지킴 세우는 슬라이더 지퍼백 1+1,2021,7500,2,0,0.0,15000,0,15000,에브리홈,주방잡화/용품,할인불가
[에스티엠코] 브로크다운 목폴라 피치기모 니트 4컬러 세트,2021,49900,2,0,0.0,99800,0,99800,에스티엠코,패션/잡화,회원
[삼보] 전북 부안 무형문화재 제 23호 죽염 3종,2021,54000,2,0,0.0,108000,0,108000,삼보,잼/오일/조미/장,할인불가
[대도] 전라도 홍어김치,2021,13000,2,0,0.0,26000,0,26000,대도,김치/젓갈,할인불가
[딘코] 공간창의력 사고력 발달 30만가지 해답 큐브퍼즐,2021,17100,2,0,0.0,34200,0,34200,딘코,유아동/완구/매트,할인불가
[제주의맛] 제주 구좌향 세척당근,2021,15000,2,0,0.0,30000,0,30000,제주의맛,수산/건어물/김,할인불가
[대도] 전라도 갓김치,2021,64000,2,0,0.0,128000,0,128000,대도,김치/젓갈,할인불가
[대도] 전라도 석박지,2021,10000,2,0,0.0,20000,0,20000,대도,김치/젓갈,할인불가
[삼보] 전북 부안 국내산 특허 바이오 죽염된장,2021,26500,2,0,0.0,53000,0,53000,삼보,잼/오일/조미/장,할인불가
[에스티엠코] 브로크다운 목폴라 피치기모 니트 4컬러 세트,2021,49900,2,0,0.0,99800,0,99800,에스티엠코,패션/잡화,회원
[대도] 전라도 갓김치,2021,12000,2,0,0.0,24000,0,24000,대도,김치/젓갈,할인불가
[양만이] 불맛가득 야식 끝판왕 5종 모음,2021,18000,2,0,0.0,36000,0,36000,양만이,과자/간식/안주,할인불가
[양만이] 불맛가득 야식 끝판왕 5종 모음,2021,15500,2,0,0.0,31000,0,31000,양만이,과자/간식/안주,할인불가
[박장대소] 달지않은 치악산 청정지역 복숭아잼/오디잼 3개 구성 선택,2021,25000,2,0,0.0,50000,0,50000,박장대소,Unknown,Unknown
[휘겔리다올리] 리메디얼 씨벅턴 퍼스트 오일,2021,32500,2,0,0.0,65000,0,65000,휘겔리다올리,뷰티/다이어트,회원
[휘겔리다올리] 프로포즈 데이지 핸드크림 50ml,2021,50000,2,0,0.0,100000,0,100000,휘겔리다올리,뷰티/다이어트,할인불가
[휘겔리다올리] 트리트먼트 오일 오브 로즈힙(튼살바디오일)150ml,2021,16500,2,0,0.0,33000,0,33000,휘겔리다올리,뷰티/다이어트,회원
[대도] 전라도 묵은지,2021,29200,2,0,0.0,58400,0,58400,대도,김치/젓갈,할인불가
[휘겔리다올리] 굿 슬립 필로우 미스트 100ml 향 2종 택1,2021,28800,2,0,0.0,57600,0,57600,휘겔리다올리,뷰티/다이어트,회원
[제주네이쳐] 풋귤 몰랑몰랑 곤약젤리,2021,26500,2,0,0.0,53000,0,53000,제주네이쳐,뷰티/다이어트,할인불가
[휘겔리다올리] 닥터아로마 손세정제 150ml,2021,5500,2,0,0.0,11000,0,11000,휘겔리다올리,뷰티/다이어트,할인불가
[현미박사] 기름없이 열풍으로 볶은 국내산 건강 시리얼,2021,10000,2,0,0.0,20000,0,20000,현미박사,건강식품,할인불가
[휘겔리다올리] 굿 슬립 필로우 미스트 100ml 향 2종 택1,2021,28800,2,0,0.0,57600,0,57600,휘겔리다올리,뷰티/다이어트,회원
[빵굽는오남매] 41년 군산 명물 속편한 흰찰쌀보리 빵,2021,23100,2,0,0.0,46200,0,46200,빵굽는오남매,유제품/베이커리/떡,할인불가
[가득찬푸드] 매콤 쭈꾸미만두 350g,2021,11900,2,0,0.0,23800,0,23800,가득찬푸드,밥/반찬/요리,회원
[다다온유] 시원하고 맛있는 100% 청도 아이스 홍시,2021,14800,2,0,0.0,29600,0,29600,다다온유,농축산/과일/계란,할인불가
[휘겔리다올리] 리메디얼 씨벅턴 퍼스트 오일,2021,32500,2,0,0.0,65000,0,65000,휘겔리다올리,뷰티/다이어트,회원
[대도] 전라도 보쌈김치,2021,25000,2,0,0.0,50000,0,50000,대도,김치/젓갈,할인불가
[슈블리] 몽글몽글 기분좋은 몽그리슬리퍼,2021,24000,2,0,0.0,48000,0,48000,슈블리,패션/잡화,회원
[드림하트] 100% 천연 라텍스 기능성 깔창 인솔&패드,2021,20000,2,0,0.0,40000,0,40000,드림하트,패션/잡화,할인불가
[슈블리] 몽글몽글 기분좋은 몽그리슬리퍼,2021,24000,2,0,0.0,48000,0,48000,슈블리,패션/잡화,회원
[현미박사] 기름없이 열풍으로 볶은 국내산 건강 시리얼,2021,6000,2,0,0.0,12000,0,12000,현미박사,건강식품,할인불가
[오차드] 어디든지 어울리고 편안한 어텀삭스,2021,25000,2,0,0.0,50000,0,50000,오차드,패션/잡화,할인불가
[현미박사] 씹는 즐거움 영양가득 건강과자 3종,2021,8000,2,0,0.0,16000,0,16000,현미박사,과자/간식/안주,할인불가
[현미박사] 씹는 즐거움 영양가득 건강과자 3종,2021,6000,2,0,0.0,12000,0,12000,현미박사,과자/간식/안주,할인불가
[현미박사] 씹는 즐거움 영양가득 건강과자 3종,2021,6500,2,0,0.0,13000,0,13000,현미박사,과자/간식/안주,할인불가
"[현미박사] 간편하게 즐길 수 있는 현미 마&양배추죽,미숫가루",2021,10000,2,0,0.0,20000,0,20000,현미박사,과자/간식/안주,할인불가
[오차드] 어디든지 어울리고 편안한 어텀삭스,2021,12500,2,0,0.0,25000,0,25000,오차드,패션/잡화,할인불가
[드림하트] 100% 천연 라텍스 기능성 깔창 인솔&패드,2021,6000,2,0,0.0,12000,0,12000,드림하트,패션/잡화,할인불가
[대도] 겨울철 별미 동치미김치,2021,13000,2,0,0.0,26000,0,26000,대도,김치/젓갈,할인불가
[대도] 겨울철 별미 동치미김치,2021,23000,2,0,0.0,46000,0,46000,대도,김치/젓갈,할인불가
[대도] 겨울철 별미 동치미김치,2021,25000,2,0,0.0,50000,0,50000,대도,김치/젓갈,할인불가
[휘겔리다올리] 피토 테라피-클로렐라 CGF 앰플,2021,18000,2,0,0.0,36000,0,36000,휘겔리다올리,뷰티/다이어트,회원
러블리 리얼 100% 토끼 퍼 슬리퍼,2021,22000,2,0,0.0,44000,0,44000,Unknown,Unknown,Unknown
[현미박사] 씹는 즐거움 영양가득 건강과자 2종,2021,11000,2,0,0.0,22000,0,22000,현미박사,과자/간식/안주,할인불가
[보카스] 유아용 손톱깍기 / 손톱깍기세트,2021,12000,2,0,0.0,24000,0,24000,보카스,생활용품/차량용품/마스크,할인불가
어떤 스타일에도 찰떡 소화가능한 마틴부츠,2021,26000,2,0,0.0,52000,0,52000,Unknown,Unknown,Unknown
[가득찬푸드] 삼색옹심이꿩만두,2021,6900,2,0,0.0,13800,0,13800,가득찬푸드,밥/반찬/요리,회원
어떤 스타일에도 찰떡 소화가능한 마틴부츠,2021,26000,2,0,0.0,52000,0,52000,Unknown,Unknown,Unknown
[보카스] 성인용 손톱발톱깍기&각질제거제,2021,19800,2,0,0.0,39600,0,39600,보카스,생활용품/차량용품/마스크,할인불가
[대도] 전라도 보쌈김치,2021,10000,2,0,0.0,20000,0,20000,대도,김치/젓갈,할인불가
[현미박사] 씹는 즐거움 영양가득 건강과자 2종,2021,11000,2,0,0.0,22000,0,22000,현미박사,과자/간식/안주,할인불가
어떤 스타일에도 찰떡 소화가능한 마틴부츠,2021,26000,2,0,0.0,52000,0,52000,Unknown,Unknown,Unknown
[보카스] 유아용 손톱깍기 / 손톱깍기세트,2021,9500,2,0,0.0,19000,0,19000,보카스,생활용품/차량용품/마스크,할인불가
[오차드] 어디든지 어울리고 편안한 어텀삭스,2021,12500,2,0,0.0,25000,0,25000,오차드,패션/잡화,할인불가
어떤 스타일에도 찰떡 소화가능한 마틴부츠,2021,26000,2,0,0.0,52000,0,52000,Unknown,Unknown,Unknown
[대도] 전라도 갓김치,2021,16200,2,0,0.0,32400,0,32400,대도,김치/젓갈,할인불가
[대도] 전라도 총각김치,2021,13000,2,0,0.0,26000,0,26000,대도,김치/젓갈,할인불가
더콘가글 Q [500ml X 3병세트],2021,45000,1,1,100.0,45000,45000,0,500ml X 3병세트,Unknown,Unknown
닥터글로덤 크리스탈 바운스 젤리팩 가성비 기능성 수면팩,2021,29000,1,1,100.0,29000,29000,0,Unknown,Unknown,Unknown
프리미엄 음료 당하수 1box,2021,50000,1,1,100.0,50000,50000,0,Unknown,Unknown,Unknown
실버라이닝 웨이브 향균 페이스 타월,2021,32700,1,0,0.0,32700,0,32700,Unknown,Unknown,Unknown
국물자작 소불고기전골,2021,19000,1,0,0.0,19000,0,19000,Unknown,Unknown,Unknown
마라고추잡채와 한입가득꽃빵,2021,16000,1,0,0.0,16000,0,16000,Unknown,Unknown,Unknown
실버라이닝 웨이브 항균 핸드타월 5P,2021,32500,1,0,0.0,32500,0,32500,Unknown,Unknown,Unknown
고기듬뿍매콤 중화제육볶음면,2021,17000,1,0,0.0,17000,0,17000,Unknown,Unknown,Unknown
실버라이닝 웨이브 향균 페이스 타월,2021,32700,1,0,0.0,32700,0,32700,Unknown,Unknown,Unknown
실버라이닝 배게커버,2021,45000,1,0,0.0,45000,0,45000,Unknown,Unknown,Unknown
실버라이닝 항균 발매트,2021,95760,1,0,0.0,95760,0,95760,Unknown,Unknown,Unknown
[밥도둑푸드] 여수 수제 돌게장 16마리 내외 구성,2021,52900,1,0,0.0,52900,0,52900,밥도둑푸드,밥/반찬/요리,회원
[밥도둑푸드] 여수 가정식 열무김치 2KG,2021,18000,1,0,0.0,18000,0,18000,밥도둑푸드,밥/반찬/요리,회원
[밥도둑푸드] 여수 수제 돌게장 16마리 내외 구성,2021,57900,1,0,0.0,57900,0,57900,밥도둑푸드,밥/반찬/요리,회원
라포레 유기농 100% 순면커버 생리대 4종구성,2021,19900,1,0,0.0,19900,0,19900,Unknown,Unknown,Unknown
국내산 화개장터 재첩국,2021,95000,1,0,0.0,95000,0,95000,Unknown,Unknown,Unknown
실버라이닝 친환경 비건경추배게,2021,15000,1,0,0.0,15000,0,15000,Unknown,Unknown,Unknown
국내산 화개장터 재첩국 500g,2021,50000,1,0,0.0,50000,0,50000,Unknown,Unknown,Unknown
[가득찬푸드] 매콤 쭈꾸미만두 350G,2021,9400,1,0,0.0,9400,0,9400,가득찬푸드,밥/반찬/요리,회원
국내산 화개장터 재첩국 500g,2021,95000,1,0,0.0,95000,0,95000,Unknown,Unknown,Unknown
[에브리홈] 건강지킴 엠보싱 일회용 수세미 60매 1+1,2021,7700,1,0,0.0,7700,0,7700,에브리홈,주방잡화/용품,할인불가
[에브리홈] 건강지킴 엠보싱 일회용 수세미 60매 1+1,2021,2700,1,0,0.0,2700,0,2700,에브리홈,주방잡화/용품,할인불가
[에브리홈] 건강지킴 엠보싱 일회용 수세미 60매 1+1,2021,4900,1,0,0.0,4900,0,4900,에브리홈,주방잡화/용품,할인불가
[가득찬푸드] 잎새 꿩만두,2021,8900,1,0,0.0,8900,0,8900,가득찬푸드,밥/반찬/요리,회원
[에브리홈] 건강지킴 세우는 슬라이더 지퍼백 1+1,2021,3900,1,0,0.0,3900,0,3900,에브리홈,주방잡화/용품,할인불가
[에브리홈] 건강지킴 세우는 슬라이더 지퍼백 1+1,2021,4900,1,0,0.0,4900,0,4900,에브리홈,주방잡화/용품,할인불가
[가득찬푸드] 매콤 쭈꾸미만두 350G,2021,6900,1,0,0.0,6900,0,6900,가득찬푸드,밥/반찬/요리,회원
[에브리홈] 건강지킴 위생백 100매 1+1,2021,2900,1,0,0.0,2900,0,2900,에브리홈,주방잡화/용품,할인불가
[에브리홈] 건강지킴 안터지는 2중 지퍼백 1+1,2021,3300,1,0,0.0,3300,0,3300,에브리홈,주방잡화/용품,할인불가
[제주네이처] 프리미엄 석류즙 30포,2021,25000,1,0,0.0,25000,0,25000,제주네이처,Unknown,Unknown
[에브리홈] 건강지킴 안터지는 2중 지퍼백 1+1,2021,2700,1,0,0.0,2700,0,2700,에브리홈,주방잡화/용품,할인불가
[에브리홈] 건강지킴 엠보싱 일회용 수세미 60매 1+1,2021,2100,1,0,0.0,2100,0,2100,에브리홈,주방잡화/용품,할인불가
[NK타히보] 파우더EX 고농축 동결건조 타히보추출분말 1box[30포],2021,151300,1,0,0.0,151300,0,151300,NK타히보,건강식품,할인불가
[제주네이쳐] 배도라지하영 콜라겐 30포,2021,82500,1,0,0.0,82500,0,82500,제주네이쳐,건강식품,할인불가
셀핀다 스테이 STEI 1box[10포],2021,40000,1,0,0.0,40000,0,40000,셀핀다,건강,회원
[에브리홈] 건강지킴 엠보싱 일회용 수세미 60매 1+1,2021,7700,1,0,0.0,7700,0,7700,에브리홈,주방잡화/용품,할인불가
[미레아우드] 핸드메이드 자작나무 소파테이블,2021,130000,1,0,0.0,130000,0,130000,미레아우드,가구/인테리어,할인불가
실버라이닝 웨이브 항균 페이스 타월,2021,15000,1,0,0.0,15000,0,15000,Unknown,Unknown,Unknown
[미레아우드] 핸드메이드 자작나무 소파테이블,2021,130000,1,0,0.0,130000,0,130000,미레아우드,가구/인테리어,할인불가
[미레아우드] 핸드메이드 자작나무 소파테이블,2021,130000,1,0,0.0,130000,0,130000,미레아우드,가구/인테리어,할인불가
실버라이닝 웨이브 항균 페이스 타월,2021,15000,1,0,0.0,15000,0,15000,Unknown,Unknown,Unknown
[금강수림] 전통육개장 1kg 3인분,2021,17000,1,0,0.0,17000,0,17000,금강수림,국/탕/찌개/면,할인불가
[금강수림] 전통육개장 1kg 3인분,2021,13000,1,0,0.0,13000,0,13000,금강수림,국/탕/찌개/면,할인불가
[금강수림] 전통육개장 1kg 3인분,2021,15000,1,0,0.0,15000,0,15000,금강수림,국/탕/찌개/면,할인불가
[금강수림] 민물 새우탕 1kg 3인분,2021,14000,1,0,0.0,14000,0,14000,금강수림,국/탕/찌개/면,할인불가
[금강수림] 민물 새우탕 1kg 3인분,2021,12000,1,0,0.0,12000,0,12000,금강수림,국/탕/찌개/면,할인불가
[포스텐] 키친플라워 듀얼 인덕션 2구 전기렌지 타이머기능,2021,98000,1,0,0.0,98000,0,98000,포스텐,주방가전,할인불가
[에브리홈] 건강지킴 안터지는 2중 지퍼백 1+1,2021,3900,1,0,0.0,3900,0,3900,에브리홈,주방잡화/용품,할인불가
[금강수림] 바지락황태국 1kg 3인분,2021,15000,1,0,0.0,15000,0,15000,금강수림,국/탕/찌개/면,할인불가
[금강수림] 바지락황태국 1kg 3인분,2021,14000,1,0,0.0,14000,0,14000,금강수림,국/탕/찌개/면,할인불가
[포스텐] 루베크 멀티 전동 다지기 스텐볼세트,2021,32000,1,0,0.0,32000,0,32000,포스텐,주방가전,할인불가
[에브리홈] 건강지킴 안터지는 2중 지퍼백 1+1,2021,4900,1,0,0.0,4900,0,4900,에브리홈,주방잡화/용품,할인불가
[금강수림] 우리콩 청국장 1kg 3인분,2021,14000,1,0,0.0,14000,0,14000,금강수림,국/탕/찌개/면,할인불가
[미레아우드] 핸드메이드 자작나무 소파테이블,2021,0,1,0,0.0,0,0,0,미레아우드,가구/인테리어,할인불가
[금강수림] 우리콩 청국장 1kg 3인분,2021,17000,1,0,0.0,17000,0,17000,금강수림,국/탕/찌개/면,할인불가
[에브리홈] 건강지킴 안터지는 2중 지퍼백 1+1,2021,7700,1,0,0.0,7700,0,7700,에브리홈,주방잡화/용품,할인불가
[에브리홈] 건강지킴 안터지는 2중 지퍼백 1+1,2021,7700,1,0,0.0,7700,0,7700,에브리홈,주방잡화/용품,할인불가
[미레아우드] 핸드메이드 자작나무 소파테이블,2021,130000,1,0,0.0,130000,0,130000,미레아우드,가구/인테리어,할인불가
실버라이닝 웨이브 항균 핸드타월 5P,2021,32700,1,0,0.0,32700,0,32700,Unknown,Unknown,Unknown
[제주네이쳐] 유기농 레드비트 진액 30포,2021,25000,1,0,0.0,25000,0,25000,제주네이쳐,건강식품,할인불가
[금강수림] 한돈 고추장찌개 1kg 3인분,2021,13000,1,0,0.0,13000,0,13000,금강수림,국/탕/찌개/면,할인불가
[포스텐] 키친아트 국내산 스텐 타공 원형바구니 3종세트,2021,29000,1,0,0.0,29000,0,29000,포스텐,조리도구,할인불가
[대도] 매콤한 맛이 일품인 전라도 파김치,2021,9000,1,0,0.0,9000,0,9000,대도,김치/젓갈,할인불가
[대도] 전통방식 그대로 3번 쪄낸 수제 연잎 영양밥,2021,14400,1,0,0.0,14400,0,14400,대도,김치/젓갈,할인불가
[청벽집] 공주맛집 메기매운탕 2인분,2021,30000,1,0,0.0,30000,0,30000,청벽집,국/탕/찌개/면,할인불가
[대도] 전라도 전통식 포기김치,2021,10000,1,0,0.0,10000,0,10000,대도,김치/젓갈,할인불가
[대도] 매콤달콤한 전라도 보쌈김치,2021,12000,1,0,0.0,12000,0,12000,대도,김치/젓갈,할인불가
[대도] 전통방식 그대로 3번 쪄낸 수제 연잎 영양밥,2021,14400,1,0,0.0,14400,0,14400,대도,김치/젓갈,할인불가
[대도] 식감이 좋은 전라도 홍어김치,2021,13000,1,0,0.0,13000,0,13000,대도,김치/젓갈,할인불가
[대도] 전라도 전통식 포기김치,2021,10000,1,0,0.0,10000,0,10000,대도,김치/젓갈,할인불가
[대도] 전통방식 그대로 3번 쪄낸 수제 연잎 영양밥,2021,11000,1,0,0.0,11000,0,11000,대도,김치/젓갈,할인불가
[대도] 익을수록 맛있는 전라도 총각김치,2021,23000,1,0,0.0,23000,0,23000,대도,김치/젓갈,할인불가
[포스텐] 루베크 전기 멀티쿠커,2021,29000,1,0,0.0,29000,0,29000,포스텐,주방가전,할인불가
[대도] 시원한 전라남도식 묵은지,2021,9000,1,0,0.0,9000,0,9000,대도,김치/젓갈,할인불가
[대도] 아삭한 식감 전라도 석박지,2021,23000,1,0,0.0,23000,0,23000,대도,김치/젓갈,할인불가
[동문가채] 디어진저 프리미엄 수제 생강청,2021,29000,1,0,0.0,29000,0,29000,동문가채,음료/차,할인불가
[대도] 감칠맛이 좋은 전라도 깍두기,2021,29200,1,0,0.0,29200,0,29200,대도,김치/젓갈,할인불가
[금강수림] 한우 소고기무국 1kg 3인분,2021,15000,1,0,0.0,15000,0,15000,금강수림,국/탕/찌개/면,할인불가
[대도] 아삭한 식감 전라도 석박지,2021,25000,1,0,0.0,25000,0,25000,대도,김치/젓갈,할인불가
[대도] 국물이 깔끔한 전라도 백김치,2021,35500,1,0,0.0,35500,0,35500,대도,김치/젓갈,할인불가
[헬시아] 알로에센스정 810정 (3개월분),2021,50800,1,0,0.0,50800,0,50800,헬시아,건강식품,할인불가
[금강수림] 우리콩 청국장 1kg 3인분,2021,14000,1,0,0.0,14000,0,14000,금강수림,국/탕/찌개/면,할인불가
[대도] 매콤달콤한 전라도 보쌈김치,2021,13000,1,0,0.0,13000,0,13000,대도,김치/젓갈,할인불가
[헬시아] 아임더닥터 맥주효모 비오틴 90정 (30일분),2021,14800,1,0,0.0,14800,0,14800,헬시아,건강식품,할인불가
[대도] 매콤한 맛이 일품인 전라도 파김치,2021,17000,1,0,0.0,17000,0,17000,대도,김치/젓갈,할인불가
[대도] 국물이 깔끔한 전라도 백김치,2021,29200,1,0,0.0,29200,0,29200,대도,김치/젓갈,할인불가
[대도] 국물이 깔끔한 전라도 백김치,2021,17000,1,0,0.0,17000,0,17000,대도,김치/젓갈,할인불가
[제주네이쳐] 맛있는 유기농 여주즙 30포,2021,75500,1,0,0.0,75500,0,75500,제주네이쳐,건강식품,할인불가
[대도] 아삭하고 시원한 전라도 오이소박이,2021,12000,1,0,0.0,12000,0,12000,대도,김치/젓갈,할인불가
[대도] 아삭한 식감 전라도 석박지,2021,9000,1,0,0.0,9000,0,9000,대도,김치/젓갈,할인불가
[대도] 쌉쌀한 맛 전라도 고들빼기김치,2021,9900,1,0,0.0,9900,0,9900,대도,김치/젓갈,할인불가
[희재농원] 김천 건조표고버섯 3종,2021,95000,1,0,0.0,95000,0,95000,희재농원,농축산/과일/계란,할인불가
[대도] 식감이 좋은 전라도 홍어김치,2021,68500,1,0,0.0,68500,0,68500,대도,김치/젓갈,할인불가
[대도] 매콤달콤한 전라도 보쌈김치,2021,29500,1,0,0.0,29500,0,29500,대도,김치/젓갈,할인불가
[금강수림] 한우 소고기무국 1kg 3인분,2021,14000,1,0,0.0,14000,0,14000,금강수림,국/탕/찌개/면,할인불가
[금강수림] 인삼 장어탕 1kg 3인분,2021,14000,1,0,0.0,14000,0,14000,금강수림,국/탕/찌개/면,할인불가
[금강수림] 한우 소고기무국 1kg 3인분,2021,15000,1,0,0.0,15000,0,15000,금강수림,국/탕/찌개/면,할인불가
[대도] 매콤달콤한 전라도 보쌈김치,2021,21000,1,0,0.0,21000,0,21000,대도,김치/젓갈,할인불가
[대도] 톡 쏘는 수제 전라도 갓김치,2021,10000,1,0,0.0,10000,0,10000,대도,김치/젓갈,할인불가
[헬시아] 알로에센스정 810정 (3개월분),2021,36000,1,0,0.0,36000,0,36000,헬시아,건강식품,할인불가
[제주네이쳐] 배도라지하영 콜라겐 30포,2021,28000,1,0,0.0,28000,0,28000,제주네이쳐,건강식품,할인불가
[대도] 국물이 깔끔한 전라도 백김치,2021,38500,1,0,0.0,38500,0,38500,대도,김치/젓갈,할인불가
[대도] 식감이 좋은 전라도 홍어김치,2021,23000,1,0,0.0,23000,0,23000,대도,김치/젓갈,할인불가
실버라이닝 웨이브 항균 페이스 타월,2021,32700,1,0,0.0,32700,0,32700,Unknown,Unknown,Unknown
[대도] 식감이 좋은 전라도 홍어김치,2021,21000,1,0,0.0,21000,0,21000,대도,김치/젓갈,할인불가
[대도] 톡 쏘는 수제 전라도 갓김치,2021,9900,1,0,0.0,9900,0,9900,대도,김치/젓갈,할인불가
키누조 슈퍼소닉 헤어드라이어,2021,259000,1,0,0.0,259000,0,259000,Unknown,Unknown,Unknown
[포스텐] 키친아트 플라워 다이아몬드 코팅팬 세트 28cm,2021,27500,1,0,0.0,27500,0,27500,포스텐,주방가전,할인불가
[대도] 아삭하고 시원한 전라도 오이소박이,2021,12000,1,0,0.0,12000,0,12000,대도,김치/젓갈,할인불가
[제주네이쳐] 배도라지하영 콜라겐 30포,2021,55500,1,0,0.0,55500,0,55500,제주네이쳐,건강식품,할인불가
[대도] 매콤한 맛이 일품인 전라도 파김치,2021,21000,1,0,0.0,21000,0,21000,대도,김치/젓갈,할인불가
[바디비타] 기프트종합세트 샤워헤드+샤워필터4개 (후리지아퓨어/라벤더블라썸/스카이웨이브/노블코튼),2021,129000,1,0,0.0,129000,0,129000,바디비타,욕실/세정/위생용품,할인불가
[대도] 감칠맛이 좋은 전라도 깍두기,2021,32500,1,0,0.0,32500,0,32500,대도,김치/젓갈,할인불가
[대도] 감칠맛이 좋은 전라도 깍두기,2021,44000,1,0,0.0,44000,0,44000,대도,김치/젓갈,할인불가
[제주네이쳐] 석류하영 콜라겐 30포,2021,82500,1,0,0.0,82500,0,82500,제주네이쳐,건강,할인불가
[대도] 매콤달콤한 전라도 보쌈김치,2021,38500,1,0,0.0,38500,0,38500,대도,김치/젓갈,할인불가
[와우언더웨어] 프리미엄 남성언더웨어 2종,2021,20000,1,0,0.0,20000,0,20000,와우언더웨어,패션/잡화,할인불가
[대도] 아삭한 식감 전라도 석박지,2021,12000,1,0,0.0,12000,0,12000,대도,김치/젓갈,할인불가
[제주네이쳐] 맛있는 양배추즙 30포,2021,94500,1,0,0.0,94500,0,94500,제주네이쳐,건강,할인불가
[오성내추럴] 방금 빻은 장미빛 고춧가루,2021,15000,1,0,0.0,15000,0,15000,오성내추럴,농축산/과일/계란,할인불가
[헬시아] 아임더닥터 콜라겐정 60정 (20일분),2021,14800,1,0,0.0,14800,0,14800,헬시아,건강식품,할인불가
[대도] 톡 쏘는 수제 전라도 갓김치,2021,35500,1,0,0.0,35500,0,35500,대도,김치/젓갈,할인불가
[가득찬푸드] 슈프림 새우만두,2021,11900,1,0,0.0,11900,0,11900,가득찬푸드,밥/반찬/요리,회원
[대도] 전라도 전통식 포기김치,2021,26500,1,0,0.0,26500,0,26500,대도,김치/젓갈,할인불가
[실버라이닝] 웨이브 항균 핸드타월 5P,2021,15000,1,0,0.0,15000,0,15000,실버라이닝,생활용품/차량용품/마스크,회원
[오성내추럴] 방금 빻은 장미빛 고춧가루,2021,32000,1,0,0.0,32000,0,32000,오성내추럴,농축산/과일/계란,할인불가
[실버라이닝] 친환경 비건경추배게,2021,31700,1,0,0.0,31700,0,31700,실버라이닝,생활용품/차량용품/마스크,할인불가
[오성내추럴] 방금 빻은 장미빛 고춧가루,2021,24000,1,0,0.0,24000,0,24000,오성내추럴,농축산/과일/계란,할인불가
[에어블락] 청소기 세균&악취 해결사,2021,17800,1,0,0.0,17800,0,17800,에어블락,욕실/세정/위생용품,할인불가
[대도] 톡 쏘는 수제 전라도 갓김치,2021,25000,1,0,0.0,25000,0,25000,대도,김치/젓갈,할인불가
[금강수림] 한우 미역국 1kg 3인분,2021,15000,1,0,0.0,15000,0,15000,금강수림,국/탕/찌개/면,할인불가
[금강수림] 바지락황태국 1kg 3인분,2021,18000,1,0,0.0,18000,0,18000,금강수림,국/탕/찌개/면,할인불가
[대도] 매콤한 맛이 일품인 전라도 파김치,2021,10000,1,0,0.0,10000,0,10000,대도,김치/젓갈,할인불가
[대도] 아삭하고 시원한 전라도 오이소박이,2021,11000,1,0,0.0,11000,0,11000,대도,김치/젓갈,할인불가
[대도] 시원한 전라남도식 묵은지,2021,23000,1,0,0.0,23000,0,23000,대도,김치/젓갈,할인불가
[헬시아] 아임더닥터 콜라겐워터6000 10병 1box,2021,18800,1,0,0.0,18800,0,18800,헬시아,건강식품,할인불가
[대도] 산뜻한 부추향 수제 전라도 부추김치,2021,12000,1,0,0.0,12000,0,12000,대도,김치/젓갈,할인불가
[대도] 매콤한 맛이 일품인 전라도 파김치,2021,12000,1,0,0.0,12000,0,12000,대도,김치/젓갈,할인불가
[금강수림] 한우 미역국 1kg 3인분,2021,12000,1,0,0.0,12000,0,12000,금강수림,국/탕/찌개/면,할인불가
[대도] 톡 쏘는 수제 전라도 갓김치,2021,13000,1,0,0.0,13000,0,13000,대도,김치/젓갈,할인불가
[에브리홈] 건강지킴 안터지는 2중 지퍼백 1+1,2021,3500,1,0,0.0,3500,0,3500,에브리홈,주방잡화/용품,할인불가
[대도] 아삭한 식감 전라도 석박지,2021,11000,1,0,0.0,11000,0,11000,대도,김치/젓갈,할인불가
[에브리홈] 건강지킴 위생백 100매 1+1,2021,3500,1,0,0.0,3500,0,3500,에브리홈,주방잡화/용품,할인불가
[에브리홈] 건강지킴 위생백 100매 1+1,2021,7500,1,0,0.0,7500,0,7500,에브리홈,주방잡화/용품,할인불가
[대도] 익을수록 맛있는 전라도 총각김치,2021,29500,1,0,0.0,29500,0,29500,대도,김치/젓갈,할인불가
[에브리홈] 건강지킴 위생백 100매 1+1,2021,3300,1,0,0.0,3300,0,3300,에브리홈,주방잡화/용품,할인불가
[대도] 익을수록 맛있는 전라도 총각김치,2021,21000,1,0,0.0,21000,0,21000,대도,김치/젓갈,할인불가
[에브리홈] 건강지킴 위생백 100매 1+1,2021,2700,1,0,0.0,2700,0,2700,에브리홈,주방잡화/용품,할인불가
[에브리홈] 건강지킴 위생백 100매 1+1,2021,7500,1,0,0.0,7500,0,7500,에브리홈,주방잡화/용품,할인불가
[대도] 아삭한 식감 전라도 석박지,2021,21000,1,1,100.0,21000,21000,0,대도,김치/젓갈,할인불가
[대도] 아삭한 식감 전라도 석박지,2021,13000,1,1,100.0,13000,13000,0,대도,김치/젓갈,할인불가
[대도] 아삭한 식감 전라도 석박지,2021,10000,1,1,100.0,10000,10000,0,대도,김치/젓갈,할인불가
[포스텐] 코멕스 멀티 전동 다지기 2.0L,2021,25900,1,0,0.0,25900,0,25900,포스텐,주방가전,할인불가
[제주네이쳐] 배도라지하영 30포,2021,108500,1,0,0.0,108500,0,108500,제주네이쳐,건강식품,할인불가
[포스텐] 키친아트 사각 그릴팬 28cm,2021,16900,1,0,0.0,16900,0,16900,포스텐,냄비/팬/솥,할인불가
[대도] 향이 좋은 전라도 새깻잎김치,2021,17000,1,0,0.0,17000,0,17000,대도,김치/젓갈,할인불가
[미레아우드] 핸드메이드 자작나무 소파테이블,2021,110000,1,0,0.0,110000,0,110000,미레아우드,가구/인테리어,할인불가
[대도] 매콤아삭 전라도 양파김치,2021,12000,1,0,0.0,12000,0,12000,대도,김치/젓갈,할인불가
[대도] 매콤아삭 전라도 양파김치,2021,9900,1,0,0.0,9900,0,9900,대도,김치/젓갈,할인불가
[대도] 매콤아삭 전라도 양파김치,2021,11000,1,0,0.0,11000,0,11000,대도,김치/젓갈,할인불가
[대도] 매콤한 맛이 일품인 전라도 파김치,2021,59500,1,0,0.0,59500,0,59500,대도,김치/젓갈,할인불가
[대도] 익을수록 맛있는 전라도 총각김치,2021,23000,1,0,0.0,23000,0,23000,대도,김치/젓갈,할인불가
[대도] 매콤한 맛이 일품인 전라도 파김치,2021,74500,1,0,0.0,74500,0,74500,대도,김치/젓갈,할인불가
[대도] 아삭하고 시원한 전라도 오이소박이,2021,25000,1,0,0.0,25000,0,25000,대도,김치/젓갈,할인불가
[대도] 향이 좋은 전라도 새깻잎김치,2021,59000,1,0,0.0,59000,0,59000,대도,김치/젓갈,할인불가
[대도] 톡 쏘는 수제 전라도 갓김치,2021,29500,1,0,0.0,29500,0,29500,대도,김치/젓갈,할인불가
[대도] 매콤아삭 전라도 양파김치,2021,10000,1,0,0.0,10000,0,10000,대도,김치/젓갈,할인불가
[대도] 매콤아삭 전라도 양파김치,2021,17000,1,0,0.0,17000,0,17000,대도,김치/젓갈,할인불가
[대도] 매콤아삭 전라도 양파김치,2021,29200,1,0,0.0,29200,0,29200,대도,김치/젓갈,할인불가
[가득찬푸드] 슈프림 새우만두,2021,6900,1,0,0.0,6900,0,6900,가득찬푸드,밥/반찬/요리,회원
[에브리홈] 건강지킴 술술 벗기편한 위생장갑 50매 1+1,2021,7700,1,0,0.0,7700,0,7700,에브리홈,주방잡화/용품,할인불가
[에브리홈] 건강지킴 술술 벗기편한 위생장갑 50매 1+1,2021,1500,1,0,0.0,1500,0,1500,에브리홈,주방잡화/용품,할인불가
[토우축산] 냉장 한돈 깨끗한 암퇘지 생삼겹살,2021,20000,1,0,0.0,20000,0,20000,토우축산,Unknown,Unknown
[대도] 감칠맛이 좋은 전라도 깍두기,2021,25000,1,1,100.0,25000,25000,0,대도,김치/젓갈,할인불가
[에어블락] 청소기 세균&악취 해결사,2021,17800,1,0,0.0,17800,0,17800,에어블락,욕실/세정/위생용품,할인불가
[욕실의여왕] 한장시트세제,2021,46900,1,0,0.0,46900,0,46900,욕실의여왕,욕실/세정/위생용품,할인불가
[실버라이닝] 웨이브 항균 페이스 타월,2021,15000,1,0,0.0,15000,0,15000,실버라이닝,생활용품/차량용품/마스크,할인불가
[대도] 시원한 전라남도식 묵은지,2021,11000,1,0,0.0,11000,0,11000,대도,김치/젓갈,할인불가
[제주네이쳐] 프리미엄 석류즙 30포,2021,74000,1,0,0.0,74000,0,74000,제주네이쳐,건강식품,할인불가
[에어블락] 청소기 세균&악취 해결사,2021,25800,1,0,0.0,25800,0,25800,에어블락,욕실/세정/위생용품,할인불가
[에브리홈] 건강지킴 세우는 슬라이더 지퍼백 1+1,2021,2100,1,0,0.0,2100,0,2100,에브리홈,주방잡화/용품,할인불가
[에브리홈] 건강지킴 엠보싱 일회용 수세미 60매 1+1,2021,2900,1,0,0.0,2900,0,2900,에브리홈,주방잡화/용품,할인불가
[에브리홈] 건강지킴 세우는 슬라이더 지퍼백 1+1,2021,1500,1,0,0.0,1500,0,1500,에브리홈,주방잡화/용품,할인불가
[에어블락] 청소기 세균&악취 해결사,2021,9800,1,0,0.0,9800,0,9800,에어블락,욕실/세정/위생용품,할인불가
[대도] 익을수록 맛있는 전라도 총각김치,2021,29500,1,0,0.0,29500,0,29500,대도,김치/젓갈,할인불가
[대도] 익을수록 맛있는 전라도 총각김치,2021,41500,1,0,0.0,41500,0,41500,대도,김치/젓갈,할인불가
[에브리홈] 건강지킴 세우는 슬라이더 지퍼백 1+1,2021,1900,1,0,0.0,1900,0,1900,에브리홈,주방잡화/용품,할인불가
[미이르] 국내산 (여수) 반건조 민어,2021,59900,1,0,0.0,59900,0,59900,미이르,수산/건어물/김,할인불가
[대도] 향이 좋은 전라도 새깻잎김치,2021,20000,1,0,0.0,20000,0,20000,대도,김치/젓갈,할인불가
"[제주애과일] 키위의 명작, 제주 레드키위",2021,48000,1,0,0.0,48000,0,48000,제주애과일,농축산/과일/계란,할인불가
[대도] 향이 좋은 전라도 새깻잎김치,2021,9900,1,0,0.0,9900,0,9900,대도,김치/젓갈,할인불가
[대도] 산뜻한 맛! 전라도 얼갈이김치,2021,35500,1,0,0.0,35500,0,35500,대도,김치/젓갈,할인불가
[대도] 매콤아삭 전라도 양파김치,2021,10000,1,0,0.0,10000,0,10000,대도,김치/젓갈,할인불가
[대도] 매콤아삭 전라도 양파김치,2021,26500,1,0,0.0,26500,0,26500,대도,김치/젓갈,할인불가
[포스텐] 올케이 국내산 스텐 사각 채반 바구니 2종세트,2021,17900,1,0,0.0,17900,0,17900,포스텐,주방가전,할인불가
[대도] 매콤달콤한 전라도 보쌈김치,2021,9000,1,0,0.0,9000,0,9000,대도,김치/젓갈,할인불가
[대도] 향이 좋은 전라도 새깻잎김치,2021,11000,1,0,0.0,11000,0,11000,대도,김치/젓갈,할인불가
[대도] 시원한 전라남도식 묵은지,2021,23000,1,0,0.0,23000,0,23000,대도,김치/젓갈,할인불가
"[제주애과일] 키위의 명작, 제주 레드키위",2021,33000,1,0,0.0,33000,0,33000,제주애과일,농축산/과일/계란,할인불가
[대도] 시원한 전라남도식 묵은지,2021,114000,1,0,0.0,114000,0,114000,대도,김치/젓갈,할인불가
[대도] 매콤달콤한 전라도 보쌈김치,2021,23000,1,0,0.0,23000,0,23000,대도,김치/젓갈,할인불가
"[제주애과일] 키위의 명작, 제주 레드키위",2021,55000,1,1,100.0,55000,55000,0,제주애과일,농축산/과일/계란,할인불가
[아리올리] 이탈리아 트러플 오일 250ml,2021,19800,1,0,0.0,19800,0,19800,아리올리,잼/오일/조미/장,할인불가
[대도] 시원한 전라남도식 묵은지,2021,48500,1,0,0.0,48500,0,48500,대도,김치/젓갈,할인불가
[금강수림] 인삼 장어탕 1kg 3인분,2021,14000,1,1,100.0,14000,14000,0,금강수림,국/탕/찌개/면,할인불가
"[제주애과일] 키위의 명작, 제주 레드키위",2021,50000,1,0,0.0,50000,0,50000,제주애과일,농축산/과일/계란,할인불가
[대도] 매콤한 맛이 일품인 전라도 파김치,2021,11000,1,0,0.0,11000,0,11000,대도,김치/젓갈,할인불가
"[제주애과일] 키위의 명작, 제주 레드키위",2021,45000,1,0,0.0,45000,0,45000,제주애과일,농축산/과일/계란,할인불가
[제주네이쳐] 맛있는 유기농 여주즙 30포,2021,50500,1,0,0.0,50500,0,50500,제주네이쳐,건강식품,할인불가
[대도] 전라도 전통식 포기김치,2021,29500,1,0,0.0,29500,0,29500,대도,김치/젓갈,할인불가
[에브리홈] 건강지킴 술술 벗기편한 위생장갑 50매 1+1,2021,2900,1,0,0.0,2900,0,2900,에브리홈,주방잡화/용품,할인불가
[대도] 쌉쌀한 맛 전라도 고들빼기김치,2021,10000,1,0,0.0,10000,0,10000,대도,김치/젓갈,할인불가
[대도] 쌉쌀한 맛 전라도 고들빼기김치,2021,29200,1,0,0.0,29200,0,29200,대도,김치/젓갈,할인불가
[제주네이쳐] 프리미엄 노니주스 30포,2021,74500,1,0,0.0,74500,0,74500,제주네이쳐,건강식품,할인불가
[대도] 감칠맛이 좋은 전라도 깍두기,2021,9900,1,0,0.0,9900,0,9900,대도,김치/젓갈,할인불가
[에브리홈] 건강지킴 엠보싱 일회용 수세미 60매 1+1,2021,1500,1,0,0.0,1500,0,1500,에브리홈,주방잡화/용품,할인불가
[메디셀바이오] 나이스샷 홀인원패치 5매,2021,26000,1,0,0.0,26000,0,26000,메디셀바이오,뷰티/다이어트,할인불가
[대도] 전라도 깍두기,2021,26500,1,0,0.0,26500,0,26500,대도,김치/젓갈,할인불가
[강화도] 석모도 속노랑&꿀 고구마 10kg,2021,30000,1,0,0.0,30000,0,30000,강화도,농축산/과일/계란,할인불가
[셀핀다] 숙취해소제 스테이 STEI 1box 10포,2021,40000,1,0,0.0,40000,0,40000,셀핀다,건강,회원
[바인하우스] 전자파안심 플렉스 전기요 더블[140cmX180cm],2021,119000,1,0,0.0,119000,0,119000,바인하우스,계절가전/계절용품,회원
[대도] 전라도 양파김치,2021,11000,1,0,0.0,11000,0,11000,대도,김치/젓갈,할인불가
[대도] 전라도 보쌈김치,2021,13000,1,0,0.0,13000,0,13000,대도,김치/젓갈,할인불가
[제주바다] 감태밀면 200g x 3개(3인분) + 소스 300g 택1,2021,4000,1,0,0.0,4000,0,4000,제주바다,국/탕/찌개/면,할인불가
[대도] 전라도 오이소박이,2021,11000,1,0,0.0,11000,0,11000,대도,김치/젓갈,할인불가
[제주네이쳐] 풋귤하영 콜라겐 30포,2021,28000,1,0,0.0,28000,0,28000,제주네이쳐,건강식품,할인불가
[대도] 전라도 총각김치,2021,21000,1,0,0.0,21000,0,21000,대도,김치/젓갈,할인불가
[대도] 전라도 전통식 포기김치,2021,49000,1,0,0.0,49000,0,49000,대도,김치/젓갈,할인불가
[대도] 전라도 오이소박이,2021,10000,1,0,0.0,10000,0,10000,대도,김치/젓갈,할인불가
[대도] 전라도 오이소박이,2021,12000,1,0,0.0,12000,0,12000,대도,김치/젓갈,할인불가
[대도] 전라도 오이소박이,2021,12000,1,0,0.0,12000,0,12000,대도,김치/젓갈,할인불가
[토우축산] 한우 암소 1+ 우족+사골세트,2021,60000,1,0,0.0,60000,0,60000,토우축산,Unknown,Unknown
[대도] 전라도 보쌈김치,2021,21000,1,0,0.0,21000,0,21000,대도,김치/젓갈,할인불가
[헬시아] 아임더닥터 블랙마카 60정 (20일분),2021,12900,1,1,100.0,12900,12900,0,헬시아,건강식품,할인불가
[칼라테레비] 따뜻하고 포근한 누빔 실내 슬리퍼 2켤레,2021,8900,1,0,0.0,8900,0,8900,칼라테레비,패션/잡화,할인불가
[호 마스크] 국내산 호 프리미엄 마스크 KF94 대형 새부리형 50매,2021,12700,1,0,0.0,12700,0,12700,호 마스크,생활용품/차량용품/마스크,할인불가
[대도] 전라도 전통식 포기김치,2021,29500,1,0,0.0,29500,0,29500,대도,김치/젓갈,할인불가
[대도] 전라도 파김치,2021,12000,1,0,0.0,12000,0,12000,대도,김치/젓갈,할인불가
[유가네] 내장제거 전자렌지용 찜 보리굴비 9미,2021,76000,1,0,0.0,76000,0,76000,유가네,Unknown,Unknown
[금강수림] 한우 소고기무국 1kg 3인분,2021,13000,1,0,0.0,13000,0,13000,금강수림,국/탕/찌개/면,할인불가
[대도] 전라도 부추김치,2021,9000,1,0,0.0,9000,0,9000,대도,김치/젓갈,할인불가
[칼라테레비] 따뜻하고 포근한 누빔 실내 슬리퍼 2족 세트,2021,8900,1,0,0.0,8900,0,8900,칼라테레비,패션/잡화,할인불가
[대도] 전라도 부추김치,2021,50500,1,0,0.0,50500,0,50500,대도,김치/젓갈,할인불가
[에브리홈] 건강지킴 엠보싱 일회용 수세미 60매 1+1,2021,2700,1,0,0.0,2700,0,2700,에브리홈,주방잡화/용품,할인불가
[대도] 전라도 부추김치,2021,20000,1,0,0.0,20000,0,20000,대도,김치/젓갈,할인불가
[동원] 하루 한포 피쉬 콜라겐 치즈,2021,15500,1,0,0.0,15500,0,15500,동원,유제품/베이커리/떡,할인불가
[삼보] 생으로도 먹는 정깊은 죽염 생청국장 200g,2021,5000,1,0,0.0,5000,0,5000,삼보,잼/오일/조미/장,할인불가
[대도] 전라도 얼갈이김치,2021,9900,1,0,0.0,9900,0,9900,대도,김치/젓갈,할인불가
[제주네이쳐] 요망진 ABC 주스 30포,2021,124500,1,0,0.0,124500,0,124500,제주네이쳐,건강식품,할인불가
[미레아우드] 핸드메이드 자작나무 침대테이블,2021,110000,1,0,0.0,110000,0,110000,미레아우드,가구/인테리어,할인불가
[대도] 전라도 백김치,2021,49000,1,0,0.0,49000,0,49000,대도,김치/젓갈,할인불가
[대도] 전라도 깍두기,2021,13000,1,0,0.0,13000,0,13000,대도,김치/젓갈,할인불가
[삼보] <발명특허> 오디 죽염 청국장 200g,2021,8000,1,0,0.0,8000,0,8000,삼보,잼/오일/조미/장,할인불가
[삼보] 전북 부안 무형문화재 제 23호 죽염 3종,2021,12000,1,0,0.0,12000,0,12000,삼보,잼/오일/조미/장,할인불가
[포스텐] 키친아트 후레쉬 스테인레스 샤틴 수저세트 컬러박스,2021,31000,1,0,0.0,31000,0,31000,포스텐,수저/양식기,할인불가
[대도] 전라도 새깻잎김치,2021,13000,1,0,0.0,13000,0,13000,대도,김치/젓갈,할인불가
[대도] 전라도 보쌈김치,2021,13000,1,0,0.0,13000,0,13000,대도,김치/젓갈,할인불가
[대도] 전라도 백김치,2021,29200,1,0,0.0,29200,0,29200,대도,김치/젓갈,할인불가
[대도] 전라도 백김치,2021,29500,1,0,0.0,29500,0,29500,대도,김치/젓갈,할인불가
[포스텐] 리빙아트 한방형 스텐주전자 5L,2021,16900,1,1,100.0,16900,16900,0,포스텐,냄비/팬/솥,할인불가
[제주네이쳐] 프리미엄 석류즙 30포,2021,98500,1,0,0.0,98500,0,98500,제주네이쳐,건강식품,할인불가
[딘코] 공간창의력 사고력 발달 30만가지 해답 큐브퍼즐,2021,39600,1,0,0.0,39600,0,39600,딘코,유아동/완구/매트,할인불가
[대도] 전라도 고들빼기김치,2021,13000,1,0,0.0,13000,0,13000,대도,김치/젓갈,할인불가
[오성내추럴] 방금 빻은 장미빛 고춧가루,2021,18500,1,0,0.0,18500,0,18500,오성내추럴,농축산/과일/계란,할인불가
[대도] 전라도 보쌈김치,2021,59000,1,0,0.0,59000,0,59000,대도,김치/젓갈,할인불가
[대도] 전라도 묵은지,2021,12000,1,0,0.0,12000,0,12000,대도,김치/젓갈,할인불가
[오성내추럴] 방금 빻은 장미빛 고춧가루,2021,17000,1,0,0.0,17000,0,17000,오성내추럴,농축산/과일/계란,할인불가
국내산 화개장터 재첩국 500g,2021,95000,1,0,0.0,95000,0,95000,Unknown,Unknown,Unknown
[삼보] 생으로도 먹는 정깊은 죽염 생청국장 200g,2021,20000,1,0,0.0,20000,0,20000,삼보,잼/오일/조미/장,할인불가
[삼보] 전북 부안 무형문화재 제 23호 죽염 3종,2021,20000,1,0,0.0,20000,0,20000,삼보,잼/오일/조미/장,할인불가
[대도] 전라도 홍어김치,2021,23000,1,0,0.0,23000,0,23000,대도,김치/젓갈,할인불가
[삼보] 전북 부안 국내산 특허 바이오 죽염간장,2021,8000,1,0,0.0,8000,0,8000,삼보,잼/오일/조미/장,할인불가
[헬시아] 아임더닥터 블랙마카 60정 (20일분),2021,18800,1,0,0.0,18800,0,18800,헬시아,건강식품,할인불가
[가야] 전남 구례 라임청 500ml,2021,50000,1,0,0.0,50000,0,50000,가야,음료/차,할인불가
[오성내추럴] 방금 빻은 장미빛 고춧가루,2021,33000,1,0,0.0,33000,0,33000,오성내추럴,농축산/과일/계란,할인불가
[대도] 전라도 새깻잎김치,2021,9000,1,0,0.0,9000,0,9000,대도,김치/젓갈,할인불가
[대도] 전라도 새깻잎김치,2021,41500,1,0,0.0,41500,0,41500,대도,김치/젓갈,할인불가
[대도] 전라도 묵은지,2021,13000,1,0,0.0,13000,0,13000,대도,김치/젓갈,할인불가
[제주바다] 감태밀면 200g x 3개(3인분) + 소스 300g 택1,2021,4000,1,0,0.0,4000,0,4000,제주바다,국/탕/찌개/면,할인불가
[금강수림] 바지락황태국 1kg 3인분,2021,15000,1,0,0.0,15000,0,15000,금강수림,국/탕/찌개/면,할인불가
[대도] 전라도 백김치,2021,9900,1,0,0.0,9900,0,9900,대도,김치/젓갈,할인불가
[대도] 전라도 백김치,2021,13000,1,0,0.0,13000,0,13000,대도,김치/젓갈,할인불가
[에브리홈] 건강지킴 위생장갑 400매 1+1,2021,1500,1,0,0.0,1500,0,1500,에브리홈,주방잡화/용품,할인불가
[대도] 전라도 갓김치,2021,13000,1,0,0.0,13000,0,13000,대도,김치/젓갈,할인불가
[희재농원] 김천 건조표고버섯 3종,2021,180000,1,0,0.0,180000,0,180000,희재농원,농축산/과일/계란,할인불가
[대도] 전라도 얼갈이김치,2021,11000,1,1,100.0,11000,11000,0,대도,김치/젓갈,할인불가
[미온바이오] 닥터삼한끼 1box 30포,2021,99000,1,0,0.0,99000,0,99000,미온바이오,Unknown,Unknown
[대도] 전라도 총각김치,2021,25000,1,0,0.0,25000,0,25000,대도,김치/젓갈,할인불가
[대도] 전라도 총각김치,2021,13000,1,0,0.0,13000,0,13000,대도,김치/젓갈,할인불가
[대도] 전라도 양파김치,2021,17000,1,0,0.0,17000,0,17000,대도,김치/젓갈,할인불가
[라이프드림] 군산 흰찰쌀보리로 만든 속편한 NEW 군산짬뽕라면,2021,18000,1,0,0.0,18000,0,18000,라이프드림,국/탕/찌개/면,할인불가
[헬시아] 아임더닥터 보스웰리아 72정 (36일분),2021,22900,1,0,0.0,22900,0,22900,헬시아,건강식품,할인불가
[양만이] 불맛가득 야식 끝판왕 5종 모음,2021,12000,1,0,0.0,12000,0,12000,양만이,과자/간식/안주,할인불가
[휘겔리다올리] 리퀴드 솝 아로마 바디워시 오렌지밤 300ml,2021,16500,1,0,0.0,16500,0,16500,휘겔리다올리,뷰티/다이어트,회원
[휘겔리다올리] 프로포즈 데이지 핸드크림 50ml,2021,19800,1,0,0.0,19800,0,19800,휘겔리다올리,뷰티/다이어트,할인불가
[휘겔리다올리] 프로포즈 데이지 핸드크림 50ml,2021,28800,1,0,0.0,28800,0,28800,휘겔리다올리,뷰티/다이어트,할인불가
[휘겔리다올리] 프로포즈 데이지 핸드크림 50ml,2021,5500,1,0,0.0,5500,0,5500,휘겔리다올리,뷰티/다이어트,할인불가
[휘겔리다올리] 트리트먼트 오일 오브 로즈힙(튼살바디오일)150ml,2021,32500,1,0,0.0,32500,0,32500,휘겔리다올리,뷰티/다이어트,회원
[휘겔리다올리] 프로포즈 데이지 핸드크림 50ml,2021,16500,1,0,0.0,16500,0,16500,휘겔리다올리,뷰티/다이어트,할인불가
[대도] 전라도 갓김치,2021,25000,1,0,0.0,25000,0,25000,대도,김치/젓갈,할인불가
[제주의맛] 제주 구좌향 세척당근,2021,28800,1,0,0.0,28800,0,28800,제주의맛,수산/건어물/김,할인불가
[양만이] 불맛가득 야식 끝판왕 5종 모음,2021,18000,1,0,0.0,18000,0,18000,양만이,과자/간식/안주,할인불가
[휘겔리다올리] 논파인더스트 안티폴루션 딥톡스 클렌징오일,2021,32500,1,0,0.0,32500,0,32500,휘겔리다올리,뷰티/다이어트,회원
[휘겔리다올리] 트리트먼트 오일 오브 로즈힙(튼살바디오일)150ml,2021,35000,1,0,0.0,35000,0,35000,휘겔리다올리,뷰티/다이어트,회원
[대도] 전라도 오이소박이,2021,21000,1,0,0.0,21000,0,21000,대도,김치/젓갈,할인불가
[휘겔리다올리] 트리트먼트 오일 오브 로즈힙(튼살바디오일)150ml,2021,28800,1,0,0.0,28800,0,28800,휘겔리다올리,뷰티/다이어트,회원
[클린버블] 세탁조 클리너,2021,32800,1,0,0.0,32800,0,32800,클린버블,욕실/세정/위생용품,할인불가
[양만이] 불맛가득 야식 끝판왕 5종 모음,2021,26000,1,0,0.0,26000,0,26000,양만이,과자/간식/안주,할인불가
[양만이] 불맛가득 야식 끝판왕 불막창 외 4종 택1,2021,12000,1,0,0.0,12000,0,12000,양만이,과자/간식/안주,할인불가
[양만이] 불맛가득 야식 끝판왕 불막창 외 4종 택1,2021,15500,1,0,0.0,15500,0,15500,양만이,과자/간식/안주,할인불가
[휘겔리다올리] 프로포즈 데이지 핸드크림 50ml,2021,32500,1,0,0.0,32500,0,32500,휘겔리다올리,뷰티/다이어트,할인불가
[제주네이쳐] 요망진 ABC 주스 30포,2021,93500,1,0,0.0,93500,0,93500,제주네이쳐,건강식품,할인불가
[휘겔리다올리] 프로포즈 데이지 핸드크림 50ml,2021,35000,1,0,0.0,35000,0,35000,휘겔리다올리,뷰티/다이어트,할인불가
[양만이] 불맛가득 야식 끝판왕 불막창 외 4종 택1,2021,15500,1,0,0.0,15500,0,15500,양만이,과자/간식/안주,할인불가
[트렌톤] 국산 베이지쿡 냉장고 보관용기,2021,19900,1,0,0.0,19900,0,19900,트렌톤,주방잡화/용품,할인불가
[양만이] 불맛가득 야식 끝판왕 5종 모음,2021,26000,1,0,0.0,26000,0,26000,양만이,과자/간식/안주,할인불가
[휘겔리다올리] 리메디얼 씨벅턴 퍼스트 오일,2021,19800,1,0,0.0,19800,0,19800,휘겔리다올리,뷰티/다이어트,회원
[대도] 전라도 홍어김치,2021,32500,1,0,0.0,32500,0,32500,대도,김치/젓갈,할인불가
[대도] 전라도 보쌈김치,2021,26500,1,0,0.0,26500,0,26500,대도,김치/젓갈,할인불가
[삼보] 전북 부안 무형문화재 제 23호 죽염 3종,2021,7500,1,0,0.0,7500,0,7500,삼보,잼/오일/조미/장,할인불가
[휘겔리다올리] 닥터아로마 손세정제 150ml,2021,10000,1,0,0.0,10000,0,10000,휘겔리다올리,뷰티/다이어트,할인불가
[대도] 전라도 묵은지,2021,9000,1,0,0.0,9000,0,9000,대도,김치/젓갈,할인불가
[휘겔리다올리] 굿 슬립 필로우 미스트 100ml 향 2종 택1,2021,50000,1,0,0.0,50000,0,50000,휘겔리다올리,뷰티/다이어트,회원
[대도] 전라도 묵은지,2021,10000,1,0,0.0,10000,0,10000,대도,김치/젓갈,할인불가
[청벽집] 공주맛집 참게매운탕,2021,26900,1,0,0.0,26900,0,26900,청벽집,국/탕/찌개/면,할인불가
[에브리홈] 건강지킴 세우는 슬라이더 지퍼백 1+1,2021,3500,1,0,0.0,3500,0,3500,에브리홈,주방잡화/용품,할인불가
[에브리홈] 건강지킴 세우는 슬라이더 지퍼백 1+1,2021,2700,1,0,0.0,2700,0,2700,에브리홈,주방잡화/용품,할인불가
[실버라이닝] 웨이브 항균 페이스 타월,2021,32700,1,0,0.0,32700,0,32700,실버라이닝,생활용품/차량용품/마스크,할인불가
[밥도둑푸드] 여수 수제 돌게장 16마리 내외 구성,2021,40000,1,0,0.0,40000,0,40000,밥도둑푸드,밥/반찬/요리,회원
[가득찬푸드] 매콤 쭈꾸미만두 350g,2021,8900,1,0,0.0,8900,0,8900,가득찬푸드,밥/반찬/요리,회원
[메디셀바이오] 굿샷 홀인원패치 5매,2021,50000,1,0,0.0,50000,0,50000,메디셀바이오,뷰티/다이어트,할인불가
[대도] 전라도 총각김치,2021,11000,1,0,0.0,11000,0,11000,대도,김치/젓갈,할인불가
[대도] 전라도 총각김치,2021,20000,1,0,0.0,20000,0,20000,대도,김치/젓갈,할인불가
[대도] 전라도 총각김치,2021,10000,1,0,0.0,10000,0,10000,대도,김치/젓갈,할인불가
[대도] 전라도 보쌈김치,2021,17000,1,0,0.0,17000,0,17000,대도,김치/젓갈,할인불가
[휘겔리다올리] 리메디얼 씨벅턴 퍼스트 오일,2021,28800,1,0,0.0,28800,0,28800,휘겔리다올리,뷰티/다이어트,회원
[휘겔리다올리] 리메디얼 씨벅턴 퍼스트 오일,2021,18000,1,0,0.0,18000,0,18000,휘겔리다올리,뷰티/다이어트,회원
[휘겔리다올리] 리퀴드 솝 아로마 바디워시 오렌지밤 300ml,2021,34300,1,0,0.0,34300,0,34300,휘겔리다올리,뷰티/다이어트,회원
"[닥터하스킨] 건조에 의한 가려움증 완화 (바디워시, 로션, 크림 택1)",2021,30000,1,0,0.0,30000,0,30000,닥터하스킨,뷰티/다이어트,할인불가
[양만이] 불맛가득 야식 끝판왕 불막창 외 4종 택1,2021,18000,1,0,0.0,18000,0,18000,양만이,과자/간식/안주,할인불가
[슈블리] 몽글몽글 기분좋은 몽그리슬리퍼,2021,24000,1,0,0.0,24000,0,24000,슈블리,패션/잡화,회원
[휘겔리다올리] 트리트먼트 오일 오브 로즈힙(튼살바디오일)150ml,2021,32500,1,0,0.0,32500,0,32500,휘겔리다올리,뷰티/다이어트,회원
[휘겔리다올리] 굿 슬립 필로우 미스트 100ml 향 2종 택1,2021,35000,1,0,0.0,35000,0,35000,휘겔리다올리,뷰티/다이어트,회원
[대도] 전라도 오이소박이,2021,9000,1,0,0.0,9000,0,9000,대도,김치/젓갈,할인불가
[슈블리] 몽글몽글 기분좋은 몽그리슬리퍼,2021,24000,1,0,0.0,24000,0,24000,슈블리,패션/잡화,회원
[대도] 전라도 오이소박이,2021,13000,1,0,0.0,13000,0,13000,대도,김치/젓갈,할인불가
[슈블리] 몽글몽글 기분좋은 몽그리슬리퍼,2021,24000,1,0,0.0,24000,0,24000,슈블리,패션/잡화,회원
rnlgmd1** 고객님 개인 결제창입니다,2021,49500,1,0,0.0,49500,0,49500,Unknown,Unknown,Unknown
[제주네이쳐] 풋귤 몰랑몰랑 곤약젤리,2021,13500,1,0,0.0,13500,0,13500,제주네이쳐,뷰티/다이어트,할인불가
[슈블리] 몽글몽글 기분좋은 몽그리슬리퍼,2021,24000,1,0,0.0,24000,0,24000,슈블리,패션/잡화,회원
[슈블리] 몽글몽글 기분좋은 몽그리슬리퍼,2021,24000,1,0,0.0,24000,0,24000,슈블리,패션/잡화,회원
[에브리홈] 건강지킴 세우는 슬라이더 지퍼백 1+1,2021,7700,1,0,0.0,7700,0,7700,에브리홈,주방잡화/용품,할인불가
[허브허브] 영양쑥쑥 150g,2021,29000,1,0,0.0,29000,0,29000,허브허브,영양제,회원
[드림하트] 100% 천연 라텍스 기능성 깔창 인솔&패드,2021,15000,1,0,0.0,15000,0,15000,드림하트,패션/잡화,할인불가
[대도] 전라도 백김치,2021,29500,1,0,0.0,29500,0,29500,대도,김치/젓갈,할인불가
[휘겔리다올리] 논파인더스트 안티폴루션 딥톡스 클렌징오일,2021,35000,1,0,0.0,35000,0,35000,휘겔리다올리,뷰티/다이어트,회원
[슈블리] 몽글몽글 기분좋은 몽그리슬리퍼,2021,24000,1,0,0.0,24000,0,24000,슈블리,패션/잡화,회원
[에브리홈] 건강지킴 세우는 슬라이더 지퍼백 1+1,2021,3300,1,0,0.0,3300,0,3300,에브리홈,주방잡화/용품,할인불가
[대도] 전라도 부추김치,2021,12000,1,0,0.0,12000,0,12000,대도,김치/젓갈,할인불가
[실버라이닝] 웨이브 항균 페이스 타월,2021,15000,1,0,0.0,15000,0,15000,실버라이닝,생활용품/차량용품/마스크,할인불가
[드림하트] 100% 천연 라텍스 기능성 깔창 인솔&패드,2021,12000,1,0,0.0,12000,0,12000,드림하트,패션/잡화,할인불가
[대도] 전라도 백김치,2021,23000,1,0,0.0,23000,0,23000,대도,김치/젓갈,할인불가
[더킴] 간편하게 즐기는 프리미엄 양꼬치&양세지,2021,2000,1,0,0.0,2000,0,2000,더킴,밥/반찬/요리,회원
[휘겔리다올리] 피토 테라피-클로렐라 CGF 앰플,2021,32500,1,0,0.0,32500,0,32500,휘겔리다올리,뷰티/다이어트,회원
[현미박사] 씹는 즐거움 영양가득 건강과자 3종,2021,10000,1,0,0.0,10000,0,10000,현미박사,과자/간식/안주,할인불가
"[와우언더웨어] 프리미엄 남성언더웨어 (뱀부, 나일론, 텐셀 택1)",2021,20000,1,0,0.0,20000,0,20000,와우언더웨어,패션/잡화,할인불가
[슈블리] 몽글몽글 기분좋은 몽그리슬리퍼,2021,24000,1,0,0.0,24000,0,24000,슈블리,패션/잡화,회원
"[오차드] 벗겨지지 않는 편안함, 월클 프리미엄 덧신 10켤레",2021,25300,1,0,0.0,25300,0,25300,오차드,패션/잡화,할인불가
[슈블리] 몽글몽글 기분좋은 몽그리슬리퍼,2021,24000,1,0,0.0,24000,0,24000,슈블리,패션/잡화,회원
[오차드] 어디든지 어울리고 편안한 어텀삭스,2021,25000,1,0,0.0,25000,0,25000,오차드,패션/잡화,할인불가
[드림하트] 100% 천연 라텍스 기능성 깔창 인솔&패드,2021,20000,1,0,0.0,20000,0,20000,드림하트,패션/잡화,할인불가
[대도] 전라도 갓김치,2021,10000,1,0,0.0,10000,0,10000,대도,김치/젓갈,할인불가
[오차드] 어디든지 어울리고 편안한 어텀삭스,2021,12500,1,0,0.0,12500,0,12500,오차드,패션/잡화,할인불가
[드림하트] 100% 천연 라텍스 기능성 깔창 인솔&패드,2021,25000,1,0,0.0,25000,0,25000,드림하트,패션/잡화,할인불가
[대도] 전라도 갓김치,2021,12000,1,0,0.0,12000,0,12000,대도,김치/젓갈,할인불가
[대도] 전라도 새깻잎김치,2021,25000,1,0,0.0,25000,0,25000,대도,김치/젓갈,할인불가
[오차드] 어디든지 어울리고 편안한 어텀삭스,2021,25000,1,0,0.0,25000,0,25000,오차드,패션/잡화,할인불가
[금강수림] 민물 새우탕 1kg 3인분,2021,14000,1,0,0.0,14000,0,14000,금강수림,국/탕/찌개/면,할인불가
[슈블리] 몽글몽글 기분좋은 몽그리슬리퍼,2021,24000,1,0,0.0,24000,0,24000,슈블리,패션/잡화,회원
[삼보] 생으로도 먹는 정깊은 죽염 생청국장 200g,2021,25000,1,0,0.0,25000,0,25000,삼보,잼/오일/조미/장,할인불가
[대도] 전라도 석박지,2021,11000,1,0,0.0,11000,0,11000,대도,김치/젓갈,할인불가
[대도] 전라도 석박지,2021,13000,1,0,0.0,13000,0,13000,대도,김치/젓갈,할인불가
[오차드] 어디든지 어울리고 편안한 어텀삭스,2021,13650,1,0,0.0,13650,0,13650,오차드,패션/잡화,할인불가
[포세이온] 프리미엄 이온수 샤워기 & 샤워필터,2021,20000,1,0,0.0,20000,0,20000,포세이온,Unknown,Unknown
[드림하트] 100% 천연 라텍스 기능성 깔창 인솔&패드,2021,25000,1,0,0.0,25000,0,25000,드림하트,패션/잡화,할인불가
[대도] 전라도 보쌈김치,2021,29500,1,0,0.0,29500,0,29500,대도,김치/젓갈,할인불가
[오성내추럴] 방금 빻은 장미빛 고춧가루,2021,23000,1,0,0.0,23000,0,23000,오성내추럴,농축산/과일/계란,할인불가
"[현미박사] 간편하게 즐길 수 있는 현미 마&양배추죽,미숫가루",2021,6500,1,0,0.0,6500,0,6500,현미박사,과자/간식/안주,할인불가
[대도] 전라도 전통식 포기김치,2021,54000,1,0,0.0,54000,0,54000,대도,김치/젓갈,할인불가
[대도] 전라도 갓김치,2021,21000,1,0,0.0,21000,0,21000,대도,김치/젓갈,할인불가
[휘겔리다올리] 리퀴드 솝 아로마 바디워시 오렌지밤 300ml,2021,32500,1,0,0.0,32500,0,32500,휘겔리다올리,뷰티/다이어트,회원
[휘겔리다올리] 리퀴드 솝 아로마 바디워시 오렌지밤 300ml,2021,32500,1,0,0.0,32500,0,32500,휘겔리다올리,뷰티/다이어트,회원
[대도] 전라도 홍어김치,2021,25000,1,0,0.0,25000,0,25000,대도,김치/젓갈,할인불가
[대도] 전라도 총각김치,2021,23000,1,0,0.0,23000,0,23000,대도,김치/젓갈,할인불가
[에브리홈] 건강지킴 롤백 1+1,2021,2700,1,0,0.0,2700,0,2700,에브리홈,주방잡화/용품,할인불가
"[루고코리아] 일상 속 반려식물 보금자리, 핸드메이드 다육화분 12종 택1",2021,30100,1,0,0.0,30100,0,30100,루고코리아,가구/인테리어,할인불가
[토우축산] 냉장 한돈 깨끗한 암퇘지 생목살,2021,13000,1,0,0.0,13000,0,13000,토우축산,Unknown,Unknown
슬림하게 잘빠진 로앤골지 미들앵글부츠,2021,18800,1,0,0.0,18800,0,18800,Unknown,Unknown,Unknown
슬림하게 잘빠진 로앤골지 미들앵글부츠,2021,34000,1,0,0.0,34000,0,34000,Unknown,Unknown,Unknown
[대도] 전라도 보쌈김치,2021,29200,1,0,0.0,29200,0,29200,대도,김치/젓갈,할인불가
"[루고코리아] 일상 속 반려식물 보금자리, 핸드메이드 다육화분 12종 택1",2021,29600,1,0,0.0,29600,0,29600,루고코리아,가구/인테리어,할인불가
[슈블리] 몽글몽글 기분좋은 몽그리슬리퍼,2021,24000,1,0,0.0,24000,0,24000,슈블리,패션/잡화,회원
[토우축산] 냉장 한돈 깨끗한 암퇘지 생목살,2021,10400,1,0,0.0,10400,0,10400,토우축산,Unknown,Unknown
[슈블리] 몽글몽글 기분좋은 몽그리슬리퍼,2021,24000,1,0,0.0,24000,0,24000,슈블리,패션/잡화,회원
"[루고코리아] 일상 속 반려식물 보금자리, 핸드메이드 다육화분 12종 택1",2021,30000,1,0,0.0,30000,0,30000,루고코리아,가구/인테리어,할인불가
[에브리홈] 건강지킴 롤백 1+1,2021,3500,1,0,0.0,3500,0,3500,에브리홈,주방잡화/용품,할인불가
[슈블리] 몽글몽글 기분좋은 몽그리슬리퍼,2021,24000,1,0,0.0,24000,0,24000,슈블리,패션/잡화,회원
[실버라이닝] 항균 발매트,2021,32700,1,0,0.0,32700,0,32700,실버라이닝,생활용품/차량용품/마스크,회원
[에브리홈] 건강지킴 롤백 1+1,2021,7500,1,0,0.0,7500,0,7500,에브리홈,주방잡화/용품,할인불가
[드림하트] 100% 천연 라텍스 기능성 깔창 인솔&패드,2021,15000,1,0,0.0,15000,0,15000,드림하트,패션/잡화,할인불가
[실버라이닝] 항균 발매트,2021,23000,1,0,0.0,23000,0,23000,실버라이닝,생활용품/차량용품/마스크,회원
"[루고코리아] 일상 속 반려식물 보금자리, 핸드메이드 다육화분 12종 택1",2021,27900,1,0,0.0,27900,0,27900,루고코리아,가구/인테리어,할인불가
"[루고코리아] 일상 속 반려식물 보금자리, 핸드메이드 다육화분 12종 택1",2021,30000,1,0,0.0,30000,0,30000,루고코리아,가구/인테리어,할인불가
[오차드] 어디든지 어울리고 편안한 어텀삭스,2021,12500,1,0,0.0,12500,0,12500,오차드,패션/잡화,할인불가
[대도] 겨울철 별미 동치미김치,2021,12000,1,0,0.0,12000,0,12000,대도,김치/젓갈,할인불가
[에브리홈] 건강지킴 롤백 1+1,2021,1900,1,0,0.0,1900,0,1900,에브리홈,주방잡화/용품,할인불가
[대도] 전라도 고들빼기김치,2021,18000,1,0,0.0,18000,0,18000,대도,김치/젓갈,할인불가
러블리 리얼 100% 토끼 퍼 슬리퍼,2021,22000,1,0,0.0,22000,0,22000,Unknown,Unknown,Unknown
러블리 리얼 100% 토끼 퍼 슬리퍼,2021,22000,1,0,0.0,22000,0,22000,Unknown,Unknown,Unknown
슬림하게 잘빠진 로앤골지 미들앵글부츠,2021,34000,1,0,0.0,34000,0,34000,Unknown,Unknown,Unknown
러블리 리얼 100% 토끼 퍼 슬리퍼,2021,22000,1,0,0.0,22000,0,22000,Unknown,Unknown,Unknown
슬림하게 잘빠진 로앤골지 미들앵글부츠,2021,34000,1,0,0.0,34000,0,34000,Unknown,Unknown,Unknown
[대도] 전라도 전통식 포기김치,2021,18000,1,0,0.0,18000,0,18000,대도,김치/젓갈,할인불가
러블리 리얼 100% 토끼 퍼 슬리퍼,2021,22000,1,0,0.0,22000,0,22000,Unknown,Unknown,Unknown
러블리 리얼 100% 토끼 퍼 슬리퍼,2021,22000,1,0,0.0,22000,0,22000,Unknown,Unknown,Unknown
[대도] 전라도 석박지,2021,10000,1,0,0.0,10000,0,10000,대도,김치/젓갈,할인불가
슬림하게 잘빠진 로앤골지 미들앵글부츠,2021,34000,1,0,0.0,34000,0,34000,Unknown,Unknown,Unknown
러블리 리얼 100% 토끼 퍼 슬리퍼,2021,22000,1,0,0.0,22000,0,22000,Unknown,Unknown,Unknown
[보카스] 성인용 손톱발톱깍기&각질제거제,2021,9900,1,0,0.0,9900,0,9900,보카스,생활용품/차량용품/마스크,할인불가
슬림하게 잘빠진 로앤골지 미들앵글부츠,2021,34000,1,0,0.0,34000,0,34000,Unknown,Unknown,Unknown
슬림하게 잘빠진 로앤골지 미들앵글부츠,2021,34000,1,0,0.0,34000,0,34000,Unknown,Unknown,Unknown
어떤 스타일에도 찰떡 소화가능한 마틴부츠,2021,26000,1,1,100.0,26000,26000,0,Unknown,Unknown,Unknown
[드림하트] 100% 천연 라텍스 기능성 깔창 인솔&패드,2021,15000,1,0,0.0,15000,0,15000,드림하트,패션/잡화,할인불가
[가득찬푸드] 삼색옹심이꿩만두,2021,9400,1,0,0.0,9400,0,9400,가득찬푸드,밥/반찬/요리,회원
슬림하게 잘빠진 로앤골지 미들앵글부츠,2021,34000,1,0,0.0,34000,0,34000,Unknown,Unknown,Unknown
[대도] 겨울철 별미 동치미김치,2021,29250,1,0,0.0,29250,0,29250,대도,김치/젓갈,할인불가
[가득찬푸드] 삼색옹심이꿩만두,2021,8900,1,0,0.0,8900,0,8900,가득찬푸드,밥/반찬/요리,회원
[대도] 전라도 보쌈김치,2021,23000,1,0,0.0,23000,0,23000,대도,김치/젓갈,할인불가
귀엽고 사랑스러운 동백이 퍼 슬리퍼,2021,25000,1,0,0.0,25000,0,25000,Unknown,Unknown,Unknown
귀엽고 사랑스러운 동백이 퍼 슬리퍼,2021,25000,1,0,0.0,25000,0,25000,Unknown,Unknown,Unknown
귀엽고 사랑스러운 동백이 퍼 슬리퍼,2021,25000,1,0,0.0,25000,0,25000,Unknown,Unknown,Unknown
[드림하트] 100% 천연 라텍스 기능성 깔창 인솔&패드,2021,25000,1,0,0.0,25000,0,25000,드림하트,패션/잡화,할인불가
[대도] 전라도 총각김치,2021,9900,1,0,0.0,9900,0,9900,대도,김치/젓갈,할인불가
[대도] 전라도 보쌈김치,2021,10800,1,0,0.0,10800,0,10800,대도,김치/젓갈,할인불가
[대도] 전라도 총각김치,2021,16200,1,0,0.0,16200,0,16200,대도,김치/젓갈,할인불가
[빵굽는오남매] 41년 군산 명물 속편한 흰찰쌀보리 빵,2021,35200,1,0,0.0,35200,0,35200,빵굽는오남매,유제품/베이커리/떡,할인불가
슬림하게 잘빠진 로앤골지 미들앵글부츠,2021,34000,1,0,0.0,34000,0,34000,Unknown,Unknown,Unknown
[휘겔리다올리] 리메디얼 씨벅턴 퍼스트 오일,2021,10000,1,0,0.0,10000,0,10000,휘겔리다올리,뷰티/다이어트,회원
[대도] 전라도 총각김치,2021,26500,1,0,0.0,26500,0,26500,대도,김치/젓갈,할인불가
[대도] 전라도 총각김치,2021,10800,1,0,0.0,10800,0,10800,대도,김치/젓갈,할인불가
[대도] 전라도 갓김치,2021,20000,1,0,0.0,20000,0,20000,대도,김치/젓갈,할인불가
[방가네] 어머니의 정성과 손맛을 그대로 가마솥 국밥 5종,2022,6071,11080,167,1.5072202166064983,67268800,993500,66275300,방가네,국/탕/찌개/면,회원
[전원집감자탕] 전주 유명 전원집 시래기 감자탕,2022,25419,9007,146,1.620961474408793,228951600,3704800,225246800,전원집감자탕,국/탕/찌개/면,할인불가
[아임굿]'간'편한 기력회복 숙취해소 특허기술제조 과채음료,2022,144334,6588,177,2.686703096539162,950872100,25494100,925378000,아임굿,건강식품,회원
[밥도둑푸드] 간편한 전라도 우거지 된장 4인분 250g,2022,3500,6234,78,1.2512030798845042,21819000,273000,21546000,밥도둑푸드,국/탕/찌개/면,할인불가
[뷰리앤헬스] 백세통밀 8종 저칼로리 통곡물빵,2022,7750,4135,77,1.8621523579201933,32046000,596100,31449900,뷰리앤헬스,건강식품,할인불가
"[플래노프] 전통방식 그대로, 왕갈비탕/설렁탕/불고기",2022,6587,3590,25,0.6963788300835655,23647200,150100,23497100,플래노프,국/탕/찌개/면,할인불가
[밥도둑푸드] 특허상품 노니 순살고등어 1팩 160g 내외,2022,5000,3175,51,1.6062992125984252,15875000,255000,15620000,밥도둑푸드,수산/건어물/김,회원
[미녀마켓] 간편하게 즐기는 소(곱창/대창/막창/염통),2022,8366,3100,49,1.5806451612903227,25934900,429100,25505800,미녀마켓,밥/반찬/요리,할인불가
[대도] 전라도 전통식 포기김치,2022,25603,2998,62,2.068045363575717,76758750,1574800,75183950,대도,김치/젓갈,할인불가
[공룡떡집] 30년 전통 떡을 빚는 마을 찹쌀떡,2022,28305,2509,39,1.5544041450777202,71017300,1133500,69883800,공룡떡집,유제품/베이커리/떡,회원
[씨즐] 새콤달콤 신선한 포항 활어 물회 / 특물회,2022,15403,2404,54,2.246256239600666,37028500,966000,36062500,씨즐,수산/건어물/김,할인불가
[자연향기] 하동 녹차 명란김 24봉,2022,18000,2178,39,1.790633608815427,39204000,702000,38502000,자연향기,수산/건어물/김,회원
[밥도둑푸드] 싱싱한 전라도식 굴무침 600g,2022,47405,1749,32,1.8296169239565463,82911300,1488200,81423100,밥도둑푸드,밥/반찬/요리,회원
[불파네] 기가막힌 수제 화덕 피자 4종,2022,10581,1465,18,1.228668941979522,15500900,189200,15311700,불파네,유제품/베이커리/떡,회원
"[플래노프 X 담두만두] 뿌리깊은, 기품있는 담두온 만두 6종",2022,5330,1457,20,1.372683596431023,7765600,106800,7658800,플래노프 X 담두만두,밥/반찬/요리,할인불가
[패밀리푸드] 3대째 이어오는 숙성 대구돼지막창 500g,2022,9075,1421,16,1.1259676284306823,12896200,166300,12729900,패밀리푸드,밥/반찬/요리,할인불가
[나물캐는곰] 강원도 인제 프리미엄 황태껍질부각,2022,9500,1374,36,2.6200873362445414,13053000,342000,12711000,나물캐는곰,과자/간식/안주,할인불가
[악동푸드] 온 가족이 즐기는 3가지맛 김스낵,2022,13429,1254,7,0.5582137161084529,16840400,123100,16717300,악동푸드,Unknown,Unknown
[빵굽는오남매] 41년 군산 명물 속편한 흰찰쌀보리 빵,2022,13278,1221,39,3.194103194103194,16211940,444980,15766960,빵굽는오남매,유제품/베이커리/떡,할인불가
[호 마스크] 국내산 호 프리미엄 마스크 KF94 대형 새부리형 50매,2022,14396,1176,28,2.380952380952381,16929200,398800,16530400,호 마스크,생활용품/차량용품/마스크,할인불가
[대도] 겨울철 별미 동치미김치,2022,17338,1147,16,1.3949433304272014,19887050,294300,19592750,대도,김치/젓갈,할인불가
[금강수림] 전통육개장 1kg 3인분,2022,13787,1018,17,1.6699410609037328,14035000,234000,13801000,금강수림,국/탕/찌개/면,할인불가
[제일] 실속있고 맛있는 쫄쫄이 오징어,2022,22000,955,4,0.418848167539267,21010000,88000,20922000,제일,수산/건어물/김,회원 + 비회원
[셀핀다] 고순도 프리미엄 발효가바 100% 1500mg,2022,117273,911,41,4.500548847420418,106836150,4785150,102051000,셀핀다,건강,회원
[더킴] 간편하게 즐기는 프리미엄 양꼬치&양세지,2022,8332,875,4,0.4571428571428572,7290880,37920,7252960,더킴,밥/반찬/요리,회원
[제주수협] 살아있는 프리미엄 제주 활광어 어묵,2022,4450,811,32,3.945745992601726,3608700,137700,3471000,제주수협,밥/반찬/요리,할인불가
[밀싹베이커리] 맛있다고 소문난 유기농 밀싹 스콘 5종 택1,2022,2388,791,18,2.275600505689001,1889000,42000,1847000,밀싹베이커리,유제품/베이커리/떡,할인불가
[대도] 전라도 열무김치,2022,20921,787,36,4.5743329097839895,16464600,666700,15797900,대도,김치/젓갈,할인불가
[방떡] 대구의 명물 방촌시장 방촌떡볶이와 납작만두,2022,17138,780,11,1.4102564102564104,13368000,189000,13179000,방떡,과자/간식/안주,회원
[마켓프로즌] 에어프라이어 치즈감동 뚱까스 & 스테이크 돈까스,2022,13901,755,21,2.781456953642384,10495500,291900,10203600,마켓프로즌,밥/반찬/요리,할인불가
[휘겔리다올리] 논파인더스트 안티폴루션 딥톡스 클렌징오일,2022,27165,707,9,1.272984441301273,19205700,216100,18989600,휘겔리다올리,뷰티/다이어트,회원
"[밥도둑푸드] 봄에 먹어야 제맛, 밥도둑 양념 달래장 300g",2022,12134,698,6,0.8595988538681949,8469600,100800,8368800,밥도둑푸드,밥/반찬/요리,회원
[두리담] 100%국내산 영광 모싯잎송편 3종,2022,9900,653,22,3.3690658499234303,6464700,217800,6246900,두리담,유제품/베이커리/떡,할인불가
[밥도둑푸드] 여수 가정식 열무 물김치 2종 2kg,2022,19000,640,9,1.40625,12160000,171000,11989000,밥도둑푸드,밥/반찬/요리,회원
[무등산식당] 국내산 돼지갈비 묵은지 김치찜 1.2kg,2022,22000,637,9,1.4128728414442702,14014000,198000,13816000,무등산식당,국/탕/찌개/면,회원
"[와우언더웨어] 프리미엄 남성언더웨어 (뱀부, 나일론, 텐셀 택1)",2022,16750,635,14,2.204724409448819,10636000,216100,10419900,와우언더웨어,패션/잡화,할인불가
"[부천명장] 부천 로컬맛집 시원얼큰 명장 알탕,알동탕",2022,8900,601,2,0.3327787021630615,5348900,17800,5331100,부천명장,국/탕/찌개/면,회원
[메디올가] 쥐젖제거 만능 메디아하 크림,2022,36275,584,12,2.054794520547945,21184400,447300,20737100,메디올가,뷰티/다이어트,회원 + 비회원
[탐난닭] 100%국내산 베이크 양념 치킨 탐난닭,2022,10000,553,0,0.0,5530000,0,5530000,탐난닭,과자/간식/안주,회원
[호떡당] 황리단길 유명 호떡 2종,2022,5329,534,4,0.7490636704119851,2845600,21600,2824000,호떡당,과자/간식/안주,할인불가
"[플래노프] 전통방식 그대로 2탄, 얼큰 4종 런칭",2022,6008,528,29,5.492424242424242,3172100,164600,3007500,플래노프,국/탕/찌개/면,할인불가
[국밥명인] 소고기/수육/한우/장어 국밥 4종,2022,7900,506,6,1.185770750988142,3997400,47400,3950000,국밥명인,국/탕/찌개/면,할인불가
[마켓프로즌] 속이 꽉차고 탱글한 튀겨나온 60새우/통살60새우까스,2022,15385,495,28,5.656565656565657,7615600,435600,7180000,마켓프로즌,과자/간식/안주,할인불가
[씨즐] 깔끔하고 시원한 복지리탕 밀키트 4인분,2022,31730,491,13,2.6476578411405294,15579300,445000,15134300,씨즐,국/탕/찌개/면,회원
[엄마떡집] 無방부제 無첨가물 無색소 백설기 6종,2022,13676,472,8,1.694915254237288,6455000,109800,6345200,엄마떡집,유제품/베이커리/떡,회원
[홀인원푸드] 20년 전통 누리마을 올바른 내장탕 700g,2022,7269,470,3,0.6382978723404255,3416500,20700,3395800,홀인원푸드,국/탕/찌개/면,할인불가
[대도] 전라도 총각김치,2022,23427,465,12,2.5806451612903225,10893600,376550,10517050,대도,김치/젓갈,할인불가
[씨가드] 의사가 만든 3중구조 배게 닥터필로,2022,115411,460,18,3.91304347826087,53089000,2272000,50817000,씨가드,생활,회원
[유기방아] 유기농쌀로 만든 유기방아 떡,2022,7064,455,5,1.098901098901099,3213900,41200,3172700,유기방아,유제품/베이커리/떡,할인불가
[씨즐] 구룡포 햇 과메기 야채세트,2022,29957,454,21,4.625550660792952,13600500,587100,13013400,씨즐,수산/건어물/김,할인불가
[대도] 전라도 보쌈김치,2022,21638,452,5,1.106194690265487,9780350,119500,9660850,대도,김치/젓갈,할인불가
[밥도둑푸드] 여수 수협 중매인이 직접 고르고 손질한 민어 1팩 (30-35cm),2022,14978,449,9,2.0044543429844097,6725100,209800,6515300,밥도둑푸드,밥/반찬/요리,회원
[어반컴포트] 피로감 제로 EVA 슬리퍼 5 color,2022,6300,444,26,5.855855855855856,2797200,163800,2633400,어반컴포트,패션/잡화,할인불가
[제주의맛] 제주 남원 조생 명품감귤 S~L 혼합과,2022,32381,436,5,1.146788990825688,14118000,169000,13949000,제주의맛,수산/건어물/김,할인불가
[다모애] 기능성 탈모 테라피 골드 샴푸 헤어토닉,2022,23627,435,3,0.6896551724137931,10277800,73300,10204500,다모애,뷰티/다이어트,할인불가
[밥도둑푸드] 전라도식 양념 오징어 젓갈 500g,2022,12900,425,5,1.1764705882352942,5482500,64500,5418000,밥도둑푸드,김치/젓갈,회원
[플레이버] 국내산 자연 그대로의 단맛 수박주스&홍시스무디,2022,43793,415,5,1.2048192771084338,18174000,234000,17940000,플레이버,식품,회원
[플레이버] 찐~한 과육이 50% 대용량 수제 과일청 과일차,2022,15719,413,10,2.4213075060532687,6491800,157400,6334400,플레이버,식품,회원
"[캠핑밥상] 30년 부산명물, 한우 낙곱새",2022,17610,410,13,3.1707317073170733,7220000,225700,6994300,캠핑밥상,국/탕/찌개/면,회원
[명장F&B] 포천 이동 왕 양념구이 1kg + 1kg 선물세트,2022,39215,408,21,5.147058823529411,15999700,797900,15201800,명장F&B,농축산/과일/계란,회원 + 비회원
[제주의맛] 당도높은 타이벡 농법 남원 감귤,2022,32125,407,12,2.9484029484029484,13075000,394000,12681000,제주의맛,수산/건어물/김,할인불가
[안주의중요성] 맥주안주 미니 건어물 12종,2022,3900,389,9,2.313624678663239,1517100,35100,1482000,안주의중요성,과자/간식/안주,회원
[구선손반] 홍은찬 셰프의 제주 흑돼지 통마늘 불고기,2022,9736,388,8,2.061855670103093,3777600,79200,3698400,구선손반,밥/반찬/요리,할인불가
[다솔푸드] 불향 가득 담은 직화구이 6종,2022,7500,381,7,1.837270341207349,2857500,52500,2805000,다솔푸드,과자/간식/안주,할인불가
[용문해장국] 소뼈/무뼈 가마솥 해장국  700g 3팩,2022,29593,375,5,1.3333333333333337,11097400,140400,10957000,용문해장국,국/탕/찌개/면,회원
[밥도둑푸드] 가정식 여수 순살 꼬막장,2022,11907,364,3,0.8241758241758242,4334000,33500,4300500,밥도둑푸드,밥/반찬/요리,회원
[국내산] 호 프리미엄 마스크 비말차단 KF-AD,2022,14028,362,6,1.6574585635359116,5078000,84000,4994000,국내산,생활용품/차량용품/마스크,할인불가
"[플렉썸] 알티지 오메가3 1,202mg(30캡슐)",2022,21599,360,11,3.055555555555556,7775460,222340,7553120,플렉썸,건강식품,회원
[휘겔리다올리] 리메디얼 씨벅턴 퍼스트 오일,2022,39395,352,11,3.125,13866900,370500,13496400,휘겔리다올리,뷰티/다이어트,회원
"[파워닭] 닭의 죽음을 헛되게 하지마라, 프리미엄 닭가슴살",2022,21698,352,11,3.125,7637800,253000,7384800,파워닭,과자/간식/안주,할인불가
[엘리사] 순수 국내산 원료 엘프로스 디퓨져 실내용 200ml,2022,10319,351,13,3.7037037037037033,3622000,134000,3488000,엘리사,생활용품/차량용품/마스크,할인불가
[아이프리] 식약처 정식승인 굿필링 KF-94 마스크,2022,22592,341,5,1.466275659824047,7703900,113500,7590400,아이프리,생활용품/차량용품/마스크,회원
[사옹원] 한입 아삭김치전/땡초부추전,2022,4015,334,0,0.0,1341000,0,1341000,사옹원,밥/반찬/요리,할인불가
[뽕의도리] 소문난 뽕잎 편육,2022,15938,323,4,1.238390092879257,5148000,54000,5094000,뽕의도리,밥/반찬/요리,할인불가
[대도] 전라도 갓김치,2022,22901,320,5,1.5625,7328400,90500,7237900,대도,김치/젓갈,할인불가
[오복떡본가] 전통방식 영양찰떡 4종,2022,15745,319,3,0.9404388714733544,5022700,35000,4987700,오복떡본가,유제품/베이커리/떡,회원
[퓨어오투] 생활공간 방역 코로나 바이러스 살균 탈취 솔루션,2022,42311,317,9,2.8391167192429023,13412500,429500,12983000,퓨어오투,욕실/세정/위생용품,회원
[우리동네방앗간] 고소한 전통 재래식 압착 참기름&들기름,2022,12880,314,6,1.910828025477707,4044200,82200,3962000,우리동네방앗간,잼/오일/조미/장,할인불가
[아이프리] 유앤아이 규조토 발매트,2022,15345,310,4,1.2903225806451613,4757000,62600,4694400,아이프리,가구/인테리어,회원
[씨즐] 살이 통통한 동태가 한가득! 넉넉한 포항 동태탕,2022,21964,309,8,2.5889967637540456,6786900,176000,6610900,씨즐,국/탕/찌개/면,회원
[더킴] 부드러운 어린양 램 100% 양고기 숄더랙&LA양갈비,2022,33405,306,11,3.594771241830065,10221960,391560,9830400,더킴,밥/반찬/요리,회원
[배포장] 30년 전통 순곱이네 순대 모음,2022,11661,306,12,3.92156862745098,3568400,146500,3421900,배포장,과자/간식/안주,할인불가
[일산비빔국수] 원조 일산/김치/들깨 수제비 밀키트,2022,15850,302,5,1.6556291390728477,4786600,76000,4710600,일산비빔국수,국/탕/찌개/면,할인불가
[엔닥터스] 지리산 산양삼 추출원액 순 100% 산양삼순백 1+1,2022,600000,301,8,2.6578073089701,180600000,4800000,175800000,엔닥터스,건강,회원
[온마리] 죽은 입맛 살려내는 멸치/전어 젓갈,2022,19000,300,5,1.6666666666666667,5700000,95000,5605000,온마리,김치/젓갈,회원
[황금콩밭] 아현동 미슐랭맛집 황금콩밭 국산 콩비지탕 500g,2022,9087,295,0,0.0,2680600,0,2680600,황금콩밭,국/탕/찌개/면,할인불가
[굿팜] 담백한 1등급 무항생제 구운계란,2022,23737,289,6,2.0761245674740483,6860000,143600,6716400,굿팜,농축산/과일/계란,회원 + 비회원
[밥도둑푸드] 여수 국내산 알배기 암꽃게장 3미,2022,41100,283,3,1.060070671378092,11631300,123300,11508000,밥도둑푸드,밥/반찬/요리,회원
[생귤탱귤] 천리를 가는 향기를 담은 제주 햇 천혜향,2022,47612,281,42,14.94661921708185,13379000,2300000,11079000,생귤탱귤,Unknown,Unknown
[밥도둑푸드] 여수맛집 딱새우 된장찌개 2-3인분,2022,7700,278,1,0.3597122302158274,2140600,7700,2132900,밥도둑푸드,국/탕/찌개/면,회원
[샤인룩] 최고급 프리미엄 극세사 김서림방지 안경닦이,2022,14652,276,4,1.4492753623188406,4044000,72000,3972000,샤인룩,생활용품/차량용품/마스크,할인불가
[밥도둑푸드] 전라도식 양념갈치젓갈 500g,2022,9900,274,6,2.18978102189781,2712600,59400,2653200,밥도둑푸드,김치/젓갈,할인불가
[진가] 진생용셰프의 특급 유니짜장,2022,10677,263,2,0.7604562737642585,2808000,20300,2787700,진가,밥/반찬/요리,회원
[플렉썸] 루테인 500mg(60캡슐),2022,27637,262,0,0.0,7240920,0,7240920,플렉썸,건강식품,회원
[씨즐] 신선한 해물가득 포항 씨즐 해물탕,2022,28013,258,5,1.937984496124031,7227300,120800,7106500,씨즐,국/탕/찌개/면,회원
[대도] 전라도 석박지,2022,18483,254,2,0.7874015748031495,4694750,20000,4674750,대도,김치/젓갈,할인불가
[후룻앤고] 부드러운 건망고 80g,2022,3900,254,0,0.0,990600,0,990600,후룻앤고,과자/간식/안주,회원
[씨즐] 매콤 마약쭈꾸미 볶음과 알밥 밀키트,2022,21348,252,6,2.380952380952381,5379700,92700,5287000,씨즐,밥/반찬/요리,할인불가
[참cham] 간장 계란밥용 뿜뿜 소스 185g,2022,5694,248,5,2.0161290322580645,1412000,17500,1394500,참cham,잼/오일/조미/장,회원
[밥도둑푸드] 국내산 새우로 만든 깐 새우장 300g,2022,15000,247,8,3.238866396761133,3705000,120000,3585000,밥도둑푸드,밥/반찬/요리,회원
[앙쥬] 프로페셔날 노니 솔루션 헤어 샴푸 750ml,2022,108312,247,2,0.8097165991902834,26753000,238000,26515000,앙쥬,욕실/세정/위생용품,회원
[칼라테레비] 와이드 무지&꼬임 헤어밴드,2022,1900,247,3,1.214574898785425,469300,5700,463600,칼라테레비,패션/잡화,할인불가
[안동인] 안동에서 온 황금 레시피 안동찜닭,2022,22412,245,3,1.2244897959183674,5491000,69000,5422000,안동인,밥/반찬/요리,할인불가
[피톤치드] 프리미엄 천연 탈취제 피톤치드 수,2022,15059,236,2,0.847457627118644,3554000,16000,3538000,피톤치드,욕실/세정/위생용품,할인불가
[생귤탱귤] 청정지역 제주 서귀포 레드향,2022,53650,234,19,8.11965811965812,12554200,927100,11627100,생귤탱귤,Unknown,Unknown
[마켓프로즌] 국산 말쥐치로 만든 정미향 삼천포 쥐치포 200g,2022,25474,234,8,3.418803418803419,5961000,208000,5753000,마켓프로즌,과자/간식/안주,할인불가
[셀핀다] 4+1 고순도 프리미엄 발효가바 100% 1500mg (가바꿀O 증정EVENT),2022,345000,233,8,3.433476394849785,80385000,2760000,77625000,셀핀다,건강,회원
[아라통상] 동해안 울진 자숙 홍게,2022,51135,231,13,5.627705627705628,11812200,787500,11024700,아라통상,수산/건어물/김,할인불가
[밥도둑푸드] 전라도 가정식 파김치 1kg,2022,20000,228,5,2.1929824561403506,4560000,100000,4460000,밥도둑푸드,김치/젓갈,회원
[토네이도] 모기와의 종전 꿀잠 모기퇴치기 1+1,2022,25900,224,22,9.821428571428571,5801600,569800,5231800,토네이도,계절가전/계절용품,회원
[밥도둑푸드] 통영 양념 멍게젓갈 500g,2022,18111,213,4,1.8779342723004693,3857600,72000,3785600,밥도둑푸드,김치/젓갈,할인불가
[쉬젤] 웰빙쿠커 인덕션 겸용 스테인리스 찜기,2022,77436,211,6,2.843601895734597,16339000,484000,15855000,쉬젤,냄비/팬/솥,할인불가
"[하우스원푸드] 달달한 9가지 맛, 한입 미니 붕어빵 500g 1봉지",2022,8633,211,4,1.895734597156398,1821600,34000,1787600,하우스원푸드,과자/간식/안주,회원
[로뎀푸드] 구수한 쌀떡의 변신 호떡마리 5종 세트,2022,12875,209,2,0.9569377990430622,2690800,26400,2664400,로뎀푸드,과자/간식/안주,회원 + 비회원
[산들푸드] 가성비 최고 용궁 떡볶이 6종,2022,4835,206,6,2.912621359223301,996080,22460,973620,산들푸드,Unknown,Unknown
[대도] 전라도 파김치,2022,26277,205,9,4.390243902439024,5386800,219500,5167300,대도,김치/젓갈,할인불가
[골드축산] 블랙앵거스 등급 최상급 수제양념 LA갈비 1.2kg,2022,44900,205,6,2.9268292682926838,9204500,269400,8935100,골드축산,밥/반찬/요리,회원
[직지방앗간] 쌀과 막걸리로 만든 직지방울떡&판기지떡,2022,19717,205,2,0.975609756097561,4042000,38000,4004000,직지방앗간,유제품/베이커리/떡,회원
"[생잎제약] 천연성분 미백 인생치약, 오드알래스카 1955치약",2022,42106,203,2,0.9852216748768472,8547600,80400,8467200,생잎제약,욕실/세정/위생용품,회원
[삼광] 찐한 콩을 그대로 담은 진짜 찐두유,2022,35791,203,2,0.9852216748768472,7265630,28000,7237630,삼광,음료/차,할인불가
[대도] 전라도 묵은지,2022,25467,199,6,3.015075376884422,5067900,191000,4876900,대도,김치/젓갈,할인불가
[정진푸드] 건어물 마른안주 8종 모음전,2022,6136,199,0,0.0,1221100,0,1221100,정진푸드,과자/간식/안주,할인불가
[셀핀다] 4+1 고순도 프리미엄 발효가바 100% 750mg,2022,195000,191,4,2.094240837696335,37245000,780000,36465000,셀핀다,건강,회원
[하얀] 마법같은 때밀이! 요술때장갑 싹싹이 1+1,2022,7900,191,0,0.0,1508900,0,1508900,하얀,욕실/세정/위생용품,할인불가
[아이리스] 알레 오드퍼퓸 롤온 향수 7종,2022,3900,190,0,0.0,741000,0,741000,아이리스,뷰티/다이어트,할인불가
[비브르] UV살균 팬건조 칫솔살균기 VTS500,2022,53000,190,9,4.736842105263158,10070000,477000,9593000,비브르,욕실/세정/위생용품,회원
[바로그-식품] 청정 호주산 소고기로 만든 언양식 바싹불고기,2022,27130,190,2,1.0526315789473684,5154700,31800,5122900,바로그-식품,농축산/과일/계란,회원
[밥도둑푸드] 전라도식 양념 낙지젓갈 500g,2022,26000,189,2,1.058201058201058,4914000,52000,4862000,밥도둑푸드,김치/젓갈,회원
[다해농수산] 프리미엄 완도 두번 구운 곱창김 5봉 (50매),2022,14900,189,2,1.058201058201058,2816100,29800,2786300,다해농수산,수산/건어물/김,할인불가
[링크페어] 스테인레스 칼 세트 8종,2022,119000,189,4,2.1164021164021163,22491000,476000,22015000,링크페어,조리도구,회원
[요리명인] 오븐에 구워 담백한 담양식 수제떡갈비,2022,10285,185,10,5.405405405405405,1902800,100000,1802800,요리명인,밥/반찬/요리,할인불가
[제주의맛] 제주 돗멘(흑돼지라면) & 딱멘(딱새우라면),2022,24457,184,1,0.5434782608695652,4500000,19500,4480500,제주의맛,수산/건어물/김,할인불가
[밥도둑푸드] 땡초비빔된장 500g,2022,9500,182,6,3.296703296703297,1729000,57000,1672000,밥도둑푸드,밥/반찬/요리,할인불가
[에드워드권] 셰프의 닭발 오돌뼈 야식 5종 골라담기,2022,7896,182,4,2.197802197802198,1437000,30800,1406200,에드워드권,과자/간식/안주,할인불가
[라이프드림] 군산 흰찰쌀보리로 만든 속편한 NEW 군산짬뽕라면,2022,19785,175,4,2.2857142857142856,3462400,80800,3381600,라이프드림,국/탕/찌개/면,할인불가
[오늘은효소] 소화를 넘어 배변활동 케어까지 한국인을 위한 맞춤효소,2022,87733,174,4,2.2988505747126435,15265500,256000,15009500,오늘은효소,건강식품,회원
[THE팔당] 맛있게 매콤한 오징어볶음 350g*2팩,2022,21000,173,2,1.1560693641618496,3633000,42000,3591000,THE팔당,밥/반찬/요리,회원
[메디미플러스] 해충박멸 30년 전통 신기패,2022,9900,172,0,0.0,1702800,0,1702800,메디미플러스,생활용품/차량용품/마스크,할인불가
[판판] 감자칩의 정석 판판 포테이토칩 4종,2022,11852,172,8,4.651162790697675,2038500,81000,1957500,판판,과자/간식/안주,할인불가
[링크페어] 316스텐 위생 도마,2022,39800,168,0,0.0,6686400,0,6686400,링크페어,조리도구,회원
[칼라테레비] 얇은 기모 후드 트레이닝복 세트 1+1,2022,39900,167,7,4.191616766467066,6663300,279300,6384000,칼라테레비,패션/잡화,할인불가
[아시아출판] 인간 이재명,2022,16500,166,2,1.2048192771084338,2739000,33000,2706000,아시아출판,도서,회원
[영호수산] 목포산지 직송 국산&흑산도 홍어,2022,44395,166,2,1.2048192771084338,7369500,94300,7275200,영호수산,수산/건어물/김,회원
[진가] 진생용셰프의 품격있는 대게 류산슬,2022,17422,166,5,3.0120481927710845,2892100,87000,2805100,진가,밥/반찬/요리,회원
[오늘13:07] 정성 가득 수제 파운드케이크 7종 / 르뱅쿠키 2종,2022,17896,164,3,1.829268292682927,2935000,78900,2856100,오늘13:07,유제품/베이커리/떡,할인불가
[씨즐] 포항로컬 맛집 오삼불고기 밀키트(3~4인분),2022,25570,162,3,1.851851851851852,4142400,87000,4055400,씨즐,밥/반찬/요리,회원
[대도] 전라도 새깻잎김치,2022,21617,161,5,3.1055900621118013,3480300,102200,3378100,대도,김치/젓갈,할인불가
[오늘도맛있게] 100% 국내산 농산물로 만든 열무김치 2kg,2022,25745,161,5,3.1055900621118013,4145000,131000,4014000,오늘도맛있게,김치/젓갈,회원
[사천왕] 사천식 마라(탕/훠궈/샹궈) 컵라면 3종 택1,2022,9241,160,6,3.75,1478600,53400,1425200,사천왕,국/탕/찌개/면,회원
[현미박사] 고유의 맛을 그대로 담은 건강차 3종 택1,2022,5648,159,3,1.8867924528301887,898000,19000,879000,현미박사,음료/차,할인불가
[무등산식당] 수제 양념 꽃갈비 LA갈비 800g,2022,28743,159,2,1.257861635220126,4570200,49800,4520400,무등산식당,밥/반찬/요리,할인불가
[김태영] 푸짐한 옛날 전통 원조 부산어묵,2022,13900,158,0,0.0,2196200,0,2196200,김태영,밥/반찬/요리,회원
[피자디나] 쫀득한 나폴리 화덕 피자 4종 택1,2022,12406,158,2,1.2658227848101269,1960200,25800,1934400,피자디나,과자/간식/안주,할인불가
[우리두리식혜] 우리쌀로 만든 수제 식혜 2종,2022,17687,156,0,0.0,2759200,0,2759200,우리두리식혜,음료/차,할인불가
[라인에비히] 당케FGF 회복크림 50ml,2022,45000,155,2,1.2903225806451613,6975000,90000,6885000,라인에비히,뷰티/다이어트,회원
[나물캐는곰] 강원도 인제 바삭 고소한 감자/김/고추 부각,2022,9500,153,0,0.0,1453500,0,1453500,나물캐는곰,과자/간식/안주,할인불가
[건강한하루] 고소한 국내산 검은콩 서리태가루,2022,12900,153,3,1.96078431372549,1973700,38700,1935000,건강한하루,건강식품,할인불가
[금강수림] 우리콩 청국장 1kg 3인분,2022,16854,151,0,0.0,2545000,0,2545000,금강수림,국/탕/찌개/면,할인불가
[산들해] 해남 황금 호박꿀고구마,2022,22876,150,6,4.0,3431400,131500,3299900,산들해,농축산/과일/계란,할인불가
"[플렉썸] 글루코사민 1,670mg(60캡슐)",2022,21972,148,2,1.351351351351351,3251880,48160,3203720,플렉썸,건강식품,회원
[황후의찬] 맛있는 저칼로리 곤약 쫀드기,2022,34092,146,1,0.684931506849315,4977400,25900,4951500,황후의찬,과자/간식/안주,회원
[밥도둑푸드] 여수맛집 돌게 된장찌개 2통,2022,15000,145,4,2.7586206896551726,2175000,60000,2115000,밥도둑푸드,국/탕/찌개/면,회원
[뉴트리커먼] 전립쎈 쏘팔메토 옥타코사놀 5종 기능성,2022,34900,144,1,0.6944444444444444,5025600,34900,4990700,뉴트리커먼,건강식품,회원 + 비회원
[착한한끼] 부산의 명물 수제 유부주머니,2022,8444,143,5,3.4965034965034967,1207500,42500,1165000,착한한끼,국/탕/찌개/면,할인불가
[밥도둑푸드] 손질된 간편 여수 돌게장,2022,13247,142,2,1.4084507042253522,1881100,23600,1857500,밥도둑푸드,밥/반찬/요리,할인불가
[욕실의여왕] 탈취제 3종세트,2022,17800,142,3,2.112676056338028,2527600,53400,2474200,욕실의여왕,욕실/세정/위생용품,할인불가
[다온] 100%국내산 쌀로 만든 명품송편 2종,2022,13006,142,7,4.929577464788732,1846800,106300,1740500,다온,유제품/베이커리/떡,할인불가
[가지산돼지국밥] 진하고 깔끔한 가지산 돼지국밥,2022,22635,141,6,4.25531914893617,3191500,94000,3097500,가지산돼지국밥,국/탕/찌개/면,할인불가
[굿팜] 1등급 무항생제 동물복지 계란,2022,17570,140,2,1.4285714285714286,2459800,35400,2424400,굿팜,농축산/과일/계란,회원 + 비회원
[바베큐아저씨] 프리미엄 어포튀김 빠삭이의반란 100g,2022,3300,140,0,0.0,462000,0,462000,바베큐아저씨,과자/간식/안주,할인불가
[쩡이네] 최상급 한돈 눈꽃 삼겹살,2022,21945,138,1,0.7246376811594203,3028400,26000,3002400,쩡이네,농축산/과일/계란,회원
[대카롱] 건강 영양식 호두 품은 대추,2022,33710,137,1,0.7299270072992701,4618300,65900,4552400,대카롱,농축산/과일/계란,회원
[제주의맛] 육즙가득 프리미엄 제주 흑돼지,2022,24184,136,2,1.4705882352941175,3289000,26300,3262700,제주의맛,농축산/과일/계란,할인불가
[신키네도] 수제 슈퍼스타 롤케이크 5종,2022,14587,136,0,0.0,1983800,0,1983800,신키네도,유제품/베이커리/떡,할인불가
[보카스] 성인용 손톱발톱깍기&각질제거제 [구성선택],2022,21368,134,14,10.44776119402985,2863300,274000,2589300,보카스,생활용품/차량용품/마스크,할인불가
"[생귤탱귤] 봄의 여왕, 제주 카라향",2022,54000,134,0,0.0,7236000,0,7236000,생귤탱귤,Unknown,Unknown
[어마농] 어쩌다 마주친 꼭지 딴 대추방울토마토,2022,23308,133,3,2.255639097744361,3100000,77000,3023000,어마농,농축산/과일/계란,할인불가
"[오랄비] 구강케어 치실, 전동칫솔, 교정용칫솔 모음전",2022,8914,133,0,0.0,1185600,0,1185600,오랄비,욕실/세정/위생용품,할인불가
[1004] 유기농 인증 프리미엄 천사미 신안 유기농쌀 10KG,2022,36900,133,4,3.007518796992481,4907700,147600,4760100,1004,농축산/과일/계란,할인불가
[에브리홈] 건강지킴 안터지는 2중 지퍼백 1+1,2022,2967,132,0,0.0,391600,0,391600,에브리홈,주방잡화/용품,할인불가
[단슐랭] 리얼 국내산 닭가슴로 만든 꼭꼬칩 6종,2022,15000,132,8,6.0606060606060606,1980000,120000,1860000,단슐랭,과자/간식/안주,회원 + 비회원
[K-HOT팩] 친환경 아사히카사히 핫팩,2022,6534,129,1,0.7751937984496124,842900,7100,835800,K-HOT팩,계절가전/계절용품,회원
[대도] 전라도 백김치,2022,19644,128,10,7.8125,2514400,330700,2183700,대도,김치/젓갈,할인불가
[강대박] 사장님이 직접 구운 참나무 초벌삼겹살,2022,63600,127,7,5.511811023622047,8077200,445200,7632000,강대박,농축산/과일/계란,회원
[오버랩] 독보적인 존재감 액티베이트S 운동화,2022,139000,125,8,6.4,17375000,1112000,16263000,오버랩,패션/잡화,회원
[라인에비히] 콜라겐 진정 시카톡 크림미스트 100ml,2022,49000,124,0,0.0,6076000,0,6076000,라인에비히,뷰티/다이어트,회원
[오마이풋] 30초면 관리 끝! 발 각질제거 롤세럼,2022,19637,124,0,0.0,2435000,0,2435000,오마이풋,뷰티/다이어트,회원 + 비회원
[에브리홈] 건강지킴 위생백 100매 1+1,2022,3207,123,3,2.4390243902439024,394500,7100,387400,에브리홈,주방잡화/용품,할인불가
[요리반상회] 한돈 산더미 불고기 간장/고추장 400g,2022,17742,123,0,0.0,2182300,0,2182300,요리반상회,밥/반찬/요리,할인불가
[데생] 페이스부터 바디까지 데생 착한 멀티밤,2022,34941,123,4,3.252032520325204,4297700,140800,4156900,데생,뷰티/다이어트,할인불가
[나이젠] 피부 속부터 차오르는 특허받은 콜라겐 1+1,2022,55000,123,0,0.0,6765000,0,6765000,나이젠,건강식품,회원
[바베큐아저씨] 양념벌집 돼지껍데기 200g,2022,3459,123,0,0.0,425400,0,425400,바베큐아저씨,밥/반찬/요리,할인불가
[핫이슈]맛집 레시피 그대로 연육함량 88% 한끼 어묵탕,2022,6177,122,10,8.19672131147541,753600,59000,694600,핫이슈,국/탕/찌개/면,회원
[배들어오는날] 동해 산지직송 자숙 홍게찜,2022,39900,122,1,0.819672131147541,4867800,39900,4827900,배들어오는날,수산/건어물/김,할인불가
편안함과 디자인을 동시에 잡은 콜린어글리슈즈,2022,26000,121,5,4.132231404958678,3146000,130000,3016000,Unknown,Unknown,Unknown
[비오씨이래] 초간단 탈수 노터치 사방 청소기,2022,17461,121,2,1.6528925619834711,2112800,33700,2079100,비오씨이래,욕실/세정/위생용품,회원
[셀핀다] 고순도 프리미엄 발효가바 100% 750mg,2022,39000,120,0,0.0,4680000,0,4680000,셀핀다,건강,회원
[헬시아] 아임더닥터 맥주효모 비오틴 90정 (30일분),2022,13758,120,0,0.0,1650900,0,1650900,헬시아,건강식품,할인불가
[깔끔대장] 만능 고무장갑 안전하손 (S/M/L),2022,15408,120,0,0.0,1849000,0,1849000,깔끔대장,주방잡화/용품,회원
[일산비빔국수] 원조 비빔국수/코다리 비빔국수/냉모밀 밀키트,2022,15538,119,1,0.8403361344537815,1849000,18000,1831000,일산비빔국수,국/탕/찌개/면,할인불가
[살림을부탁해] 액체세탁세제&섬유유연제,2022,31600,118,3,2.5423728813559325,3728800,94800,3634000,살림을부탁해,욕실/세정/위생용품,회원
[강고집] 100% 국내산 닭다리로 만든 냉장 닭갈비 1kg,2022,19800,117,4,3.418803418803419,2316600,79200,2237400,강고집,밥/반찬/요리,할인불가
[청담] 식용유처럼 사용 가능한 들깨요리유 500ml,2022,30697,117,1,0.8547008547008548,3591500,20000,3571500,청담,잼/오일/조미/장,회원
[플렉썸] 프로바이오틱스 500mg(60캡슐),2022,28007,117,10,8.547008547008547,3276840,281240,2995600,플렉썸,건강식품,회원
[배들어오는날] 제철시즌 한정 동해바다 활 홍게,2022,40000,116,6,5.172413793103448,4640000,240000,4400000,배들어오는날,수산/건어물/김,회원
[한봄식품] 구워먹는 쌀 가래떡&치즈 가래떡,2022,29395,116,4,3.4482758620689653,3409800,115200,3294600,한봄식품,유제품/베이커리/떡,회원
[하이본헤어] 탈모완화 새치샴푸 400ml,2022,25500,115,8,6.956521739130435,2932500,204000,2728500,하이본헤어,욕실/세정/위생용품,할인불가
[로얄식당] 보들보들 경양카츠 돈카츠 650g,2022,13926,115,2,1.7391304347826086,1601500,29800,1571700,로얄식당,밥/반찬/요리,할인불가
[쪽쪽박사] 속편하게 쪽! 짜먹는 간편 죽 3종,2022,24482,114,0,0.0,2791000,0,2791000,쪽쪽박사,Unknown,Unknown
[조선명가 서서갈비] 초이스 등급 프리미엄 소불고기,2022,41904,113,6,5.3097345132743365,4735100,235200,4499900,조선명가 서서갈비,밥/반찬/요리,회원
[억만장자] 속초명물 중앙시장 원조 특제 강정 3종,2022,19500,111,10,9.00900900900901,2164500,195000,1969500,억만장자,밥/반찬/요리,할인불가
[GNC] 청소의 제왕 만능 실리콘 끌개 빗자루 호빗,2022,20000,111,3,2.702702702702702,2220000,60000,2160000,GNC,욕실/세정/위생용품,회원
[이금선명인] 강원도 프리미엄 젓갈 7종,2022,25234,111,1,0.9009009009009008,2801000,25000,2776000,이금선명인,김치/젓갈,회원
[스타스위트] 천연설탕에 몸을 맡기다. 스테비아 방울토마토,2022,21218,110,7,6.363636363636363,2334000,141300,2192700,스타스위트,농축산/과일/계란,할인불가
[아이프리] 시어서커 여름 홑이불/베개/패드 세트 모음전,2022,60996,109,2,1.834862385321101,6648600,137600,6511000,아이프리,계절가전/계절용품,회원
[새벽집] 강남 명가 무뼈 갈비탕&쇠고기얼큰국밥 세트,2022,48979,109,5,4.587155963302752,5338700,224300,5114400,새벽집,국/탕/찌개/면,할인불가
[휘겔리다올리] 피토 테라피-클로렐라 CGF 앰플,2022,33168,108,2,1.851851851851852,3582100,70000,3512100,휘겔리다올리,뷰티/다이어트,회원
[안동] 포슬포슬하고 고소한 산지 직송 햇감자 5kg,2022,21900,108,6,5.555555555555555,2365200,131400,2233800,안동,농축산/과일/계란,할인불가
[쩡이네] 최상급 한돈 눈꽃 목살,2022,20234,107,7,6.5420560747663545,2165000,147000,2018000,쩡이네,농축산/과일/계란,회원
[현미박사] 100% 국내산현미 구수한 수제 현미누룽지 (대) 480g,2022,9681,105,1,0.9523809523809524,1016500,10000,1006500,현미박사,밥/반찬/요리,할인불가
[맘에쏙치킨] 닭가슴살로 만든 전기구이 꼬꼬징어,2022,28383,105,1,0.9523809523809524,2980200,25000,2955200,맘에쏙치킨,과자/간식/안주,회원
[빙고씨푸드] 국내산 얼큰 꽃게탕 밀키트 1kg,2022,28900,105,1,0.9523809523809524,3034500,28900,3005600,빙고씨푸드,국/탕/찌개/면,회원
[해남] 속알찬 친환경 국산 절임배추 20kg,2022,49800,105,13,12.38095238095238,5229000,647400,4581600,해남,농축산/과일/계란,할인불가
[사옹원] 고소한 매콤 오징어/고추 튀김,2022,6157,105,0,0.0,646500,0,646500,사옹원,밥/반찬/요리,할인불가
[하우스원푸드] 한번 빠지면 헤어 나올 수 없는 찰도그 감쏘 1+1,2022,25800,103,9,8.737864077669903,2657400,232200,2425200,하우스원푸드,과자/간식/안주,회원
[빼미떡볶이] 국산재료로 만든 빼미 떡볶이,2022,8876,103,0,0.0,914200,0,914200,빼미떡볶이,밥/반찬/요리,할인불가
[아이프리] PTC 저소음 미니온풍기,2022,71353,102,6,5.88235294117647,7278000,424000,6854000,아이프리,계절가전/계절용품,회원
[산삼진99] 하루 한병의 기적 야생 산양삼 추출액 99% 1+1,2022,600000,101,2,1.98019801980198,60600000,1200000,59400000,산삼진99,건강식품,회원
[잇타임] 꾸덕꾸덕한 그릭요거트와 그래놀라 치아바타 브런치,2022,12516,100,5,5.0,1251600,41500,1210100,잇타임,유제품/베이커리/떡,할인불가
[일상공감] 스마트링  만능 폰 거치대 간편하링,2022,28648,99,5,5.05050505050505,2836200,143000,2693200,일상공감,생활용품/차량용품/마스크,회원
[현미박사] 기름없이 열풍으로 볶은 국내산 건강 시리얼,2022,6918,98,0,0.0,678000,0,678000,현미박사,건강식품,할인불가
[산들해] 목포 산지직송 반건조 민어,2022,39900,98,3,3.061224489795918,3910200,119700,3790500,산들해,수산/건어물/김,할인불가
[진가] 진생용셰프의 전통 사천요리 마파두부/마라두부,2022,11753,98,0,0.0,1151800,0,1151800,진가,밥/반찬/요리,회원
[제스프리] 뉴질랜드 프리미엄 골든키위 대과,2022,41423,97,3,3.0927835051546397,4018000,113700,3904300,제스프리,농축산/과일/계란,할인불가
[대도] 전라도 오이소박이,2022,19613,95,2,2.1052631578947367,1863200,29900,1833300,대도,김치/젓갈,할인불가
[다비드] 남자의 자존심 남성활력제 블랙마카,2022,79881,95,0,0.0,7588700,0,7588700,다비드,건강식품,할인불가
[바닮] 고소하게 볶아낸 돌자반 볶음,2022,16511,94,1,1.0638297872340423,1552000,13000,1539000,바닮,밥/반찬/요리,회원
[생귤탱귤] 제주!하면 한라봉,2022,46190,92,28,30.434782608695656,4249500,1242500,3007000,생귤탱귤,Unknown,Unknown
[아이프리] 롤린 규조토 발매트 M/L,2022,16335,92,20,21.73913043478261,1502800,328000,1174800,아이프리,가구/인테리어,회원
[오성내추럴] 방금 빻은 장미빛 고춧가루,2022,24621,91,3,3.296703296703297,2240500,78000,2162500,오성내추럴,농축산/과일/계란,할인불가
[아이프리] 에탄올 62% 더 클린 손 소독 티슈,2022,3470,91,0,0.0,315800,0,315800,아이프리,욕실/세정/위생용품,할인불가
[미연다] 클린 덴탈마스크 200매 특가 (장당44원),2022,9318,91,1,1.098901098901099,847900,9900,838000,미연다,생활용품/차량용품/마스크,할인불가
[씨즐] 자연산 쫀득쫀득 대방어회 300g,2022,46000,91,6,6.593406593406594,4186000,276000,3910000,씨즐,국/탕/찌개/면,회원
[헬시아] 아임더닥터 콜라겐정 60정 (20일분),2022,13806,90,7,7.777777777777778,1242500,99800,1142700,헬시아,건강식품,할인불가
[고구마사랑] 전북 익산 품질 좋은 꿀고구마 & 호박고구마,2022,26664,90,8,8.88888888888889,2399800,219700,2180100,고구마사랑,농축산/과일/계란,할인불가
[김은영빵] 웰빙디저트 정직한 찹쌀 감자빵 고구마빵,2022,25000,89,0,0.0,2225000,0,2225000,김은영빵,유제품/베이커리/떡,할인불가
[몰리스] 아보카도와 신선한 야채로 만든 맥시칸 과카몰리,2022,16830,88,1,1.1363636363636365,1481000,6200,1474800,몰리스,과자/간식/안주,할인불가
[ALL바른] 신선하고 간편한 국산 대구로 만든 대구탕 2종,2022,9900,88,3,3.4090909090909087,871200,29700,841500,ALL바른,국/탕/찌개/면,할인불가
[유한양행] 온가족 유산균과 비타민 와이즈바이옴,2022,96045,88,8,9.090909090909092,8452000,784000,7668000,유한양행,건강식품,회원
[감성씨푸드] 쉽고 간편한 얼큰 특제 알탕 755g,2022,15900,88,0,0.0,1399200,0,1399200,감성씨푸드,국/탕/찌개/면,할인불가
[에브리홈] 건강지킴 세우는 슬라이더 지퍼백 1+1,2022,4093,87,0,0.0,356100,0,356100,에브리홈,주방잡화/용품,할인불가
[아이프리] 모던 규조토 발매트/욕실매트,2022,17761,87,0,0.0,1545200,0,1545200,아이프리,욕실/세정/위생용품,회원
[말리몰리] 국내산 남해 통영 오만둥이젓 & 어리굴젓,2022,4619,86,2,2.3255813953488373,397200,9000,388200,말리몰리,김치/젓갈,회원
[장우동] 제대로 준비한 정통우동/비빔납작만두 밀키트,2022,17774,86,0,0.0,1528600,0,1528600,장우동,국/탕/찌개/면,회원
[금강수림] 한우 미역국 1kg 3인분,2022,16459,85,9,10.588235294117649,1399000,131000,1268000,금강수림,국/탕/찌개/면,할인불가
[덴탈닥터] 부드러운 178개 실리콘 모 칫솔 3개 세트,2022,9524,85,0,0.0,809500,0,809500,덴탈닥터,욕실/세정/위생용품,할인불가
[동부팜] 과일처럼 생으로도 먹는 3배 고당도 초당옥수수,2022,29141,85,6,7.0588235294117645,2477000,163000,2314000,동부팜,농축산/과일/계란,할인불가
국내산 화개장터 재첩국 500g,2022,43274,84,1,1.1904761904761905,3635000,30000,3605000,Unknown,Unknown,Unknown
[플래노프] 그 날 만든 깔끔한 프리미엄 김치 & 숙성김치,2022,36143,84,6,7.142857142857142,3036000,218000,2818000,플래노프,김치/젓갈,할인불가
[바른찬] 광천중앙식품 광천김 선물용,2022,14493,83,0,0.0,1202900,0,1202900,바른찬,수산/건어물/김,회원
"[파워닭] 안심스럽닭, 함닭스테이크, 닭가슴살 소시지",2022,28088,83,2,2.409638554216868,2331300,43000,2288300,파워닭,과자/간식/안주,할인불가
[맛디] 건어물의 끝판왕 안주/간식 6종,2022,8456,82,0,0.0,693400,0,693400,맛디,과자/간식/안주,할인불가
[핸인핸] 모노 심플 유광 이중 미세모 칫솔 8p,2022,10900,82,0,0.0,893800,0,893800,핸인핸,욕실/세정/위생용품,할인불가
[코리아푸드] 원조인간사료 옛날과자 모음전,2022,10441,81,2,2.469135802469136,845700,21700,824000,코리아푸드,과자/간식/안주,회원
[김셰프] 국내산 생닭으로 만든 만장일치 춘천닭갈비,2022,35800,81,1,1.2345679012345678,2899800,35800,2864000,김셰프,밥/반찬/요리,회원
[SFC바이오] 갈증날 땐 수박소다UP,2022,29800,81,1,1.2345679012345678,2413800,29800,2384000,SFC바이오,식품,회원
"[닥터하스킨] 여성Y존을 위한 최고의 선택, 클렌져,미스트,드로퍼",2022,23513,80,0,0.0,1881000,0,1881000,닥터하스킨,뷰티/다이어트,할인불가
[광득이] 포항 자연산 활 자숙골뱅이 & 소면 2인분,2022,18500,80,0,0.0,1480000,0,1480000,광득이,수산/건어물/김,할인불가
[플렉썸] 비타민D 150mg(60캡슐),2022,14355,80,0,0.0,1148400,0,1148400,플렉썸,건강식품,회원
[빙고씨푸드] 쫀득 매콤 순살 코다리바베큐 밀키트,2022,15900,80,3,3.75,1272000,47700,1224300,빙고씨푸드,밥/반찬/요리,회원
[의령황금메밀] 직접 재배한 메밀로 만든 황금미소 세트,2022,23139,79,0,0.0,1828000,0,1828000,의령황금메밀,국/탕/찌개/면,할인불가
[제주네이쳐] 맛있는 양배추즙 30포,2022,41301,78,1,1.282051282051282,3221500,25000,3196500,제주네이쳐,건강,할인불가
[현미박사] 씹는 즐거움 영양가득 건강과자 2종,2022,10385,78,0,0.0,810000,0,810000,현미박사,과자/간식/안주,할인불가
[봄날] 손질없이 편리한 100%리얼 고구마바&말랭이,2022,14279,78,0,0.0,1113800,0,1113800,봄날,과자/간식/안주,할인불가
[한미X포유랩] 6년근홍삼+타트체리 용기삼 레드 시그니처,2022,109423,78,7,8.974358974358974,8535000,413000,8122000,한미X포유랩,Unknown,Unknown
[바른장어] 100% 국내산 바른 민물장어 초벌구이 1kg,2022,77532,77,5,6.493506493506493,5970000,450000,5520000,바른장어,수산/건어물/김,회원
[안아파] 양자자동패치 동전파스 통증엔 없었던일로,2022,30453,77,2,2.5974025974025974,2344900,37800,2307100,안아파,건강용품,회원
[밤쌀당] 리얼 통알밤을 넣은 쌀 밤식빵,2022,17000,76,2,2.631578947368421,1292000,34000,1258000,밤쌀당,유제품/베이커리/떡,회원
[다다온유] 시원하고 맛있는 100% 청도 아이스 홍시,2022,27969,75,3,4.0,2097660,92500,2005160,다다온유,농축산/과일/계란,할인불가
[천호엔케어] 녹용홍삼활력 70ml*30포,2022,135000,75,1,1.3333333333333337,10125000,135000,9990000,천호엔케어,건강식품,회원
[뱅블러] 175g의 가볍고 귀여운 텀블러,2022,13053,75,0,0.0,979000,0,979000,뱅블러,주방잡화/용품,회원
[골든밥] 황금빛 맛과 영양의 현미 쌀 골든밥 95% 4kg,2022,30793,75,0,0.0,2309500,0,2309500,골든밥,농축산/과일/계란,회원
[언박싱팩토리] 헤어샵용 두피 실리콘 브러쉬,2022,17800,75,2,2.666666666666667,1335000,35600,1299400,언박싱팩토리,욕실/세정/위생용품,회원
더콘가글Q 500ml,2022,15000,74,0,0.0,1110000,0,1110000,Unknown,Unknown,Unknown
[금강수림] 한우 소고기무국 1kg 3인분,2022,14649,74,3,4.054054054054054,1084000,40000,1044000,금강수림,국/탕/찌개/면,할인불가
[웰빙] 통채로 먹는 새싹삼 70뿌리,2022,56514,74,1,1.351351351351351,4182000,105000,4077000,웰빙,건강식품,회원
[데생] 두피 새치커버 모발케어 기능성 샴푸,2022,34530,74,1,1.351351351351351,2555200,29800,2525400,데생,뷰티/다이어트,회원
[프리지아] 오일텐 포밍헤어컬러 브러쉬형 염색약,2022,10996,73,2,2.73972602739726,802700,23800,778900,프리지아,뷰티/다이어트,할인불가
[도시주부] 친환경 100% 천연 조미료 꽃게 멸치 육수팩 3종,2022,9722,73,0,0.0,709700,0,709700,도시주부,잼/오일/조미/장,할인불가
[산들해] 상위 1% 프리미엄 동물복지1등급란 40구,2022,28000,73,1,1.36986301369863,2044000,28000,2016000,산들해,농축산/과일/계란,할인불가
[메디올가] 각질/피지 케어  메디바하 크림,2022,22033,73,1,1.36986301369863,1608400,15000,1593400,메디올가,뷰티/다이어트,회원 + 비회원
[국내생산] 보풀없고 귀편한 아로마 3중 이든숨마스크 50매,2022,18822,72,2,2.7777777777777777,1355190,39800,1315390,국내생산,생활용품/차량용품/마스크,회원
[먹쉬돈나] 삼청동 즉석떡볶이 성민이네 떡볶이,2022,7011,72,9,12.5,504800,71100,433700,먹쉬돈나,과자/간식/안주,할인불가
[로얄식당] 칠리마요 코코넛 쉬림프 점보,2022,13067,72,2,2.7777777777777777,940800,20100,920700,로얄식당,밥/반찬/요리,할인불가
[금강수림] 인삼 장어탕 1kg 3인분,2022,14676,71,0,0.0,1042000,0,1042000,금강수림,국/탕/찌개/면,할인불가
[꼬모트리] 내 눈을 위한 눈꺼풀 세정제 오큐솔루션,2022,14675,71,2,2.8169014084507045,1041900,31800,1010100,꼬모트리,욕실/세정/위생용품,회원
[G&C] 모기의 천적 그린N클린 캥핑 모기패치&밴드,2022,5000,71,0,0.0,355000,0,355000,G&C,계절가전/계절용품,회원
[닥터루틴] 레드팜 시카 수분 진정크림 100g 1+1,2022,30469,70,0,0.0,2132800,0,2132800,닥터루틴,뷰티/다이어트,할인불가
[산들해] 정성껏 키운 김제 두레마을 신동진 쌀,2022,33329,70,3,4.285714285714286,2333000,79700,2253300,산들해,농축산/과일/계란,할인불가
[명품식탁] 청국장은 원래 냄새가 없었다 180g*4개,2022,19900,70,0,0.0,1393000,0,1393000,명품식탁,잼/오일/조미/장,회원
[밥도둑푸드] 여수 돌산 갓김치 캔 600g,2022,8000,69,4,5.797101449275362,552000,32000,520000,밥도둑푸드,김치/젓갈,할인불가
[금강수림] 민물 새우탕 1kg 3인분,2022,14043,69,0,0.0,969000,0,969000,금강수림,국/탕/찌개/면,할인불가
[백봉오골계] 청정지역 춘천 백봉오골계 초란&유정란,2022,39123,69,0,0.0,2699500,0,2699500,백봉오골계,Unknown,Unknown
[고성태젓갈] 강원도식 양념명란젓(파지),2022,20004,69,2,2.898550724637681,1380300,43800,1336500,고성태젓갈,김치/젓갈,할인불가
[생귤탱귤] 과일의 제왕 태국 남독마이 망고,2022,56185,68,2,2.941176470588235,3820600,107700,3712900,생귤탱귤,Unknown,Unknown
[비타푸즈] 바쁜 일상 속에서도 든든하게 4분 청춘누룽지,2022,13350,68,0,0.0,907800,0,907800,비타푸즈,과자/간식/안주,할인불가
[빨간키트떡볶이] 만들기쉬운 황금레시피 떡볶이 밀키트 2-3인분 2개,2022,13591,67,0,0.0,910600,0,910600,빨간키트떡볶이,과자/간식/안주,할인불가
[잇디스낫댓] 곤약 현미 볶음밥 깍두기/커리/잡채 3종,2022,4500,66,0,0.0,297000,0,297000,잇디스낫댓,밥/반찬/요리,회원
[대도] 전라도 얼갈이김치,2022,17942,65,6,9.230769230769232,1166250,126950,1039300,대도,김치/젓갈,할인불가
[휘겔리다올리] 리퀴드 솝 아로마 바디워시 오렌지밤 300ml,2022,18852,65,0,0.0,1225400,0,1225400,휘겔리다올리,뷰티/다이어트,회원
[대도] 전라도 양파김치,2022,15936,64,0,0.0,1019900,0,1019900,대도,김치/젓갈,할인불가
[모미건] 튀기지 않고 구워만든 건강스낵 현미칩&콘칩 300g,2022,19688,64,6,9.375,1260000,120000,1140000,모미건,과자/간식/안주,회원
[CJ바이오] 김치 생 유산균 스페셜 프로바이오틱스 2g*30포,2022,14320,64,4,6.25,916500,60000,856500,CJ바이오,건강식품,회원
"[생귤탱귤] 당도와 감칠맛이 풍부한 제주 하우스 감귤 (3kg ,5kg)",2022,51555,64,2,3.125,3299500,102000,3197500,생귤탱귤,Unknown,Unknown
[엔닥터스] 금보다 귀한 침향과 산양삼 산양산삼침향환-天壽 1+1,2022,600000,64,2,3.125,38400000,1200000,37200000,엔닥터스,건강,회원
[프레시온] 원터치 대용량 쌀통 보관함 10kg,2022,41481,64,4,6.25,2654800,186400,2468400,프레시온,주방잡화/용품,회원
[바베큐아저씨] 코코넛아몬드 코코몬드 130g,2022,3591,64,0,0.0,229800,0,229800,바베큐아저씨,과자/간식/안주,할인불가
[바다를담다] 안심 국산 제철 통영 골든 가리비,2022,21239,64,6,9.375,1359300,131100,1228200,바다를담다,수산/건어물/김,회원
[양구] 대암산 고랭지 꿀 부사사과 5kg,2022,40938,64,0,0.0,2620000,0,2620000,양구,농축산/과일/계란,할인불가
[금강수림] 바지락황태국 1kg 3인분,2022,13349,63,0,0.0,841000,0,841000,금강수림,국/탕/찌개/면,할인불가
[타밈] 슬릭 종아리 압박 카프 밴드,2022,29900,63,1,1.5873015873015872,1883700,29900,1853800,타밈,뷰티/다이어트,회원
[노포식당] 여름철 원기 회복 통마늘 닭곰탕,2022,20652,63,3,4.761904761904762,1301100,34100,1267000,노포식당,국/탕/찌개/면,할인불가
[노포식당] 산더미 육수 서울식 소불고기,2022,56057,63,1,1.5873015873015872,3531600,81800,3449800,노포식당,밥/반찬/요리,회원
[루핀] 시어버터 핸드&바디로션 500ml,2022,15900,63,1,1.5873015873015872,1001700,15900,985800,루핀,뷰티/다이어트,할인불가
[셀핀다] 고순도 프리미엄 발효가바 100% 750mg 3개세트,2022,117000,62,1,1.6129032258064515,7254000,117000,7137000,셀핀다,건강식품,회원
[욕실의여왕] 무선 욕실청소기,2022,99000,62,4,6.451612903225806,6138000,396000,5742000,욕실의여왕,욕실/세정/위생용품,회원
[포항죽도시장] 신선 밀키트로 만나는 밀복 맑은복어탕 2~3인분,2022,19900,62,0,0.0,1233800,0,1233800,포항죽도시장,국/탕/찌개/면,회원
"[씨즐] 쫄깃하게 담백한 문어 갑오징어,소라,모듬숙회 세트",2022,29677,62,1,1.6129032258064515,1840000,22000,1818000,씨즐,국/탕/찌개/면,회원
[빛나는마켓] 모든 재료 100% 국내산 빛나는 멸치 육수,2022,10900,62,3,4.838709677419355,675800,32700,643100,빛나는마켓,잼/오일/조미/장,회원
[플레이팅] 정지선 셰프의 홍콩 토마토탕/마라탕/완탕면,2022,21603,62,1,1.6129032258064515,1339400,26300,1313100,플레이팅,국/탕/찌개/면,회원
[잉코] 뉴 프리미엄 슬림핏 온열 찜질기,2022,49900,62,0,0.0,3093800,0,3093800,잉코,계절가전/계절용품,회원
[전남 장성] 달콤아삭 가정용 장성 차량 단감 5kg,2022,24661,62,8,12.903225806451612,1529000,204500,1324500,전남 장성,농축산/과일/계란,회원
[네이처스케어] 다움생식 아침사랑생식85 30g*30포,2022,55000,61,0,0.0,3355000,0,3355000,네이처스케어,Unknown,Unknown
고급스러운 데일리 모던 부티앵글부츠,2022,39000,61,7,11.475409836065571,2379000,273000,2106000,Unknown,Unknown,Unknown
[종근당] 나에게 꼭 맞는 프로바이오틱스 락토핏,2022,40785,61,4,6.557377049180328,2487900,162600,2325300,종근당,건강식품,회원
[오쿠스노] 태국 과자 1위 리얼 새우머리 스낵 3가지맛,2022,13680,61,1,1.639344262295082,834500,15000,819500,오쿠스노,과자/간식/안주,회원
[푸르낵] 과일 그 이상 제주산 100% 감귤스낵,2022,12000,60,1,1.6666666666666667,720000,12000,708000,푸르낵,과자/간식/안주,할인불가
[새움푸드] 수제 삼색 야채감자샐러드,2022,19900,60,1,1.6666666666666667,1194000,19900,1174100,새움푸드,밥/반찬/요리,할인불가
[마켓프로즌] 에어프라이어 후라이드치킨 한마리,2022,10538,60,2,3.333333333333333,632300,25800,606500,마켓프로즌,과자/간식/안주,회원
[밥도둑푸드] 국내산 키조개관자 슬라이스 200g,2022,15900,59,0,0.0,938100,0,938100,밥도둑푸드,수산/건어물/김,회원
[트렌톤] 국산 베이지쿡 냉장고 보관용기,2022,15461,59,1,1.694915254237288,912200,12900,899300,트렌톤,주방잡화/용품,할인불가
[양포어장] 포항 구룡포 햇 과메기 야채세트 10미 220g,2022,31900,59,3,5.084745762711865,1882100,95700,1786400,양포어장,수산/건어물/김,할인불가
[커스텀플라스틱] 차량용 컵홀더 & 무선충전 트레이,2022,75663,59,5,8.47457627118644,4464100,299500,4164600,커스텀플라스틱,생활,회원
[한채] 국내산 껍질 없는 한입 군고구마 고백,2022,19119,59,0,0.0,1128000,0,1128000,한채,과자/간식/안주,회원 + 비회원
[금강수림] 한돈 고추장찌개 1kg 3인분,2022,15276,58,0,0.0,886000,0,886000,금강수림,국/탕/찌개/면,할인불가
어떤 스타일에도 찰떡 소화가능한 마틴부츠,2022,26000,58,6,10.344827586206897,1508000,156000,1352000,Unknown,Unknown,Unknown
"[삼보] 무형문화재 죽염,간장,된장,청국장 선물세트 모음전",2022,27493,58,0,0.0,1594600,0,1594600,삼보,잼/오일/조미/장,할인불가
[화아담] 씹고 뜯는 맛이 좋은 쪽갈비 매운맛/순한맛 1kg,2022,31966,58,0,0.0,1854000,0,1854000,화아담,농축산/과일/계란,회원 + 비회원
[라씨에뜨] 국내생산 수작업 공예 이브로 수저 5벌 세트,2022,40000,58,3,5.172413793103448,2320000,120000,2200000,라씨에뜨,수저/양식기,회원
[대도] 전라도 깍두기,2022,14579,57,1,1.7543859649122806,831000,9000,822000,대도,김치/젓갈,할인불가
[토우축산] 한우 모듬 정육 명절선물세트,2022,217895,57,4,7.017543859649122,12420000,780000,11640000,토우축산,Unknown,Unknown
[고봉] 바다를 담은 깊은 맛 칼국수&수제비&칼제비,2022,28798,57,3,5.263157894736842,1641500,80500,1561000,고봉,국/탕/찌개/면,할인불가
[신키네도] 수제 슈퍼스타 롤케이크 3종,2022,24719,57,1,1.7543859649122806,1409000,22000,1387000,신키네도,유제품/베이커리/떡,회원
[모란봉] 별다섯개 물&비빔 별미냉면,2022,28900,57,1,1.7543859649122806,1647300,28900,1618400,모란봉,국/탕/찌개/면,할인불가
[오엘라] 작지만 강한 힘 무선 진동 마사지건 mini,2022,24700,57,7,12.280701754385964,1407900,172900,1235000,오엘라,건강용품,할인불가
[명인 김용운] 40년 노하우로 만든 전통방식 엿,2022,12000,56,0,0.0,672000,0,672000,명인 김용운,과자/간식/안주,회원
[NK타히보] 골드제로 타히보차 음료 500ml 1box[20병],2022,50000,55,4,7.272727272727272,2750000,200000,2550000,NK타히보,건강식품,할인불가
[밥도둑푸드] 가정식 완도 수제 전복장 실속형 1kg 11미,2022,24900,55,0,0.0,1369500,0,1369500,밥도둑푸드,밥/반찬/요리,회원
[가득찬푸드] 매콤 쭈꾸미만두 350g,2022,7196,55,5,9.090909090909092,395800,35700,360100,가득찬푸드,밥/반찬/요리,회원
[삼다오메기] 건강하고 맛있는 제주 오메기떡 4종세트,2022,27109,55,0,0.0,1491000,0,1491000,삼다오메기,유제품/베이커리/떡,할인불가
"[비타푸즈] 구수하고 건강한 수분충천, 청춘숭늉",2022,25109,55,0,0.0,1381000,0,1381000,비타푸즈,밥/반찬/요리,할인불가
[메밀묵팩토리] 50년 메밀장인 가마솥방식 수제 메밀묵,2022,7000,55,5,9.090909090909092,385000,35000,350000,메밀묵팩토리,밥/반찬/요리,할인불가
[씨엔본스] 바다향이 가득한 통영 멍게 양념무침,2022,21000,55,0,0.0,1155000,0,1155000,씨엔본스,수산/건어물/김,회원
[셀핀다] 고순도 프리미엄 발효가바 100% 1500mg 3개세트,2022,207000,54,5,9.25925925925926,11178000,1035000,10143000,셀핀다,건강,회원
[후루룩국수] 완도산 미역과 톳으로 만든 건강웰빙 해조국수,2022,33900,54,1,1.851851851851852,1830600,33900,1796700,후루룩국수,국/탕/찌개/면,할인불가
[이로웁다] 관절을 생각한 국산닭발 NEW 계력환,2022,55819,54,2,3.7037037037037033,3014200,75600,2938600,이로웁다,건강식품,회원
[비오씨이래] 착 붙는 밀착감 옥타헤드 전기면도기,2022,79000,54,0,0.0,4266000,0,4266000,비오씨이래,욕실/세정/위생용품,회원
[박수갈비] 담양식 국내산 프리미엄 수제 양념돼지갈비1kg,2022,31907,54,0,0.0,1723000,0,1723000,박수갈비,농축산/과일/계란,회원 + 비회원
[동아제약] 시원하고 맛있는 얼려먹는 박카스 얼박,2022,22000,54,0,0.0,1188000,0,1188000,동아제약,음료/차,회원
[에브리홈] 건강지킴 위생장갑 400매 1+1,2022,4832,53,2,3.7735849056603774,256100,7800,248300,에브리홈,주방잡화/용품,할인불가
[셀핀다] 고순도 프리미엄 발효가바 100% 1500mg (타임특가),2022,69464,53,2,3.7735849056603774,3681600,200400,3481200,셀핀다,건강식품,회원
[롯데햄] 키스틱 닭가슴살 소시지,2022,21000,53,4,7.547169811320755,1113000,84000,1029000,롯데햄,과자/간식/안주,회원
[메디미플러스] 신기한 화장실 클리너,2022,16640,53,1,1.8867924528301887,881900,18100,863800,메디미플러스,욕실/세정/위생용품,할인불가
[빙고씨푸드] 연평도 숙성간장 암꽃게장 2.5kg,2022,59000,53,0,0.0,3127000,0,3127000,빙고씨푸드,밥/반찬/요리,회원
[웰빙팜] 뿌려먹는 감칠맛 매운 청양고추 가루 뿌청,2022,8512,52,0,0.0,442600,0,442600,웰빙팜,Unknown,Unknown
[바베큐아저씨] 국내산 부산아귀포 150g,2022,10412,52,0,0.0,541400,0,541400,바베큐아저씨,과자/간식/안주,할인불가
[아임필터] 녹물제거 샤워헤드/세디먼트&비타민 필터,2022,13512,52,0,0.0,702600,0,702600,아임필터,욕실/세정/위생용품,회원
[한채] 고구마 명가의 꿀고구마 말랭이,2022,29558,52,0,0.0,1537000,0,1537000,한채,과자/간식/안주,회원
[혼자리아] 간편하게 바로먹는 양념 먹태구이,2022,6900,51,0,0.0,351900,0,351900,혼자리아,과자/간식/안주,할인불가
[명품식탁] 제주 한라산 생 고사리,2022,24184,51,4,7.84313725490196,1233400,89500,1143900,명품식탁,농축산/과일/계란,할인불가
[산들해] 괴산 산지직송 대학 찰옥수수,2022,28145,51,2,3.92156862745098,1435400,55800,1379600,산들해,농축산/과일/계란,회원
[제주네이쳐] 달콤함을 담은 제주과자 4종,2022,16716,51,1,1.96078431372549,852500,37000,815500,제주네이쳐,과자/간식/안주,할인불가
[칼라테레비] 겨울 털신 스트라이프 슬리퍼 1+1,2022,15600,51,0,0.0,795600,0,795600,칼라테레비,패션/잡화,할인불가
[리만월] 40년전통 대만 대왕카스테라 600g,2022,22620,51,0,0.0,1153600,0,1153600,리만월,유제품/베이커리/떡,할인불가
[박장대소] 달지않은 치악산 청정지역 복숭아잼/오디잼 3개 구성 선택,2022,25000,50,0,0.0,1250000,0,1250000,박장대소,Unknown,Unknown
[팔도식당] 강레오 셰프의 레시피 곡성 깨비정식 흑돼지 석쇠구이,2022,30500,50,1,2.0,1525000,30800,1494200,팔도식당,밥/반찬/요리,회원
[애니샷] 한 손에 쏙! 니트로 프리미엄 콜드브루 (11ml x 10개입),2022,44000,50,1,2.0,2200000,44000,2156000,애니샷,Unknown,Unknown
[퀸나] 강력하게 분사되는 고온 고압 스팀청소기,2022,88000,50,1,2.0,4400000,88000,4312000,퀸나,생활가전,회원
[스위스밀리터리] 펠릭스 충전식 전기 면도기,2022,90000,50,0,0.0,4500000,0,4500000,스위스밀리터리,욕실/세정/위생용품,회원
[아이프리] 새부리형 V핏 굿필링 KF-AD 마스크,2022,23620,50,0,0.0,1181000,0,1181000,아이프리,생활용품/차량용품/마스크,회원
[생선생] 에어프라이어 가능! 새우통살 멘보샤 12개입,2022,10300,49,0,0.0,504700,0,504700,생선생,과자/간식/안주,할인불가
[러빈마킨] 등산 필수 아이템 아웃도어 모자 3종,2022,9645,49,0,0.0,472600,0,472600,러빈마킨,패션/잡화,할인불가
[생귤탱귤] 풍부한 과육! 제주 프리미엄 과일 황금향,2022,56449,49,0,0.0,2766000,0,2766000,생귤탱귤,Unknown,Unknown
[서바나도나쓰] 겉은바삭! 속은 촉촉~ 냉동 츄러스 14개입,2022,16931,49,0,0.0,829600,0,829600,서바나도나쓰,과자/간식/안주,회원
[이젠슬림] 저칼로리 건강한 도시락 쉐프의 혼밥 6종 세트,2022,40796,49,1,2.0408163265306123,1999000,27000,1972000,이젠슬림,밥/반찬/요리,할인불가
[미이르] 국내산 (여수) 반건조 민어,2022,35900,48,2,4.166666666666666,1723200,55800,1667400,미이르,수산/건어물/김,할인불가
[밥도둑푸드] 깊고 진한 전라도 여수식 국내산 김장김치양념 7kg,2022,85000,48,1,2.083333333333333,4080000,85000,3995000,밥도둑푸드,김치/젓갈,할인불가
[요리반상회] 미슐랭가이드 국산 황금콩밭 콩국수 2인분,2022,19638,48,0,0.0,942600,0,942600,요리반상회,국/탕/찌개/면,할인불가
[GNC] 머리부터 발끝까지 10종 멀티비타민 트리플액션,2022,58333,48,0,0.0,2800000,0,2800000,GNC,건강식품,회원
[웰로스] 냉장고 항균 탈취 다용도 올인원 패드,2022,30000,48,0,0.0,1440000,0,1440000,웰로스,주방잡화/용품,회원 + 비회원
[오복떡본가] 떡짜르트 현미 가래떡 500g 5종,2022,10765,48,0,0.0,516700,0,516700,오복떡본가,유제품/베이커리/떡,회원
[핸인핸] W&B 심플 무광 완전 미세모 칫솔 8P,2022,10900,47,0,0.0,512300,0,512300,핸인핸,욕실/세정/위생용품,할인불가
[제주의맛] 100% 자연산 프리미엄 성게알,2022,44700,47,0,0.0,2100900,0,2100900,제주의맛,수산/건어물/김,할인불가
[다비드] 풍성한 모발을 위한 비오틴 부스터,2022,75847,47,1,2.127659574468085,3564800,79800,3485000,다비드,건강식품,할인불가
[이젠슬림] 껍질 없는 미니 통통 구운 감자,2022,19021,47,0,0.0,894000,0,894000,이젠슬림,과자/간식/안주,회원
[무등산식당] 한돈 소보로 떡갈비 1.2kg,2022,21634,47,3,6.382978723404255,1016800,61800,955000,무등산식당,밥/반찬/요리,할인불가
[대도] 전라도 고들빼기김치,2022,24683,46,7,15.217391304347828,1135400,141000,994400,대도,김치/젓갈,할인불가
"[동우리빙] 기름 튐 걱정 NO, 100% 천연펄프 종이 팬캡",2022,10691,46,1,2.1739130434782608,491800,5900,485900,동우리빙,주방잡화/용품,할인불가
[아크코펜하겐] 북유럽 스트리트 프리미엄 스니커즈,2022,186174,46,4,8.695652173913043,8564000,736000,7828000,아크코펜하겐,패션/잡화,회원
[소담한밥상] 국내산 한우 사골곰탕,2022,21900,46,2,4.3478260869565215,1007400,43800,963600,소담한밥상,국/탕/찌개/면,할인불가
[불맛공작소] 화끈한 불맛의 정석 불곱창 외 4종 택1,2022,24409,46,0,0.0,1122800,0,1122800,불맛공작소,과자/간식/안주,회원
[바베큐아저씨] 독일식 족발 슈바이네 학센,2022,22900,46,0,0.0,1053400,0,1053400,바베큐아저씨,밥/반찬/요리,할인불가
[굳닭] 부담없는 칼로리 닭가슴살 곤약 순대 200g,2022,15070,46,0,0.0,693200,0,693200,굳닭,밥/반찬/요리,회원
[동원] 양반 즉석밥 쌀/현미/흑미 24개입,2022,17500,46,0,0.0,805000,0,805000,동원,밥/반찬/요리,회원 + 비회원
[잇디스낫댓] 두부면 파스타 로제/토마토/바질 3종,2022,8900,46,0,0.0,409400,0,409400,잇디스낫댓,국/탕/찌개/면,회원
[셀핀다] 고순도 프리미엄 발효가바 100% 750mg+1500mg,2022,108000,45,1,2.2222222222222223,4860000,108000,4752000,셀핀다,건강식품,회원
"[오차드] 벗겨지지 않는 편안함, 월클 프리미엄 덧신 5켤레",2022,12736,45,4,8.88888888888889,573100,50450,522650,오차드,패션/잡화,할인불가
[비오씨이래] EMS 저주파 마사지기 닥터펜프로,2022,69800,45,4,8.88888888888889,3141000,279200,2861800,비오씨이래,건강용품,회원
[김오곤원장] 흙속의 진주 백두대간 칡즙,2022,17500,45,0,0.0,787500,0,787500,김오곤원장,건강식품,할인불가
[에코그린] 얇고 가벼운 충전식 카본 발열조끼,2022,65000,45,0,0.0,2925000,0,2925000,에코그린,패션/잡화,회원
전남 영광 법성포 보리굴비 10미,2022,120000,44,1,2.272727272727273,5280000,120000,5160000,Unknown,Unknown,Unknown
[에스미라클] 얼굴선 따라 찰싹! 페이스핏 극세사 마스크팩 4종,2022,30000,44,0,0.0,1320000,0,1320000,에스미라클,뷰티/다이어트,회원
[지타촌] 식물성 단백질 대마 프로틴 초코볼,2022,30177,44,0,0.0,1327800,0,1327800,지타촌,과자/간식/안주,할인불가
[줌마수홍] 박수홍의 착한 장조림 110g*20봉 세트,2022,54900,44,0,0.0,2415600,0,2415600,줌마수홍,밥/반찬/요리,회원
[온미당] 건강한 우리쌀 수제 구운유과,2022,45568,44,0,0.0,2005000,0,2005000,온미당,과자/간식/안주,회원
[렉스퀸] 안데스 싱크대 물막이 워터펜스 중/대,2022,20082,44,0,0.0,883600,0,883600,렉스퀸,주방가전,회원
[졸리에졸리] London Blue Topaz  AAA등급  한정판 40,2022,298000,44,7,15.909090909090908,13112000,2086000,11026000,졸리에졸리,패션/잡화,회원
[굳닭] 한입에 쏘옥 닭가슴살 볼 3종 100g*10팩,2022,16300,44,0,0.0,717200,0,717200,굳닭,과자/간식/안주,회원
"[알럽스킨] 속이 시원한 이런,시원한 파스",2022,16811,44,0,0.0,739700,0,739700,알럽스킨,건강용품,할인불가
[디유] 실크단백질 누에 비누,2022,25400,44,1,2.272727272727273,1117600,23900,1093700,디유,욕실/세정/위생용품,회원
[에브리홈] 건강지킴 롤백 1+1,2022,5295,43,0,0.0,227700,0,227700,에브리홈,주방잡화/용품,할인불가
[현미박사] 씹는 즐거움 영양가득 건강과자 3종,2022,7198,43,0,0.0,309500,0,309500,현미박사,과자/간식/안주,할인불가
[키친그듸] 톳과 활전복이 가득한 간편 영양 제주전복톳밥 300g,2022,20712,43,0,0.0,890600,0,890600,키친그듸,밥/반찬/요리,할인불가
[에이앤디푸드] 완판신화 간편하고 건강한 잘생긴 코다리 조림,2022,25516,43,0,0.0,1097200,0,1097200,에이앤디푸드,밥/반찬/요리,회원
[순창 고익마] 장건강에 좋은 청국장 스낵 청순바이츠,2022,8500,43,2,4.651162790697675,365500,17000,348500,순창 고익마,과자/간식/안주,할인불가
[마리질랭] 편안하면서 트렌디한 데일리 에코백 12종,2022,19602,43,2,4.651162790697675,842900,28800,814100,마리질랭,패션/잡화,할인불가
[묘미담] 하루활력! 100% 국내산 흑마늘정과,2022,60665,43,0,0.0,2608600,0,2608600,묘미담,건강식품,회원
[핫이슈] 혼자먹기 딱 좋은 혼떡 세트 4종,2022,8914,43,2,4.651162790697675,383300,14300,369000,핫이슈,과자/간식/안주,회원
[허브허브] 네추럴도그 강아지 영양사료 1.2kg,2022,25000,42,3,7.142857142857142,1050000,75000,975000,허브허브,사료/간식,회원
[바인하우스] 전자파안심 플렉스 전기요,2022,108286,42,0,0.0,4548000,0,4548000,바인하우스,계절가전/계절용품,회원
[미이르] 국내산 / 자연산 손질 통오징어,2022,29900,42,0,0.0,1255800,0,1255800,미이르,수산/건어물/김,할인불가
[아이프리] 메르넬 브라이트 핑크 톤업 선크림 SPF50+ PA++++,2022,18614,42,0,0.0,781800,0,781800,아이프리,계절가전/계절용품,회원
[트윙고] 터빈블레이드 G-셰이커 텀블러 650ml,2022,29500,42,2,4.761904761904762,1239000,59000,1180000,트윙고,생활용품/차량용품/마스크,할인불가
[동일식품] 100% 수제 빠삭이 어포튀각 꾸이맨,2022,15281,42,0,0.0,641800,0,641800,동일식품,과자/간식/안주,할인불가
[빼미떡볶이] 깔끔한 맛이 일품 빼미 꼬치어묵 세트,2022,12914,42,0,0.0,542400,0,542400,빼미떡볶이,밥/반찬/요리,할인불가
[복순할매] 사골떡국 2인분 with 머릿고기,2022,11121,42,0,0.0,467100,0,467100,복순할매,국/탕/찌개/면,회원
[헬시아] 아임더닥터 여주정 60정 (30일분),2022,13598,41,0,0.0,557500,0,557500,헬시아,건강식품,할인불가
[유자네] 내장제거 전자렌지용 찜 보리굴비 9미,2022,76000,41,1,2.4390243902439024,3116000,76000,3040000,유자네,수산/건어물/김,할인불가
[뷰니스] 우리 몸을 생각한 다이어트 컨트롤S,2022,115732,41,0,0.0,4745000,0,4745000,뷰니스,뷰티/다이어트,회원
[밥닥] 닭날개속에 볶음밥 밥닭 110g 10개 3종,2022,28580,41,1,2.4390243902439024,1171800,27800,1144000,밥닥,밥/반찬/요리,할인불가
[산들해] 영광 법성포 굴비 선물세트,2022,75000,41,0,0.0,3075000,0,3075000,산들해,식품,할인불가
[제주네이쳐] 맛있는 유기농 여주즙 30포,2022,52825,40,1,2.5,2113000,75500,2037500,제주네이쳐,건강식품,할인불가
[군산해신탕] 우리가족 몸보신을 위한 해신탕 밀키트,2022,31100,40,0,0.0,1244000,0,1244000,군산해신탕,국/탕/찌개/면,할인불가
[퀸나] 신선함을 그대로 리프레쉬 락 진공포장기,2022,159000,40,2,5.0,6360000,318000,6042000,퀸나,주방가전,회원
[굳닭] 닭가슴살 흑현미/매콤 핫도그 10팩,2022,17500,40,6,15.0,700000,105000,595000,굳닭,과자/간식/안주,회원
[플레이버] 강원도 명물 코다리 냉면 (명태회냉면),2022,29769,39,0,0.0,1161000,0,1161000,플레이버,국/탕/찌개/면,회원
[구선손반] 감칠맛 나는 국내산 우렁강된장 500g,2022,20000,39,0,0.0,780000,0,780000,구선손반,밥/반찬/요리,할인불가
바나듐 아연 포함 미네랄 음료 당하수 400ml 1box[20병],2022,87303,38,0,0.0,3317500,0,3317500,20병,Unknown,Unknown
[대도] 전라도 홍어김치,2022,19868,38,0,0.0,755000,0,755000,대도,김치/젓갈,할인불가
"[닥터하스킨] 건조에 의한 가려움증 완화 (바디워시, 로션, 크림 택1)",2022,32579,38,1,2.631578947368421,1238000,32000,1206000,닥터하스킨,뷰티/다이어트,할인불가
[슁켄하우스] 건강한 무항생제 제주돼지로 만든 소시지 육포 모음,2022,16026,38,2,5.263157894736842,609000,32000,577000,슁켄하우스,농축산/과일/계란,할인불가
[생활덕후] 깔끄미 신발 클리너 티슈,2022,14511,38,0,0.0,551400,0,551400,생활덕후,욕실/세정/위생용품,할인불가
[산들해] 목포 산지직송 생물 먹갈치 1kg 내외,2022,38000,38,0,0.0,1444000,0,1444000,산들해,식품,할인불가
[딥쉬] 99.9% 니치 퍼퓸 섬유향수 100ml*1+1,2022,30211,38,1,2.631578947368421,1148000,30000,1118000,딥쉬,뷰티/다이어트,회원 + 비회원
[플레이버] 식감좋은 명태회 더덕무침 400g,2022,20153,38,1,2.631578947368421,765800,23500,742300,플레이버,밥/반찬/요리,할인불가
[밥도둑푸드] 여수 수제 돌게장 16마리 내외 구성,2022,42432,37,0,0.0,1570000,0,1570000,밥도둑푸드,밥/반찬/요리,회원
[동문가채] 디어진저 프리미엄 수제 생강청,2022,24307,37,0,0.0,899350,0,899350,동문가채,음료/차,할인불가
[메디셀바이오] 미라클엠 오리지널 하이드로겔 마스크 5매,2022,23954,37,0,0.0,886300,0,886300,메디셀바이오,뷰티/다이어트,할인불가
[돌베개] 유시민 거꾸로 읽는 세계사,2022,17500,37,0,0.0,647500,0,647500,돌베개,도서,회원
[씨가드] 의사가 만든 허리쿠션 룸바&드라이빙 허리쿠션 룸바S,2022,57486,37,0,0.0,2127000,0,2127000,씨가드,생활,회원
[일동후디스] 8종 복합 기능성 하이뮨 프로틴 밸런스 & 바디,2022,59000,37,0,0.0,2183000,0,2183000,일동후디스,건강식품,회원
[경남제약] 피부탄력 개선 브이라인 리프팅 패치,2022,50557,37,0,0.0,1870600,0,1870600,경남제약,뷰티/다이어트,회원
[안동무역] 모닝사과당근즙 100ml*60포,2022,35900,37,0,0.0,1328300,0,1328300,안동무역,음료/차,회원
[더블세이브S] 금수저 아이디어 김치도마,2022,40711,37,1,2.702702702702702,1506300,40900,1465400,더블세이브S,조리도구,회원
[볼레뜨] 피부진정과 수분공급 모이스처 수딩젤,2022,16900,36,2,5.555555555555555,608400,27800,580600,볼레뜨,뷰티/다이어트,회원
[재주좋아] 건조할 틈이 없는 제주동백오일 립밤 4종,2022,7500,36,0,0.0,270000,0,270000,재주좋아,Unknown,Unknown
[모란봉]  물&비빔 별미냉면,2022,28900,36,3,8.333333333333332,1040400,86700,953700,모란봉,국/탕/찌개/면,할인불가
[액티브유] 터질듯한 자신감! 꽈추형의 풀발373,2022,162583,36,2,5.555555555555555,5853000,342200,5510800,액티브유,건강식품,회원
[줌마수홍] 1등급 한우 양념구이,2022,28444,36,2,5.555555555555555,1024000,40000,984000,줌마수홍,밥/반찬/요리,회원
[바디핌] 전신운동 기구 홈 트위스트 1+1,2022,148000,36,0,0.0,5328000,0,5328000,바디핌,뷰티/다이어트,회원
[홈크린스] 다용도 주방 렌지 후드 클리너,2022,9900,36,1,2.7777777777777777,356400,9900,346500,홈크린스,주방잡화/용품,할인불가
[라이프드림] 소화가 잘되는 짬뽕라면 쑤욱 8개입,2022,19296,36,0,0.0,694640,0,694640,라이프드림,국/탕/찌개/면,회원
[제주의맛] 제주 자연산 톳 뿔소라 장 세트,2022,35000,35,1,2.857142857142857,1225000,35000,1190000,제주의맛,밥/반찬/요리,할인불가
[이지드롭] 살균 99.9% 일회용브러쉬 변기크리너,2022,13631,35,0,0.0,477100,0,477100,이지드롭,욕실/세정/위생용품,할인불가
[아티니카] 국물까지 다먹어도 139칼로리 불 콜라겐 떡볶이,2022,28500,35,0,0.0,997500,0,997500,아티니카,과자/간식/안주,회원
[셀핀다] 고순도 프리미엄 발효가바 100% 750mg (타임특가),2022,39000,35,0,0.0,1365000,0,1365000,셀핀다,건강식품,회원
[건강과생활] 에코스 저자극 세탁&세정 용품 5종,2022,24129,35,1,2.857142857142857,844500,25800,818700,건강과생활,욕실/세정/위생용품,할인불가
[닥터이엘] 차코르파티 대나무숯 치약,2022,18420,35,0,0.0,644700,0,644700,닥터이엘,욕실/세정/위생용품,회원
[하루제주] 물한방울 없는 100% 제주 양배추즙,2022,39026,35,3,8.571428571428571,1365900,127500,1238400,하루제주,건강식품,할인불가
[심플라이프] 유연사 30수 코튼 호텔수건 엔켈타월 5개입,2022,39500,34,1,2.941176470588235,1343000,39500,1303500,심플라이프,생활,할인불가
[꼬마루] 건강한 명품 돼지고기 30cm 대왕 수제 육포 4종,2022,33735,34,1,2.941176470588235,1147000,36000,1111000,꼬마루,과자/간식/안주,할인불가
[도담상회] 마음담은 홍삼 녹용즙 (70ml x 30포) 1박스,2022,15500,34,0,0.0,527000,0,527000,도담상회,건강식품,할인불가
[마켓프로즌] 초간편 튀겨나온 치즈스틱,2022,13262,34,0,0.0,450900,0,450900,마켓프로즌,과자/간식/안주,회원
[명란시대] 깨끗하고 신선한 프리미엄 명란 선물세트,2022,50824,34,0,0.0,1728000,0,1728000,명란시대,식품,회원
[키친아트] 올스텐 타공 라운드 싱크대 배수구망/생분해 거름망,2022,14806,34,0,0.0,503400,0,503400,키친아트,주방잡화/용품,할인불가
[흑염소의진심] 무항생제 흑염소 진액 4종,2022,81824,34,1,2.941176470588235,2782000,68000,2714000,흑염소의진심,건강식품,할인불가
[에스모도] 402 UVC 무선 칫솔살균기,2022,22000,34,2,5.88235294117647,748000,44000,704000,에스모도,욕실/세정/위생용품,할인불가
[온미당] 더욱 건강한 한과 선물세트,2022,64000,34,1,2.941176470588235,2176000,64000,2112000,온미당,과자/간식/안주,회원
[허브허브] 관절탄탄 150g,2022,29000,33,0,0.0,957000,0,957000,허브허브,영양제,회원
"[헥사더말] 가려움증 해결,의약외품 피부보습/살균 (균주데이터有) 바이러스,세균99.99%살균",2022,18388,33,0,0.0,606800,0,606800,헥사더말,욕실/세정/위생용품,할인불가
[키움채] 무농약 유럽 샐러드 쌈채소,2022,23000,33,5,15.151515151515152,759000,115000,644000,키움채,농축산/과일/계란,회원
[경자국밥] 잡내없이 깔끔한 순대국밥/돼지국밥,2022,24000,33,0,0.0,792000,0,792000,경자국밥,국/탕/찌개/면,회원 + 비회원
[레드아일랜드] 엔조이 커플 스파이시 감바스,2022,13558,33,4,12.12121212121212,447400,51200,396200,레드아일랜드,밥/반찬/요리,할인불가
[다참푸드] 프리미엄 던지네스 던전 크랩 800g,2022,77303,33,2,6.0606060606060606,2551000,158000,2393000,다참푸드,밥/반찬/요리,할인불가
[헬시아] 아임더닥터 보스웰리아 72정 (36일분),2022,14922,32,0,0.0,477500,0,477500,헬시아,건강식품,할인불가
[아크코펜하겐] 덴마크 프리미엄 써머 캔버스&비스클라스 레더,2022,120875,32,0,0.0,3868000,0,3868000,아크코펜하겐,패션/잡화,회원
[에브리홈] 항균 분리수거 비닐봉투 20~100L 택1,2022,11491,32,0,0.0,367700,0,367700,에브리홈,생활용품/차량용품/마스크,회원
[스페이스랙] 공간효율200% 멀티선반 (2color),2022,45838,32,3,9.375,1466800,156700,1310100,스페이스랙,가구/인테리어,회원
[닥터다니엘] 워터 테라픽 구강 세정기,2022,78000,32,0,0.0,2496000,0,2496000,닥터다니엘,욕실/세정/위생용품,회원
[셀핀다] 가바꿀O+가바 750mg 묶음,2022,98000,31,1,3.225806451612903,3038000,98000,2940000,셀핀다,건강,회원
[토우축산] 냉장 한돈 깨끗한 암퇘지 생삼겹살,2022,23884,31,0,0.0,740400,0,740400,토우축산,Unknown,Unknown
[제주의맛] 제주 흑돼지와 멜젓 선물세트,2022,93806,31,12,38.70967741935484,2908000,1050000,1858000,제주의맛,식품,할인불가
[셀핀다] 고순도 프리미엄 발효가바 100% 750mg [계좌이체전용],2022,39000,31,0,0.0,1209000,0,1209000,셀핀다,건강식품,회원
[미락] 맛있는 밥을 위한 진공쌀통 20kg,2022,129000,31,3,9.67741935483871,3999000,387000,3612000,미락,주방가전,회원
"[와우언더웨어] 프리미엄 남성언더웨어 (뱀부3+1, 나일론3+1, 텐셀4+1 택1)",2022,82935,31,1,3.225806451612903,2571000,80000,2491000,와우언더웨어,패션/잡화,회원
"[와우언더웨어] 프리미엄 남성언더웨어 (뱀부3+1, 나일론3+1, 텐셀4+1 택1)",2022,82935,31,1,3.225806451612903,2571000,80000,2491000,와우언더웨어,패션/잡화,회원
[옐로욜로] 코코넛 플라워 슈가 카카오칩스,2022,24000,31,2,6.451612903225806,744000,48000,696000,옐로욜로,과자/간식/안주,회원
[제주의맛] 청정 제주 자연산 돌미역,2022,22000,31,1,3.225806451612903,682000,22000,660000,제주의맛,수산/건어물/김,할인불가
[푹잠] 오방색 메밀 편백 베개,2022,16787,31,0,0.0,520400,0,520400,푹잠,생활용품/차량용품/마스크,할인불가
[무등산식당] 매콤크림&매운 돼지갈비찜,2022,22561,31,0,0.0,699400,0,699400,무등산식당,밥/반찬/요리,회원
[에브리홈] 건강지킴 술술 벗기편한 위생장갑 50매 1+1,2022,3873,30,0,0.0,116200,0,116200,에브리홈,주방잡화/용품,할인불가
[대국수산] 간편하게 즐기는 신선한 가을전어 1팩 5미,2022,7980,30,4,13.333333333333334,239400,31920,207480,대국수산,수산/건어물/김,할인불가
"[불란서F&B] 찐빵계의 혁명적 삼총사, 불란서 찐빵",2022,21250,30,0,0.0,637500,0,637500,불란서F&B,유제품/베이커리/떡,할인불가
[풀무원] 내몸을 위한 건강한 발효 탄산 레몬 톡스 콤부차,2022,45543,30,2,6.666666666666667,1366300,121800,1244500,풀무원,음료/차,회원 + 비회원
[김오곤원장] 침향녹용단 & 녹용홍삼스틱,2022,75650,30,4,13.333333333333334,2269500,285900,1983600,김오곤원장,건강식품,할인불가
[서울우유] 리얼 프리미엄 우유 아이스크림,2022,38953,30,1,3.333333333333333,1168600,43800,1124800,서울우유,유제품/베이커리/떡,회원
프리미엄 한우 등심+국거리+불고기 실속세트2호,2022,104000,30,2,6.666666666666667,3120000,208000,2912000,Unknown,Unknown,Unknown
[욕실의여왕] 세탁조 세정제 100g 4포,2022,12800,29,0,0.0,371200,0,371200,욕실의여왕,욕실/세정/위생용품,할인불가
[유한양행] 건강한 명품 유산균 알프로렉스,2022,49000,29,0,0.0,1421000,0,1421000,유한양행,건강식품,회원
[하냥농부] 국내산 거창 사과즙 그 두번째 이야기,2022,37000,29,0,0.0,1073000,0,1073000,하냥농부,음료/차,회원
[베스트픽] 작지만 강력한 3in1 캡슐세제,2022,30521,29,1,3.4482758620689653,885100,29800,855300,베스트픽,욕실/세정/위생용품,할인불가
[베스트픽] 작지만 강력한 3in1 캡슐세제,2022,30521,29,1,3.4482758620689653,885100,29800,855300,베스트픽,욕실/세정/위생용품,할인불가
[바베큐아저씨] 복어포구이 200g,2022,11000,29,0,0.0,319000,0,319000,바베큐아저씨,과자/간식/안주,할인불가
[문경사과] 시나노골드 프리미엄 사과 5kg,2022,46724,29,2,6.896551724137931,1355000,90000,1265000,문경사과,농축산/과일/계란,할인불가
[밥도둑푸드] 밥도둑어벤저스 4종SET,2022,37000,28,1,3.571428571428571,1036000,37000,999000,밥도둑푸드,밥/반찬/요리,할인불가
[밥도둑푸드] 여수특산물 돌게장 선물용 1kg 내외,2022,22643,28,0,0.0,634000,0,634000,밥도둑푸드,밥/반찬/요리,할인불가
[가득찬푸드] 잎새 꿩만두,2022,9329,28,0,0.0,261200,0,261200,가득찬푸드,밥/반찬/요리,회원
[키친아트] 달고나 세트 올스텐 국내제작 100% 인덕션겸용,2022,22000,28,0,0.0,616000,0,616000,키친아트,주방잡화/용품,할인불가
[초의차] 세상을 향기롭게 하는 초의꽃차 6종 세트,2022,35000,28,0,0.0,980000,0,980000,초의차,음료/차,할인불가
"[란나] 수면제습, 피로완화 태국 정품 란나 풋 패치",2022,28139,28,1,3.571428571428571,787900,48400,739500,란나,뷰티/다이어트,할인불가
[뉴트리원] 나를 위한 현명한 선택 비비랩 저분자 콜라겐,2022,47757,28,1,3.571428571428571,1337200,39900,1297300,뉴트리원,뷰티/다이어트,회원
[씨즐] 푸짐한 대왕 쭈꾸미해물찜 밀키트,2022,48000,28,0,0.0,1344000,0,1344000,씨즐,수산/건어물/김,회원
[허니럽] 진짜 건강한 꿀 지리산 허니스틱,2022,44364,28,0,0.0,1242200,0,1242200,허니럽,건강식품,회원
[바닮] 고소하게 볶아낸 돌자반 볶음 70g*20봉,2022,52000,28,0,0.0,1456000,0,1456000,바닮,밥/반찬/요리,회원
[바치] 저소음 절전형 초경량 모기사냥,2022,69800,28,0,0.0,1954400,0,1954400,바치,계절가전/계절용품,회원
[김오곤원장] 건자두 푸룬 양배추 환 100g,2022,33343,28,1,3.571428571428571,933600,34900,898700,김오곤원장,건강식품,회원
[흑염소의진심] 흑염소 흑심 불고기,2022,15000,28,2,7.142857142857142,420000,30000,390000,흑염소의진심,농축산/과일/계란,할인불가
[에코] 향기로운 라벤더향 화장실 세정제,2022,21000,28,1,3.571428571428571,588000,25000,563000,에코,욕실/세정/위생용품,회원
[바롬] 오늘부터 석류콜라겐 젤리스틱,2022,17043,28,0,0.0,477200,0,477200,바롬,뷰티/다이어트,할인불가
[헬피던스] 모근을 꽉 잡아주는 하루모환,2022,39800,28,0,0.0,1114400,0,1114400,헬피던스,건강식품,회원
[밥도둑푸드] 자연산 새우장 1kg 20미,2022,17900,27,1,3.7037037037037033,483300,17900,465400,밥도둑푸드,밥/반찬/요리,할인불가
[가득찬푸드] 슈프림 새우만두 350g,2022,8011,27,0,0.0,216300,0,216300,가득찬푸드,밥/반찬/요리,회원
[제주의맛] 제주 구좌향 세척당근,2022,18933,27,0,0.0,511200,0,511200,제주의맛,수산/건어물/김,할인불가
[퍼스트글라스] 풀 티타늄 프리미엄 안경테,2022,115000,27,3,11.11111111111111,3105000,345000,2760000,퍼스트글라스,패션/잡화,회원
[위드웰] 충전식 2세대 셀업 갈바닉 이온 마사지기,2022,50000,27,0,0.0,1350000,0,1350000,위드웰,뷰티/다이어트,회원
[유기방아] 유기농쌀로 만든 유기방아 구워먹는떡,2022,8026,27,0,0.0,216700,0,216700,유기방아,유제품/베이커리/떡,할인불가
[마켓프로즌] 환상의 콜라보레이션 돈까스 핏짜 돈짜,2022,16685,27,0,0.0,450500,0,450500,마켓프로즌,밥/반찬/요리,할인불가
[토리네농장] 청정 제주 자연방목 청계 유정란 청란 20구,2022,28889,27,2,7.4074074074074066,780000,64000,716000,토리네농장,농축산/과일/계란,회원
[베카] 국내생산 고품질 밀폐 용기 12종 택1,2022,17370,27,0,0.0,469000,0,469000,베카,주방잡화/용품,할인불가
[혜정상회] 국산 강경 새우젓 추젓 김장용,2022,41800,27,2,7.4074074074074066,1128600,83600,1045000,혜정상회,김치/젓갈,회원
[토우축산] 냉장 한돈 깨끗한 암퇘지 생목살,2022,23423,26,0,0.0,609000,0,609000,토우축산,Unknown,Unknown
[천호엔케어] 녹용품은 산삼배양근 75ml*10병,2022,122269,26,0,0.0,3179000,0,3179000,천호엔케어,건강식품,회원
[닥터하스킨] 촉촉하고 순한 아로마 에센셜 폼클렌저 150ml,2022,20000,26,0,0.0,520000,0,520000,닥터하스킨,뷰티/다이어트,할인불가
[캠핑밥상] 조개의 감칠맛과 깊이를 더한 봉골레 파스타,2022,16208,26,0,0.0,421400,0,421400,캠핑밥상,국/탕/찌개/면,회원
[메이크힐] 마사지까지 완벽한 V세라 멀티밤,2022,46058,26,0,0.0,1197500,0,1197500,메이크힐,뷰티/다이어트,할인불가
[노포식당] 봄철 건강 보양식 힘문어솥밥,2022,15923,26,0,0.0,414000,0,414000,노포식당,밥/반찬/요리,회원
"[도담상회] 100% 국내산 배로 만든 오늘도, 배즙",2022,35438,26,0,0.0,921400,0,921400,도담상회,건강식품,회원
[더썬] 휴대용 구취제거 구강청결제 케리케어,2022,9227,26,0,0.0,239900,0,239900,더썬,욕실/세정/위생용품,할인불가
[에코벨] 자바라 방식의 물받이가 있는 물받이 우산,2022,12769,26,1,3.8461538461538463,332000,13000,319000,에코벨,계절가전/계절용품,회원
[파라디] 딱딱하지 않은 수제 오란다 과자 란다오,2022,27692,26,0,0.0,720000,0,720000,파라디,과자/간식/안주,회원
[수화연] 혼자서도 쉽게 이지칼라 초간편 새치 염색약,2022,33285,26,1,3.8461538461538463,865400,31900,833500,수화연,Unknown,Unknown
[에머이] 깊고 진한 맛의 소고기 쌀국수 4인분,2022,25000,26,0,0.0,650000,0,650000,에머이,국/탕/찌개/면,회원
[산들해] 반건조 참돔 선물세트,2022,45900,26,0,0.0,1193400,0,1193400,산들해,식품,할인불가
[슈프림캔디] 기름타파 사과맛 다이어트 캔디,2022,129000,26,0,0.0,3354000,0,3354000,슈프림캔디,뷰티/다이어트,회원
[한경희] 휴대용 극세사 전기담요 무선타입,2022,68900,26,7,26.923076923076923,1791400,482300,1309100,한경희,계절가전/계절용품,회원
[바리브] 제트소닉 퀵 드라이어 1800W,2022,79000,26,1,3.8461538461538463,2054000,79000,1975000,바리브,욕실/세정/위생용품,회원
[루셀렌] 스와로브스키 크리스털 블리스원 귀걸이,2022,15500,26,3,11.538461538461538,403000,46500,356500,루셀렌,패션/잡화,할인불가
[포스텐] 리빙아트 바스토 텀블러 850ml,2022,15000,25,0,0.0,375000,0,375000,포스텐,생활용품/차량용품/마스크,할인불가
[미온바이오] 당하식한끼 1box 25포,2022,65000,25,0,0.0,1625000,0,1625000,미온바이오,Unknown,Unknown
[휘겔리다올리] 트리트먼트 오일 오브 로즈힙(튼살바디오일)100ml,2022,30296,25,0,0.0,757400,0,757400,휘겔리다올리,뷰티/다이어트,회원
"[돌핀웨이브] 머리,손목에 탁! 레저 패션 클랩&와이드 선글라스",2022,69000,25,0,0.0,1725000,0,1725000,돌핀웨이브,패션/잡화,회원
"[탐앤탐스] 건강한 제로, 스파클링 워터 플레인",2022,19000,25,1,4.0,475000,19000,456000,탐앤탐스,음료/차,회원
"[에이플던] 발냄새, 신발냄새 잡는 풋풋파우더",2022,16760,25,0,0.0,419000,0,419000,에이플던,욕실/세정/위생용품,할인불가
[신안] 신선한 국내산 급냉새우 1kg,2022,25980,25,1,4.0,649500,27900,621600,신안,수산/건어물/김,할인불가
[아이프리] 감성과 해충 두 가지를 모두 잡는 모기퇴치 훈증기,2022,33300,25,0,0.0,832500,0,832500,아이프리,계절가전/계절용품,회원
[알로하케이크] 무방부제 미니 수제 파이 5종 세트,2022,21900,25,0,0.0,547500,0,547500,알로하케이크,유제품/베이커리/떡,할인불가
[스빈또] 수세미와 세제가 하나로! 스웨덴 올인원 수세미,2022,20830,25,1,4.0,520750,16350,504400,스빈또,주방잡화/용품,회원
[루셀렌] 스와로브스키 크리스털 블리스펄 귀걸이,2022,19500,25,0,0.0,487500,0,487500,루셀렌,패션/잡화,할인불가
[옥도건어물] 바삭한 동결건조칩 7종,2022,6320,25,0,0.0,158000,0,158000,옥도건어물,과자/간식/안주,할인불가
[리본푸드] 땅콩새싹 비건 두유 신아유 15포,2022,22500,25,0,0.0,562500,0,562500,리본푸드,음료/차,회원
[통영닭곱새] 얼큰 칼칼한 닭곱새 1.3kg,2022,30800,25,0,0.0,770000,0,770000,통영닭곱새,밥/반찬/요리,회원
[허브허브] 눈물싹싹,2022,38792,24,0,0.0,931000,0,931000,허브허브,영양제,회원
[밥도둑푸드] 여수낭만포차 묵은지해물삼합 2-3인분,2022,39000,24,2,8.333333333333332,936000,78000,858000,밥도둑푸드,밥/반찬/요리,회원
[헬시아] 아임더닥터 콜라겐워터6000 10병 1box,2022,18896,24,0,0.0,453500,0,453500,헬시아,건강식품,할인불가
[소담한밥상] 한우우족탕 700g 3팩+한우곰탕 700g 2팩,2022,29000,24,0,0.0,696000,0,696000,소담한밥상,국/탕/찌개/면,할인불가
[닥터하스킨] 트러블/여드름/지성라인 미라클아토 에이씨,2022,18750,24,0,0.0,450000,0,450000,닥터하스킨,뷰티/다이어트,할인불가
[산골나라] 영양 꿀부사 & 청기 게르마늄 배 12과 선물세트,2022,67167,24,7,29.166666666666668,1612000,436000,1176000,산골나라,Unknown,Unknown
[블뤼엔] 올클린 제로 주방 행주 향균 99.9%,2022,14250,24,0,0.0,342000,0,342000,블뤼엔,주방잡화/용품,회원
[왕눈이] 서해에서 잡아온 급냉 갑오징어,2022,30900,24,0,0.0,741600,0,741600,왕눈이,수산/건어물/김,회원
[링크페어] 304스텐 28cm웍 + 24cm프라이팬 세트,2022,199000,24,0,0.0,4776000,0,4776000,링크페어,냄비/팬/솥,회원
[돌핀웨이브] FUN한! 남녀 슬리퍼/샌들 6종,2022,51167,24,4,16.666666666666664,1228000,209000,1019000,돌핀웨이브,패션/잡화,회원
[QVE] 마이 헬스가드 안심공간 생활방역,2022,30375,24,0,0.0,729000,0,729000,QVE,욕실/세정/위생용품,할인불가
[돌핀웨이브] 스테디한 디자인의 선글라스 2종,2022,69208,24,0,0.0,1661000,0,1661000,돌핀웨이브,패션/잡화,회원
[렉스퀸] 모어 클린 350W BLDC 무선청소기 2color,2022,299000,24,1,4.166666666666666,7176000,299000,6877000,렉스퀸,생활가전,회원
[박막례x프레시지] 오징어 비빔국수 2팩(4인분),2022,35000,24,0,0.0,840000,0,840000,박막례x프레시지,국/탕/찌개/면,회원
[셀핀다] 가바꿀O 1box 30포,2022,59000,23,1,4.3478260869565215,1357000,59000,1298000,셀핀다,건강,회원
[욕실의여왕] 다목적 세정제 400ml 2통,2022,14900,23,0,0.0,342700,0,342700,욕실의여왕,욕실/세정/위생용품,할인불가
[삼보] 전북 부안 국내산 특허 바이오 죽염간장,2022,11522,23,0,0.0,265000,0,265000,삼보,잼/오일/조미/장,할인불가
[오차드] 어디든지 어울리고 편안한 어텀삭스,2022,12513,23,0,0.0,287800,0,287800,오차드,패션/잡화,할인불가
[힐스타] 패션과 건강을 동시에 게르마늄 팔찌,2022,80000,23,6,26.08695652173913,1840000,480000,1360000,힐스타,Unknown,Unknown
[우리두리] 우리쌀로 만든 우리두리 쌀/단호박 식혜 선물세트,2022,23030,23,0,0.0,529700,0,529700,우리두리,음료/차,할인불가
[쿠비녹스] 리모컨형 스탠드 써큘레이터 선풍기 CX-224RC,2022,139000,23,1,4.3478260869565215,3197000,139000,3058000,쿠비녹스,Unknown,Unknown
[휴가드포유] 햄프씨드 마그네틱 머슬패치 & 머슬테이핑,2022,24122,23,0,0.0,554800,0,554800,휴가드포유,건강용품,회원
[유동커피] 걸작의 탄생 청정 더블로스팅 제주녹차 500ml,2022,36000,23,1,4.3478260869565215,828000,36000,792000,유동커피,음료/차,회원
[느리게걷는농장] 제주 천혜향 주스/밀감 주스,2022,57717,23,1,4.3478260869565215,1327500,27500,1300000,느리게걷는농장,음료/차,할인불가
[이신우] 그래핀 기능형 발열토퍼 퀸사이즈 (150X200),2022,110000,23,1,4.3478260869565215,2530000,110000,2420000,이신우,계절가전/계절용품,회원
[유기농샵] 국내산 유기농 새싹보리분말 50g,2022,8900,23,0,0.0,204700,0,204700,유기농샵,Unknown,Unknown
[노포식당] 카오야 베이징덕 패밀리세트 680g,2022,35000,23,1,4.3478260869565215,805000,30000,775000,노포식당,밥/반찬/요리,회원
[한길사] 조국의 시간,2022,17000,22,0,0.0,374000,0,374000,한길사,도서,회원
[토우축산] 한우 몸보신 사골 명절선물세트,2022,97273,22,1,4.545454545454546,2140000,65000,2075000,토우축산,Unknown,Unknown
[슁켄하우스] 건강한 무항생제 제주돼지로 만든 소시지 육포세트,2022,56909,22,21,95.45454545454544,1252000,1164000,88000,슁켄하우스,농축산/과일/계란,할인불가
[스위스밀리터리] 블루투스 스피커형 무선 눈 마사지기,2022,110000,22,0,0.0,2420000,0,2420000,스위스밀리터리,건강용품,회원
[프리타임마이타임] 데일리 벨크로 남녀 공용 샌들,2022,21500,22,1,4.545454545454546,473000,21500,451500,프리타임마이타임,패션/잡화,회원
[졸리에졸리] Swiss Royal Blue Topaz  AAA등급  한정판 20,2022,298000,22,3,13.636363636363637,6556000,894000,5662000,졸리에졸리,패션/잡화,회원
[퀸나] 매일매일 새것처럼 슬립 케어 침구 청소기,2022,189000,22,1,4.545454545454546,4158000,189000,3969000,퀸나,생활가전,회원
[경남제약] 갑상선 영양제 그린요오드,2022,51818,22,0,0.0,1140000,0,1140000,경남제약,건강식품,회원
[마이디벨] 벨기에 시그니처 감자튀김 4종,2022,8627,22,0,0.0,189800,0,189800,마이디벨,과자/간식/안주,할인불가
[아모제] 겉바속촉 땅콩/고구마 맛탕,2022,27727,22,0,0.0,610000,0,610000,아모제,과자/간식/안주,회원
[허브허브] 피부싹싹 150g,2022,29000,21,1,4.761904761904762,609000,29000,580000,허브허브,영양제,회원
[욕실의여왕] 배수구 세정제 50g 4포,2022,12800,21,0,0.0,268800,0,268800,욕실의여왕,욕실/세정/위생용품,할인불가
[에스티엠코] 목폴라 피치기모 니트 4종세트,2022,49900,21,1,4.761904761904762,1047900,49900,998000,에스티엠코,패션/잡화,회원
[자연농푸드] 밥지을때 넣어먹는 고급 영양나물밥 3종 선물세트,2022,15281,21,0,0.0,320900,0,320900,자연농푸드,밥/반찬/요리,할인불가
[현미박사] 간편하게 즐길 수 있는 현미 마&양배추죽,2022,6429,21,2,9.523809523809524,135000,16000,119000,현미박사,건강식품,할인불가
[블뤼엔] 일회용 수세미/행주/주방세제 세트상품,2022,14886,21,0,0.0,312600,0,312600,블뤼엔,주방잡화/용품,할인불가
[아이프리] 봄맞이 초강력 보풀제거기 2종 택1,2022,31800,21,0,0.0,667800,0,667800,아이프리,생활가전,회원
[채움] 신체항상성과 건강증진 아르기닌진 6000,2022,18000,21,0,0.0,378000,0,378000,채움,건강식품,회원
[대솔] 송이버섯이 들어간 벌꿀 선물세트,2022,45000,21,0,0.0,945000,0,945000,대솔,식품,회원
농협안심 한우 불고기+국거리 선물세트,2022,125905,21,0,0.0,2644000,0,2644000,Unknown,Unknown,Unknown
[치즈가든] 부드러운 스위트크림치즈,2022,20000,21,0,0.0,420000,0,420000,치즈가든,잼/오일/조미/장,회원
"[아이프리] 프리미엄 양면 겨울 차렵이불세트 (SS,Q)",2022,126429,21,0,0.0,2655000,0,2655000,아이프리,계절가전/계절용품,회원
[라이프드림] 멈출 수 없는 라면스낵 쏘이땅 10개입,2022,20467,21,0,0.0,429800,0,429800,라이프드림,식품,회원
[제주네이쳐] 유기농 레드비트 진액 30포,2022,41425,20,0,0.0,828500,0,828500,제주네이쳐,건강식품,할인불가
[헬시아] 알로에센스정 810정 (3개월분),2022,23460,20,0,0.0,469200,0,469200,헬시아,건강식품,할인불가
[헬시아] 아임더닥터 블랙마카 60정 (20일분),2022,15700,20,0,0.0,314000,0,314000,헬시아,건강식품,할인불가
[고성태젓갈] 강원도식 명태회무침,2022,18240,20,1,5.0,364800,19500,345300,고성태젓갈,밥/반찬/요리,할인불가
귀엽고 사랑스러운 동백이 퍼 슬리퍼,2022,25000,20,0,0.0,500000,0,500000,Unknown,Unknown,Unknown
[아이프리] 댕냥이 애착쿠션 바디필로우,2022,24900,20,4,20.0,498000,99600,398400,아이프리,생활용품/차량용품/마스크,할인불가
[기연] 프리미엄 차가버섯 앰플 음료 기연,2022,150000,20,0,0.0,3000000,0,3000000,기연,Unknown,Unknown
[흑삼코리아] 국산 도라지 100% 구증구포 흑도라지 농축액,2022,81000,20,4,20.0,1620000,240000,1380000,흑삼코리아,Unknown,Unknown
[뉴트리케어] 돌외잎주정추출물 리턴투다이어트,2022,86030,20,0,0.0,1720600,0,1720600,뉴트리케어,뷰티/다이어트,할인불가
[보생] 향과 맛이 좋은 송화고버섯,2022,22850,20,0,0.0,457000,0,457000,보생,농축산/과일/계란,할인불가
[아이프리] 이제부터 냄새 걱정은 끝 신발 살균 건조기,2022,62000,20,1,5.0,1240000,69000,1171000,아이프리,생활가전,회원
[산들해] 목포 산지직송 초코색 생물오징어 1kg,2022,27900,20,1,5.0,558000,27900,530100,산들해,식품,할인불가
[산들해] 동물복지 무항생제 깨시민란 30구,2022,18000,20,0,0.0,360000,0,360000,산들해,농축산/과일/계란,할인불가
[엘리사] 최고의 발향력 엘프로스 디퓨져 차량용 130ml,2022,14250,20,0,0.0,285000,0,285000,엘리사,생활용품/차량용품/마스크,할인불가
농협안심 한우 등심+채끝살+갈비살 선물세트,2022,175400,20,0,0.0,3508000,0,3508000,Unknown,Unknown,Unknown
[씨가드] 의사가 만든 세로골 트랜스폼 다리베개,2022,114200,20,0,0.0,2284000,0,2284000,씨가드,생활용품/차량용품/마스크,회원
[아이프리] FX-714/FX-814 충전식 보풀제거기,2022,28760,20,1,5.0,575200,31900,543300,아이프리,생활용품/차량용품/마스크,회원
[유기농샵] 국내산 유기농 건무청 시래기 100g,2022,14000,20,0,0.0,280000,0,280000,유기농샵,Unknown,Unknown
[졸리에졸리] 바로크 진주 목걸이 6컬러 한정판 10,2022,169000,20,1,5.0,3380000,169000,3211000,졸리에졸리,패션/잡화,회원
"[천호엔케어] 1,000% 고농축 위풍당당 여주 분말 30g * 2병 / 1박스",2022,29800,19,1,5.263157894736842,566200,29800,536400,천호엔케어,건강식품,회원
[아이프리] 가볍지만 강력한 레가토 다리미,2022,99000,19,1,5.263157894736842,1881000,99000,1782000,아이프리,생활가전,할인불가
[약산궁] 산양산삼 능이 삼계탕,2022,36000,19,0,0.0,684000,0,684000,약산궁,국/탕/찌개/면,회원
[모로핏] 가볍고 건강한 다이어트워터 브이-컷,2022,52295,19,0,0.0,993600,0,993600,모로핏,뷰티/다이어트,회원
[바로그-식품] 호주산 청정우 근본있는 장조림,2022,41837,19,1,5.263157894736842,794900,36900,758000,바로그-식품,밥/반찬/요리,회원
[해담솔] 깔끔하게 먹을 수 있는 김대감 스틱형 김자반,2022,14005,19,0,0.0,266100,0,266100,해담솔,밥/반찬/요리,할인불가
[의령황금메밀] 쫄깃쫄깃 건강한 쓴메밀 생면/칼국수면,2022,10316,19,0,0.0,196000,0,196000,의령황금메밀,국/탕/찌개/면,회원
[생활살균연구소] 다용도 곰팡이 제거 겸용 청소세제,2022,21847,19,0,0.0,415100,0,415100,생활살균연구소,욕실/세정/위생용품,회원
[바베큐아저씨] 왕오징어다리 160g,2022,9900,19,0,0.0,188100,0,188100,바베큐아저씨,과자/간식/안주,할인불가
[씨엔본스] 두툼한 포항 구룡포 반건조 오징어 5미,2022,20000,19,0,0.0,380000,0,380000,씨엔본스,수산/건어물/김,회원
[로시] 결합형 만능 슬라이서볼 4종 세트,2022,22500,19,0,0.0,427500,0,427500,로시,주방잡화/용품,할인불가
[스위스밀리터리] 뜨끈뜨끈한 PTC 발히터,2022,54000,19,0,0.0,1026000,0,1026000,스위스밀리터리,계절가전/계절용품,회원
[씨스팡] 남성 건강을 위한 멀티맨케어,2022,43526,19,0,0.0,827000,0,827000,씨스팡,건강식품,회원
[수박상회] 리얼 100% 수박칩,2022,61500,19,0,0.0,1168500,0,1168500,수박상회,과자/간식/안주,회원
[루셀렌] 스와로브스키 크리스털 루미너스 스퀘어 스터드 이어링,2022,34900,19,1,5.263157894736842,663100,34900,628200,루셀렌,패션/잡화,할인불가
[아라새우] 프리미엄 무항생제 흰다리생새우,2022,58263,19,0,0.0,1107000,0,1107000,아라새우,수산/건어물/김,회원
[유기농샵] 국내산 생생 야채수 30포,2022,19000,19,0,0.0,361000,0,361000,유기농샵,Unknown,Unknown
[위드웰] 손발 관절테라피 3D 파라핀베스 세트,2022,96579,19,0,0.0,1835000,0,1835000,위드웰,건강용품,회원
[NK타히보] 프리미엄티 액상 타히보차 선물세트 30ml[60포],2022,149000,18,2,11.11111111111111,2682000,298000,2384000,NK타히보,건강식품,할인불가
"[해븐리홈] 정리의 기본, 고급 패브릭 침구 의류 수납함",2022,14750,18,0,0.0,265500,0,265500,해븐리홈,생활용품/차량용품/마스크,할인불가
"[해븐리홈] 정리의 기본 2탄, 다용도 캠핑 폴딩 접이식 박스",2022,26667,18,0,0.0,480000,0,480000,해븐리홈,가구/인테리어,회원
[오일팡] 천연 비스코스원단 행주&수세미,2022,17250,18,3,16.666666666666664,310500,55500,255000,오일팡,주방잡화/용품,회원
[더라운드] 집에서 즐기는 청담레스토랑의 맛 더라운드 라조장,2022,31300,18,0,0.0,563400,0,563400,더라운드,밥/반찬/요리,회원
[아빠식당] 오징어 한판이 예술이 된다! 타짜 오징어볶음,2022,8900,18,0,0.0,160200,0,160200,아빠식당,밥/반찬/요리,할인불가
[빙고씨푸드] 100% 핸드메이드 버터갈릭새우 밀키트 2인분,2022,15900,18,1,5.555555555555555,286200,15900,270300,빙고씨푸드,밥/반찬/요리,회원
[핫이슈] 다가수 숙성방식 유니짜장/직화고기짬뽕 세트,2022,10894,18,0,0.0,196100,0,196100,핫이슈,국/탕/찌개/면,회원
[두다다쿵] 양손 따뜻 미니 핫팩,2022,20606,18,0,0.0,370900,0,370900,두다다쿵,계절가전/계절용품,회원
[다참푸드] 프리미엄 은대구 구이/스테이크,2022,30306,18,0,0.0,545500,0,545500,다참푸드,밥/반찬/요리,할인불가
[하나임푸드] 달콤 바삭 옥수수 핫도그 5개입,2022,23594,18,0,0.0,424700,0,424700,하나임푸드,과자/간식/안주,회원
[제주네이쳐] 배도라지하영 30포,2022,37912,17,0,0.0,644500,0,644500,제주네이쳐,건강식품,할인불가
[제주네이쳐] 프리미엄 석류즙 30포,2022,58176,17,0,0.0,989000,0,989000,제주네이쳐,건강식품,할인불가
[헬시아] 뱀파이어 엘라스틴 60정 (500mg),2022,17071,17,0,0.0,290200,0,290200,헬시아,건강식품,할인불가
[휘겔리다올리] 굿 슬립 필로우 미스트 100ml 향 2종 택1,2022,26465,17,0,0.0,449900,0,449900,휘겔리다올리,뷰티/다이어트,회원
[제주어멍] 제주 갈치/굴비 선물세트,2022,109000,17,4,23.52941176470588,1853000,436000,1417000,제주어멍,수산/건어물/김,할인불가
[쿡선생] 간편조리 홍크림새우 밀키트 2팩,2022,29800,17,0,0.0,506600,0,506600,쿡선생,밥/반찬/요리,회원
"[다해농수산] 장흥 내저 생 찰매생이, 무안 찰감태",2022,18553,17,0,0.0,315400,0,315400,다해농수산,수산/건어물/김,할인불가
[끄니] 친환경 무독성 점착 테이프클리너,2022,9853,17,0,0.0,167500,0,167500,끄니,생활용품/차량용품/마스크,할인불가
[모비로버] 튼튼한 메탈 스마트폰 태블릿 거치대,2022,26900,17,3,17.647058823529413,457300,80700,376600,모비로버,생활용품/차량용품/마스크,회원
"[오메오메] 통 과육과 크림가득, 제주 아이스 오메기떡",2022,37000,17,0,0.0,629000,0,629000,오메오메,유제품/베이커리/떡,할인불가
[바이마르] 리모컨형 모던화이트 7엽날개 써큘레이터 선풍기,2022,149000,17,0,0.0,2533000,0,2533000,바이마르,냄비/팬/솥,할인불가
[아이프리] 자외선 차단과 쿨링효과 골프패치 5회분,2022,19000,17,0,0.0,323000,0,323000,아이프리,뷰티/다이어트,회원
[에코] 매일 깨끗해지는 카라&소매 세척제,2022,13294,17,0,0.0,226000,0,226000,에코,욕실/세정/위생용품,회원
[네이처브릴랑] 단 한장으로 편한 세탁 시트세제,2022,25824,17,0,0.0,439000,0,439000,네이처브릴랑,욕실/세정/위생용품,회원
[산들해] 프리미엄 최상품 성주 꿀 참외,2022,29547,17,0,0.0,502300,0,502300,산들해,농축산/과일/계란,회원
[플레이버] 신이 내린 선물 최고급 대추야자 선물세트,2022,46259,17,0,0.0,786400,0,786400,플레이버,식품,회원
[산들해] 반건조 민어 선물세트,2022,45900,17,1,5.88235294117647,780300,45900,734400,산들해,식품,할인불가
[패미로스] 맛과 영양이 가득한 허니 미숫가루,2022,30000,17,0,0.0,510000,0,510000,패미로스,음료/차,회원
[리잇X밥애] 맛있게 짓는 밥 곤드레 쏙 16g,2022,20988,17,0,0.0,356800,0,356800,리잇X밥애,농축산/과일/계란,회원
[포스텐] 루베크 멀티 전동 다지기 스텐볼세트,2022,32000,16,2,12.5,512000,64000,448000,포스텐,주방가전,할인불가
[호떡장수 정재수] 왕꿀호떡 & 왕씨앗호떡,2022,8225,16,0,0.0,131600,0,131600,호떡장수 정재수,유제품/베이커리/떡,할인불가
[101퍼센트] 가성비 반영구 롤 클리너,2022,19800,16,1,6.25,316800,19800,297000,101퍼센트,생활용품/차량용품/마스크,회원
러블리 리얼 100% 토끼 퍼 슬리퍼,2022,22000,16,0,0.0,352000,0,352000,Unknown,Unknown,Unknown
[이음] 골든후르츠 아이스망고 50g* 30개,2022,24000,16,0,0.0,384000,0,384000,이음,농축산/과일/계란,할인불가
[이레미디어] 주식투자 + 가치투자 + 미국주식 처음공부세트,2022,56500,16,0,0.0,904000,0,904000,이레미디어,도서,회원
[살림을부탁해] 세균과 냄새를 싹싹 천연성분 발포클리너,2022,26338,16,0,0.0,421400,0,421400,살림을부탁해,욕실/세정/위생용품,회원
[웰로스] 신선 식품용 지퍼백 30매,2022,28900,16,1,6.25,462400,28900,433500,웰로스,주방잡화/용품,회원
[제이니] 휴대용 핸즈프리 넥 선풍기 3color,2022,25300,16,2,12.5,404800,50600,354200,제이니,Unknown,Unknown
[아토르] 모기 기피제 안티모스 멀티밤&비누,2022,16588,16,0,0.0,265400,0,265400,아토르,욕실/세정/위생용품,회원
[노포식당] 오븐에서 바싹 구운 먹태리아 갈릭마요,2022,26594,16,0,0.0,425500,0,425500,노포식당,과자/간식/안주,회원
[김녕해녀마을] 쫄깃쫄깃 탱글탱글 제주 마늘 전복장 600g,2022,24000,16,0,0.0,384000,0,384000,김녕해녀마을,밥/반찬/요리,할인불가
[의령황금메밀] 친환경으로 직접 재배한 쓴메밀국수 세트 5종,2022,24875,16,1,6.25,398000,41000,357000,의령황금메밀,국/탕/찌개/면,회원
[스위스밀리터리] 강력한 흡입력 아이봇 로봇청소기,2022,350000,16,1,6.25,5600000,350000,5250000,스위스밀리터리,생활가전,회원
[참자연] 자연송이 고추장&된장 선물세트,2022,33000,16,0,0.0,528000,0,528000,참자연,식품,할인불가
[다온] 한국인 맞춤 소화효소 블랙효소,2022,74100,16,0,0.0,1185600,0,1185600,다온,건강식품,할인불가
[뷰니스] 디톡스 콤부차 스틱 (샤인머스켓/자몽),2022,58500,16,0,0.0,936000,0,936000,뷰니스,음료/차,회원
[데니스골프] DG 남성 양말 10종,2022,13163,16,0,0.0,210600,0,210600,데니스골프,패션/잡화,회원
[미쏘니] 이태리 직수입 리버시블 머플러,2022,320000,16,3,18.75,5120000,960000,4160000,미쏘니,패션/잡화,회원
[잇디스낫댓] 고기함량 65% 치즈 미트볼 500g,2022,14494,16,0,0.0,231900,0,231900,잇디스낫댓,밥/반찬/요리,회원
[제주네이쳐] 요망진 ABC 주스 30포,2022,60767,15,1,6.666666666666667,911500,32000,879500,제주네이쳐,건강식품,할인불가
[제주네이쳐] 석류하영 콜라겐 30포,2022,49867,15,0,0.0,748000,0,748000,제주네이쳐,건강,할인불가
[포스텐] 셰프라인 듀얼레이어 무선 전기주전자 2L,2022,18500,15,1,6.666666666666667,277500,18500,259000,포스텐,주방가전,할인불가
[요리명인] 전통방식 그대로 3번 쪄낸 수제 연잎 영양밥,2022,14400,15,1,6.666666666666667,216000,14400,201600,요리명인,밥/반찬/요리,할인불가
[포세이온] 프리미엄 이온수 샤워기 & 샤워필터,2022,97133,15,0,0.0,1457000,0,1457000,포세이온,Unknown,Unknown
[칼라테레비] 따뜻하고 포근한 누빔 실내 슬리퍼 2족 세트,2022,9300,15,0,0.0,139500,0,139500,칼라테레비,패션/잡화,할인불가
[휘겔리다올리] 프로포즈 데이지 핸드크림 50ml,2022,12153,15,0,0.0,182300,0,182300,휘겔리다올리,뷰티/다이어트,할인불가
[드림하트] 100% 천연 라텍스 기능성 깔창 인솔&패드,2022,20667,15,3,20.0,310000,32000,278000,드림하트,패션/잡화,할인불가
[일흥농산] 1등급 최상의 품질 프리미엄 성주참외,2022,41427,15,1,6.666666666666667,621400,25000,596400,일흥농산,농축산/과일/계란,회원
[디오네] 65년 전통 북유럽 프리미엄 아이스크림,2022,54433,15,1,6.666666666666667,816500,46900,769600,디오네,유제품/베이커리/떡,회원
[렉스퀸] 다양한 브랜드 호환가능 스탠드형 만능 청소기 거치대,2022,30000,15,1,6.666666666666667,450000,30000,420000,렉스퀸,생활가전,회원
[월드바이오팜] 내몸애 우슬담은 녹용 진액 선물세트,2022,49000,15,0,0.0,735000,0,735000,월드바이오팜,건강식품,회원
[산들해] 포항 명물 개복치 수육 500g/1kg,2022,40400,15,1,6.666666666666667,606000,32000,574000,산들해,수산/건어물/김,회원
[헬피던스] 활력을 위한 블랙마카 하루탄환,2022,39207,15,0,0.0,588100,0,588100,헬피던스,건강식품,회원
[닥터크랄레] 발톱&무좀 케어 페디세이버 15ml,2022,26000,15,0,0.0,390000,0,390000,닥터크랄레,욕실/세정/위생용품,회원
[천호엔케어] 기운담은 일품 산삼배양근,2022,198000,15,0,0.0,2970000,0,2970000,천호엔케어,건강식품,회원
[포스텐] 키친아트 뉴 네오 통 5중 스텐냄비 7종,2022,34714,14,8,57.14285714285714,486000,300000,186000,포스텐,냄비/팬/솥,할인불가
[닥터하스킨] 피부 나이를 되돌려주는 주름개선/화이트닝 올인원,2022,57000,14,0,0.0,798000,0,798000,닥터하스킨,뷰티/다이어트,할인불가
[제로퍼센트] 하향식분사 특허 프리미엄 휴대용 손소독제,2022,8307,14,0,0.0,116300,0,116300,제로퍼센트,욕실/세정/위생용품,회원
[알토디자인] 감성 조명 무선 LED 캠핑 램프,2022,25000,14,0,0.0,350000,0,350000,알토디자인,가구/인테리어,회원
[말리몰리] 국내산 남해 통영 가리비장 & 꼬막무침,2022,10600,14,3,21.428571428571427,148400,35100,113300,말리몰리,밥/반찬/요리,회원
[쿠비녹스] 휴대용 클립형 요가 선풍기 CX-216CF,2022,49900,14,1,7.142857142857142,698600,49900,648700,쿠비녹스,Unknown,Unknown
[제스프리] 프리미엄 골드키위 선물세트,2022,39814,14,0,0.0,557400,0,557400,제스프리,농축산/과일/계란,할인불가
[감익는마을] 상주 특산품 왕곶감 선물세트,2022,49000,14,3,21.428571428571427,686000,147000,539000,감익는마을,농축산/과일/계란,회원
[어울리] 쾌변을 부르는 락사 그래뉼,2022,63693,14,2,14.285714285714285,891700,138500,753200,어울리,건강식품,회원
[나무팩토리] 강력한 밀봉 2in1 미니 실링기,2022,14900,14,3,21.428571428571427,208600,44700,163900,나무팩토리,주방잡화/용품,회원
[프란델리] 이태리 프리미엄 텀블러 640ML,2022,79000,14,1,7.142857142857142,1106000,79000,1027000,프란델리,주방잡화/용품,회원
[연미향] 쑥앙금 가래떡 1.6kg,2022,31900,14,0,0.0,446600,0,446600,연미향,유제품/베이커리/떡,할인불가
[라인에히비] 당케 FGF 콜라겐 파워 앰플 50ml,2022,59000,14,0,0.0,826000,0,826000,라인에히비,Unknown,Unknown
[셀핀다] 숙취해소제 스테이 STEI 1box 10포,2022,31538,13,0,0.0,410000,0,410000,셀핀다,건강,회원
[바인하우스] 전자파안심 플렉스 전기요 미니[75cmX180cm],2022,99000,13,1,7.6923076923076925,1287000,99000,1188000,바인하우스,계절가전/계절용품,회원
[웃담] 백인목장 1등급원유 수제 웰빙 요구르트 5종 150ml,2022,25477,13,0,0.0,331200,0,331200,웃담,유제품/베이커리/떡,할인불가
[아테라] 풀그레인 소가죽 멀티 지갑 케이스,2022,99000,13,0,0.0,1287000,0,1287000,아테라,패션/잡화,회원
[생각의길] 어떻게 살 것인가,2022,15000,13,0,0.0,195000,0,195000,생각의길,도서,회원
[블뤼엔] 전성분 1등급 프리미엄 주방세제 디시워시 500ml,2022,17615,13,0,0.0,229000,0,229000,블뤼엔,주방잡화/용품,회원
[씨가드] 의사가 만든 바른자세와 편안함 씨가드 휴대용 목베개,2022,78000,13,0,0.0,1014000,0,1014000,씨가드,생활,할인불가
[탐앤탐스] 수분충전 자몽맛 바디 밸런스 이온,2022,29000,13,1,7.6923076923076925,377000,29000,348000,탐앤탐스,음료/차,회원
"[미플래쉬] 양치와 미백을 동시에, LED 치약 칫솔 세트",2022,49800,13,0,0.0,647400,0,647400,미플래쉬,욕실/세정/위생용품,회원
"[오메오메] 통 과육과 크림가득, 제주 아이스 오메기떡",2022,32962,13,0,0.0,428500,0,428500,오메오메,유제품/베이커리/떡,할인불가
[스타일리스] 어디서든 시원하게 미니 아이스쿨러 무선 냉풍기,2022,69000,13,1,7.6923076923076925,897000,69000,828000,스타일리스,계절가전/계절용품,회원
[머리채] 물과 땀에 강한 뿌리 깊은 흑채,2022,37492,13,0,0.0,487400,0,487400,머리채,Unknown,Unknown
[삼정바이오] 예쁘면서 맛있게 멜팅컷티,2022,97369,13,0,0.0,1265800,0,1265800,삼정바이오,뷰티/다이어트,회원
[델피아] 프리미엄 사과+배+황금향 선물세트,2022,80000,13,1,7.6923076923076925,1040000,80000,960000,델피아,농축산/과일/계란,회원
[위드바디] 가볍게 비워내는 습관 쾌변 위드바디플럼,2022,68923,13,0,0.0,896000,0,896000,위드바디,뷰티/다이어트,회원 + 비회원
[칼라테레비] 슬라이드 수납함+양념통 SET,2022,10800,13,0,0.0,140400,0,140400,칼라테레비,주방잡화/용품,할인불가
[돌멘베이커리] 비건 쿵쿵 맘모스빵 2종 세트,2022,15000,13,0,0.0,195000,0,195000,돌멘베이커리,유제품/베이커리/떡,회원
[바베큐아저씨] 전복미역국/황태미역국/우렁된장국 3종,2022,13200,13,0,0.0,171600,0,171600,바베큐아저씨,국/탕/찌개/면,할인불가
[닥터글로덤] 젤리팩 1box 30포,2022,29000,12,2,16.666666666666664,348000,58000,290000,닥터글로덤,뷰티/다이어트,회원
탈모완화 기능성 샴푸 털털샴푸 400ml,2022,47975,12,0,0.0,575700,0,575700,Unknown,Unknown,Unknown
[NK플러스] 건강기능 멀티비타민 면역력강화 1box[3병],2022,29000,12,3,25.0,348000,87000,261000,NK플러스,Unknown,Unknown
[에브리홈] 건강지킴 엠보싱 일회용 수세미 60매 1+1,2022,7283,12,0,0.0,87400,0,87400,에브리홈,주방잡화/용품,할인불가
[헬시아] 아임더닥터 크랜베리 60정 (30일분),2022,21983,12,0,0.0,263800,0,263800,헬시아,건강식품,할인불가
[포스텐] 올케이 국내산 스텐 사각 채반 바구니 2종세트 (대+소),2022,17900,12,0,0.0,214800,0,214800,포스텐,조리도구,할인불가
[포스텐] 루베크 프리미엄 티포트 1.7L,2022,31000,12,0,0.0,372000,0,372000,포스텐,주방가전,할인불가
[포스텐] 키친아트 국내산 스텐 원형 볼바구니 3종세트,2022,18900,12,0,0.0,226800,0,226800,포스텐,조리도구,할인불가
[꼼꼼패드] 국내산 프리미엄 배변패드 표준형 42g 50매,2022,30650,12,1,8.333333333333332,367800,35000,332800,꼼꼼패드,위생/케어/패드,할인불가
[삼보] 전북 부안 무형문화재 제 23호 죽염 3종,2022,11542,12,0,0.0,138500,0,138500,삼보,잼/오일/조미/장,할인불가
[희재농원] 김천 건조표고버섯 선물세트,2022,48750,12,0,0.0,585000,0,585000,희재농원,식품,할인불가
[봄날] 손질없이 편리한 100%리얼 미니군고구마 외 2종,2022,10100,12,2,16.666666666666664,121200,19600,101600,봄날,과자/간식/안주,할인불가
[아이프리] 모자 스팀 살균 건조 스타일러 캡스타일리쉬,2022,149000,12,1,8.333333333333332,1788000,149000,1639000,아이프리,생활,할인불가
[알토디자인] 모션감지 무선 LED 스틱 센서등,2022,39800,12,0,0.0,477600,0,477600,알토디자인,생활가전,회원
[PGA투어] 아이웨어 브룩스 선글라스,2022,139000,12,0,0.0,1668000,0,1668000,PGA투어,패션/잡화,회원
[브로커] 언제 어디서나 편안한 데일리 라운드 안경테,2022,40900,12,0,0.0,490800,0,490800,브로커,패션/잡화,회원
[보생] 송이보다 맛있는 송화고버섯,2022,25167,12,0,0.0,302000,0,302000,보생,농축산/과일/계란,할인불가
[바이마르] 미니멀 히든쉐프 전기보온밥솥 2.5L,2022,99000,12,1,8.333333333333332,1188000,99000,1089000,바이마르,주방가전,회원
[강개상인] 피부속부터 건강하게  홍삼석류콜라겐,2022,99000,12,2,16.666666666666664,1188000,198000,990000,강개상인,건강식품,회원
[일산비빔국수] 수제 7곡 수제비 왕만두전골,2022,16267,12,0,0.0,195200,0,195200,일산비빔국수,국/탕/찌개/면,할인불가
[리잇] 간편한 만능 간장/비빔장 소스,2022,8233,12,0,0.0,98800,0,98800,리잇,잼/오일/조미/장,할인불가
[칼라테레비] 겨울 털신 베이직 슬리퍼 1+1,2022,12500,12,0,0.0,150000,0,150000,칼라테레비,패션/잡화,할인불가
[몬스터상회] 화성에서온 후라이드 진미채튀김,2022,12842,12,0,0.0,154100,0,154100,몬스터상회,과자/간식/안주,회원
[옛담] 무쇠철판에 직접 구운 현미&찹쌀 누룽지 2kg,2022,39800,12,0,0.0,477600,0,477600,옛담,과자/간식/안주,할인불가
[루셀렌] 스와로브스키 크리스털 트윙클 스톤 이어링,2022,32000,12,0,0.0,384000,0,384000,루셀렌,패션/잡화,할인불가
[밥도둑푸드] 프리미엄 선물세트 4종,2022,105000,11,1,9.090909090909092,1155000,105000,1050000,밥도둑푸드,밥/반찬/요리,회원
[포스텐] 키친아트 사각 그릴팬 28cm,2022,16900,11,0,0.0,185900,0,185900,포스텐,냄비/팬/솥,할인불가
[클린버블] 세탁조 클리너,2022,20709,11,2,18.181818181818183,227800,35600,192200,클린버블,욕실/세정/위생용품,할인불가
[코벤] 하루 20분! 스마트 훌라우프,2022,23900,11,0,0.0,262900,0,262900,코벤,건강용품,할인불가
[보카스] 유아용 손톱깍기 / 손톱깍기세트 [구성선택],2022,10636,11,0,0.0,117000,0,117000,보카스,생활용품/차량용품/마스크,할인불가
[생각의길] 유시민의 글쓰기 특강,2022,15000,11,1,9.090909090909092,165000,15000,150000,생각의길,도서,회원
[참이누리] 초소형 유아용 마스크 20매,2022,18500,11,0,0.0,203500,0,203500,참이누리,생활용품/차량용품/마스크,할인불가
[블뤼엔] 헛구역질 유발 최소화 U자형 혀 클리너,2022,12000,11,0,0.0,132000,0,132000,블뤼엔,욕실/세정/위생용품,회원
[우먼인사이트] 미니 불멍키트 에탄올램프,2022,26500,11,0,0.0,291500,0,291500,우먼인사이트,가구/인테리어,할인불가
[PGA투어] 아이웨어 조던 선글라스,2022,139000,11,0,0.0,1529000,0,1529000,PGA투어,패션/잡화,회원
[차연] 약산성 그린티 데일리 토너패드,2022,53836,11,0,0.0,592200,0,592200,차연,뷰티/다이어트,할인불가
[카타민] 유종무관! 친환경 엔진영양제 카타민 메가파워,2022,25620,11,0,0.0,281820,0,281820,카타민,생활용품/차량용품/마스크,할인불가
[스타일리스] 활용도가 높은 키다리 접이식 무선 선풍기,2022,69000,11,2,18.181818181818183,759000,138000,621000,스타일리스,계절가전/계절용품,회원
[슈엘로] 100%국내산 원료 + 화학첨가물 ZERO 작두콩 호박팥 차,2022,38827,11,1,9.090909090909092,427100,57800,369300,슈엘로,음료/차,할인불가
[파나소닉] 강력한 제트워셔 구강세정기/휴대용 음파 전동칫솔,2022,180536,11,2,18.181818181818183,1985900,347600,1638300,파나소닉,욕실/세정/위생용품,회원
[플레이버] 히말라야 솔트 그라인더 선물세트,2022,39800,11,0,0.0,437800,0,437800,플레이버,식품,회원
[산들해] 반건조 농어 선물세트,2022,49900,11,0,0.0,548900,0,548900,산들해,식품,할인불가
[SFC바이오] 소화흡수 프로젝트 닥터헬리파,2022,87000,11,0,0.0,957000,0,957000,SFC바이오,건강식품,회원
[염라대왕] 지옥에서 온 스윗&스파이시 스낵,2022,6409,11,0,0.0,70500,0,70500,염라대왕,과자/간식/안주,회원
[랜드키스] 스웨이드 테슬 로퍼 수제화 17color,2022,58636,11,4,36.36363636363637,645000,235000,410000,랜드키스,패션/잡화,회원
[아임필터] 세라믹볼 샤워헤드/비타민 필터,2022,9682,11,0,0.0,106500,0,106500,아임필터,욕실/세정/위생용품,회원
[쿨린] 263 모션센서 초음파 무선가습기 800ml,2022,52900,11,2,18.181818181818183,581900,105800,476100,쿨린,계절가전/계절용품,회원
[이젠슬림] 껍질 없는 통통 미니 군고구마,2022,17500,11,0,0.0,192500,0,192500,이젠슬림,과자/간식/안주,할인불가
[바툼] 전기난로 스토브 오뜨시즌2,2022,220000,11,3,27.27272727272727,2420000,660000,1760000,바툼,계절가전/계절용품,회원
[한일의료기] 코지아 인공지능 EMF 전기요,2022,145364,11,2,18.181818181818183,1599000,298000,1301000,한일의료기,계절가전/계절용품,회원
[프란델리] 프레스카 통주물 멀티팬 28,2022,109000,11,1,9.090909090909092,1199000,109000,1090000,프란델리,냄비/팬/솥,회원
[루셀렌] 스와로브스키 크리스털 엔틱루시아 귀걸이,2022,32800,11,0,0.0,360800,0,360800,루셀렌,패션/잡화,할인불가
[대웅생명과학] 뉴질랜드 순도 91.6% 고품질 락토페린,2022,53536,11,0,0.0,588900,0,588900,대웅생명과학,건강식품,회원
[유기농샵] 국내산 유기농 통우엉 500g,2022,14000,11,0,0.0,154000,0,154000,유기농샵,Unknown,Unknown
[밥도둑푸드] 여수 초롱무 총각김치 1kg,2022,18000,10,0,0.0,180000,0,180000,밥도둑푸드,김치/젓갈,회원
[포스텐] 키친아트 플라워 칼라 다이아몬드 후라이팬 3종 26cm,2022,26000,10,1,10.0,260000,26000,234000,포스텐,냄비/팬/솥,할인불가
[메디셀바이오] 에이티피 네추럴크림 100ml,2022,26850,10,0,0.0,268500,0,268500,메디셀바이오,뷰티/다이어트,할인불가
[삼보] 생으로도 먹는 정깊은 죽염 생청국장 200g,2022,6150,10,0,0.0,61500,0,61500,삼보,잼/오일/조미/장,할인불가
[백운] 순살 간장게장 300g,2022,25000,10,0,0.0,250000,0,250000,백운,밥/반찬/요리,할인불가
[제주네이쳐] 풋귤 몰랑몰랑 곤약젤리,2022,25250,10,0,0.0,252500,0,252500,제주네이쳐,뷰티/다이어트,할인불가
슬림하게 잘빠진 로앤골지 미들앵글부츠,2022,34000,10,3,30.0,340000,102000,238000,Unknown,Unknown,Unknown
"[탐라는향] 깊은 감칠맛, 만능 성게알소스",2022,28900,10,1,10.0,289000,28900,260100,탐라는향,잼/오일/조미/장,할인불가
[제주어멍] 제주 갈치/고등어/굴비 선물세트,2022,80000,10,3,30.0,800000,220000,580000,제주어멍,수산/건어물/김,할인불가
[코카콜라] 50주년 기념 한정판 캡모자,2022,30000,10,0,0.0,300000,0,300000,코카콜라,패션/잡화,회원
"[함께북스] 너무 다른, 너무 같은 두 남자 이야기",2022,15000,10,0,0.0,150000,0,150000,함께북스,도서,회원
[셀핀다] 고순도 프리미엄 발효가바 100% 1500mg [계좌이체전용],2022,69000,10,0,0.0,690000,0,690000,셀핀다,건강,회원
[블뤼엔] 에코서트 인증 보습강화 주방전용 핸드워시 3종세트,2022,25380,10,0,0.0,253800,0,253800,블뤼엔,주방잡화/용품,회원
[셀핀다] 고순도 프리미엄 발효가바 가바750/1500/가바꿀O [계좌이체전용],2022,160800,10,0,0.0,1608000,0,1608000,셀핀다,건강,회원
[오버랩] 어반스토프 시티 캐쥬얼 오버레이드 스니커즈,2022,129000,10,1,10.0,1290000,129000,1161000,오버랩,패션/잡화,회원
[아토와이즈] 뉴질랜드 천연원료 누 더마 크림,2022,40640,10,0,0.0,406400,0,406400,아토와이즈,뷰티/다이어트,할인불가
[링크페어] 플라워 키친툴 4종 세트,2022,99000,10,1,10.0,990000,99000,891000,링크페어,조리도구,회원
[묘미담] 국산 3년근 도라지정과 도라지청 선물세트,2022,69900,10,0,0.0,699000,0,699000,묘미담,건강식품,회원
[홈니즈] 1+1 핸디형 선풍기(거치대) GT-SF5000H,2022,59900,10,0,0.0,599000,0,599000,홈니즈,Unknown,Unknown
[맘스품] 3D 에어 매쉬 풍기인견 쿨매트,2022,122000,10,0,0.0,1220000,0,1220000,맘스품,Unknown,Unknown
[엠피온] 고성능 3중 필터 차량용+휴대용 공기청정기,2022,47000,10,0,0.0,470000,0,470000,엠피온,생활용품/차량용품/마스크,할인불가
[비오씨이래] 건강한 모발을 위한 마사지 브러쉬 닥터콤,2022,69000,10,1,10.0,690000,69000,621000,비오씨이래,생활용품/차량용품/마스크,회원
[정관장] 홍삼보감 50ml*30포,2022,69000,10,0,0.0,690000,0,690000,정관장,Unknown,Unknown
[국개대표] 100% 국내산 치킨가슴살육포  70g 내외,2022,8500,10,0,0.0,85000,0,85000,국개대표,사료/간식,회원
[동우리빙] 가성비가 뛰어난 양면 솥뚜껑 그리들팬 (대나무젓가락증정),2022,36400,10,2,20.0,364000,70000,294000,동우리빙,냄비/팬/솥,할인불가
[대명] 좋은 습관 걸이형 제습제 케어프린,2022,11900,10,0,0.0,119000,0,119000,대명,생활용품/차량용품/마스크,회원
[컨어스] 고급 조리 기법으로 만든 훈제 연어 수비드,2022,32000,10,0,0.0,320000,0,320000,컨어스,밥/반찬/요리,할인불가
[벨라랩] 여성이 직접 만든 와잇 여성청결제,2022,119800,10,0,0.0,1198000,0,1198000,벨라랩,욕실/세정/위생용품,회원
[산들해] 포항 산지직송 반건조 도루묵 1kg,2022,19900,10,3,30.0,199000,59700,139300,산들해,수산/건어물/김,할인불가
[이너블] 500달톤 필름형 콜라겐 자몽맛,2022,180000,10,0,0.0,1800000,0,1800000,이너블,뷰티/다이어트,회원
[바베큐아저씨] 오징어160g+복어포200g 왕복세트,2022,19800,10,0,0.0,198000,0,198000,바베큐아저씨,과자/간식/안주,할인불가
[레드아일랜드] 엔조이 커플 스파이시 핫시즈닝,2022,9800,10,0,0.0,98000,0,98000,레드아일랜드,잼/오일/조미/장,할인불가
[플레이버] 와인안주 플래터 선물세트,2022,42800,10,1,10.0,428000,39800,388200,플레이버,식품,회원
[오늘은] 활력 에너지 오늘은 L-아르기닌,2022,64300,10,0,0.0,643000,0,643000,오늘은,건강식품,회원
[노포식당] 닭갈비/고추장제육/간장제육 3종 세트 2.4kg,2022,50000,10,0,0.0,500000,0,500000,노포식당,밥/반찬/요리,회원
[란체티/링스] 여성용 겨울 방한 순모장갑,2022,15900,10,1,10.0,159000,15900,143100,란체티/링스,패션/잡화,회원
[가득찬푸드] 갈비향 가득 갈비꿩만두 600g,2022,9600,9,1,11.11111111111111,86400,9600,76800,가득찬푸드,밥/반찬/요리,회원
[제주네이쳐] 알로에하영 30포,2022,37278,9,0,0.0,335500,0,335500,제주네이쳐,건강식품,할인불가
[포스텐] 키친아트 국내산 스텐 타공 원형바구니 3종세트,2022,29000,9,0,0.0,261000,0,261000,포스텐,조리도구,할인불가
[포스텐] 대용량 절전형 에어프라이어 7L,2022,65900,9,2,22.22222222222222,593100,131800,461300,포스텐,주방가전,할인불가
[욕실의여왕] 변기 세정제 50g 4포,2022,12800,9,0,0.0,115200,0,115200,욕실의여왕,욕실/세정/위생용품,할인불가
[삼보] 전북 부안 국내산 특허 바이오 죽염된장,2022,33333,9,0,0.0,300000,0,300000,삼보,잼/오일/조미/장,할인불가
[제주바다] 감태밀면 200g x 3개(3인분) + 소스 300g 택1,2022,17244,9,1,11.11111111111111,155200,18900,136300,제주바다,국/탕/찌개/면,할인불가
[동문가채] 디어진저 프리미엄 수제 생강청 36스틱(선물세트),2022,34000,9,0,0.0,306000,0,306000,동문가채,음료/차,할인불가
[제주어멍] 제주 옥돔 선물세트,2022,113889,9,0,0.0,1025000,0,1025000,제주어멍,수산/건어물/김,할인불가
[제주어멍] 제주 갈치/옥돔 선물세트,2022,138000,9,0,0.0,1242000,0,1242000,제주어멍,수산/건어물/김,할인불가
[제주어멍] 제주 갈치/고등어 선물세트,2022,116667,9,0,0.0,1050000,0,1050000,제주어멍,수산/건어물/김,할인불가
[블뤼엔] 올클린 버블 특수 엠보싱 일회용 수세미,2022,23778,9,0,0.0,214000,0,214000,블뤼엔,주방잡화/용품,할인불가
[링크페어] 304스텐 초고압 압력솥 3.0L,2022,598000,9,1,11.11111111111111,5382000,598000,4784000,링크페어,주방가전,회원 + 비회원
[정관장] 홍삼보가 50ml*30포,2022,65000,9,0,0.0,585000,0,585000,정관장,Unknown,Unknown
[국개대표] 성장기에 좋은 돼지코2p 30g 내외,2022,5600,9,0,0.0,50400,0,50400,국개대표,사료/간식,회원
[비오씨이래] 스마트하고 간편한 뜸기 닥터핫스팟,2022,25600,9,5,55.55555555555556,230400,19500,210900,비오씨이래,건강용품,회원
[오엘라] 저소음 흡입식 2종 블레이드 애견 이발기,2022,32900,9,0,0.0,296100,0,296100,오엘라,위생/케어/패드,할인불가
[300야드] 비거리 증가 발란스 인솔,2022,65500,9,1,11.11111111111111,589500,65500,524000,300야드,패션/잡화,할인불가
[위미] 인바디 체크용 그립핏 스마트 체중계,2022,85200,9,0,0.0,766800,0,766800,위미,건강용품,할인불가
[대솔] 자연산 송이버섯 추출물 꿀차 선물세트,2022,30000,9,0,0.0,270000,0,270000,대솔,식품,할인불가
농협안심 한우 등심+불고기+국거리+갈비살 선물세트,2022,208000,9,0,0.0,1872000,0,1872000,Unknown,Unknown,Unknown
[키토그린] 건강한 삶을 위한 그래놀라 시그니처 200g,2022,14800,9,0,0.0,133200,0,133200,키토그린,건강식품,할인불가
[씨즐] 프리미엄 차돌박이 전복 관자 삼합구이 밀키트,2022,61222,9,0,0.0,551000,0,551000,씨즐,밥/반찬/요리,회원
[레드아일랜드] 엔조이 커플 스파이시 라구소스,2022,12467,9,0,0.0,112200,0,112200,레드아일랜드,잼/오일/조미/장,할인불가
[더프레스카랩] 리페어 토너(건성/민감성/복합성) 200ml,2022,35000,9,0,0.0,315000,0,315000,더프레스카랩,뷰티/다이어트,회원
[칼라테레비] 겨울 털신 소프트 슬리퍼 1+1,2022,12500,9,0,0.0,112500,0,112500,칼라테레비,패션/잡화,할인불가
[파우더쉐프] 이장우x쯔양 다용도 맛능가루,2022,13678,9,0,0.0,123100,0,123100,파우더쉐프,잼/오일/조미/장,할인불가
[씨스팡] 가르시니아 늘비움 다이어트,2022,82178,9,0,0.0,739600,0,739600,씨스팡,뷰티/다이어트,회원
[초의차] 명인의 진향&연향 100티백,2022,48333,9,0,0.0,435000,0,435000,초의차,음료/차,회원
[란체티/링스] 남성용 겨울 방한 순모장갑 4종,2022,15900,9,0,0.0,143100,0,143100,란체티/링스,패션/잡화,회원
[에이치케이코퍼레이션] 크리스탈클라우드 음파전동칫솔,2022,59900,9,0,0.0,539100,0,539100,에이치케이코퍼레이션,욕실/세정/위생용품,회원
더콘가글Q 스틱형 1box[30포],2022,18000,8,0,0.0,144000,0,144000,30포,욕실/세정/위생용품,회원
[실버라이닝] 웨이브 항균 페이스 타월,2022,46690,8,0,0.0,373520,0,373520,실버라이닝,생활용품/차량용품/마스크,할인불가
[실버라이닝] 항균 발매트,2022,22275,8,4,50.0,178200,106200,72000,실버라이닝,생활용품/차량용품/마스크,회원
라포레 유기농 100% 순면커버 생리대 4종구성,2022,23288,8,0,0.0,186300,0,186300,Unknown,Unknown,Unknown
[포스텐] 리빙센스 무선 전기 멀티포트1.7L + 라면기세트,2022,18900,8,0,0.0,151200,0,151200,포스텐,주방가전,할인불가
[욕실의여왕] 곰팡이 제거젤 150g 3개,2022,20700,8,0,0.0,165600,0,165600,욕실의여왕,욕실/세정/위생용품,할인불가
"[루고코리아] 일상 속 반려식물 보금자리, 핸드메이드 다육화분 12종 택1",2022,29125,8,1,12.5,233000,27900,205100,루고코리아,가구/인테리어,할인불가
[카타민] 유종무관! 친환경 엔진영양제 카타민 메가파워,2022,26158,8,0,0.0,209260,0,209260,카타민,생활용품/차량용품/마스크,할인불가
[제주어멍] 제주 갈치 선물세트,2022,136500,8,0,0.0,1092000,0,1092000,제주어멍,수산/건어물/김,할인불가
[수라굴비] 영광굴비 명절오가/고추장굴비 선물용 선물세트 (선택),2022,144981,8,0,0.0,1159850,0,1159850,수라굴비,수산/건어물/김,할인불가
[천호엔케어] 흑마늘 더 블랙 70ml*30포,2022,230000,8,0,0.0,1840000,0,1840000,천호엔케어,건강식품,회원
[제주의맛] 제주 100% 자연산 잘말린톳,2022,12000,8,0,0.0,96000,0,96000,제주의맛,수산/건어물/김,할인불가
[셀핀다] 가바꿀O 1box 30포 (타임특가),2022,59000,8,0,0.0,472000,0,472000,셀핀다,건강,회원
[르시크릿] 국내산 배초향과 각종 영양소까지 아가트리 스킨,2022,92288,8,0,0.0,738300,0,738300,르시크릿,뷰티/다이어트,회원
[국개대표] 보양식 치킨북어 치북말이 70g 내외,2022,9400,8,0,0.0,75200,0,75200,국개대표,사료/간식,회원
[국개대표] 바삭한 연어와 닭고기로 만든 살몬 스틱 70g 내외,2022,9800,8,0,0.0,78400,0,78400,국개대표,사료/간식,회원
[국개대표] 치킨안심과 고구마 조합 치고 말이 80g 내외,2022,9200,8,0,0.0,73600,0,73600,국개대표,사료/간식,회원
[메르넬] 포어 시카 핏 데일리 뽑아쓰는 마스크팩,2022,35000,8,3,37.5,280000,105000,175000,메르넬,뷰티/다이어트,회원
[스위스밀리터리] 360˚ 프레시 타워 공기청정기,2022,230000,8,1,12.5,1840000,230000,1610000,스위스밀리터리,생활가전,회원
"[에스모도] 300 고속 무선 충전 흡착 10,000mAh 보조배터리",2022,27800,8,0,0.0,222400,0,222400,에스모도,생활가전,할인불가
[쿨린] MAX 대용량 보조배터리 3만/5만mAh 2종,2022,51300,8,1,12.5,410400,54800,355600,쿨린,생활가전,할인불가
[바록스] 스포츠 마사지겔 류현진 크림,2022,20250,8,0,0.0,162000,0,162000,바록스,건강용품,할인불가
[에슬레나] 각질케어 및 집중보습 레그팩 릴렉싱 다리팩,2022,61000,8,0,0.0,488000,0,488000,에슬레나,뷰티/다이어트,회원
[한샘] 마이쿡 캔들우드 칼4종세트,2022,99000,8,0,0.0,792000,0,792000,한샘,조리도구,회원
[비퓨어] 향균과 탈취를 한번에! 패브릭 미스트,2022,26750,8,0,0.0,214000,0,214000,비퓨어,욕실/세정/위생용품,회원 + 비회원
[화이트크래프트] 슬로우 라이프 컨버스화,2022,79000,8,0,0.0,632000,0,632000,화이트크래프트,패션/잡화,회원
[바리브] 모던 파스텔 2인/4인 그릇세트,2022,106500,8,0,0.0,852000,0,852000,바리브,수저/양식기,회원
[휴봇] 쾌적한 휴대용 공기청정기,2022,79588,8,0,0.0,636700,0,636700,휴봇,생활용품/차량용품/마스크,회원
[테팔] 에센셜 매직핸즈 멀티팬 3p,2022,160000,8,1,12.5,1280000,160000,1120000,테팔,냄비/팬/솥,회원
[보노H&B] 프리미엄 덴탈매스미르치약,2022,35750,8,0,0.0,286000,0,286000,보노H&B,욕실/세정/위생용품,할인불가
[노플라스틱] 천연 펄프 종이수세미,2022,21250,8,0,0.0,170000,0,170000,노플라스틱,주방잡화/용품,할인불가
[NK타히보] 530 삼각티백 타히보차 티백 1box[30포],2022,85429,7,1,14.285714285714285,598000,119600,478400,NK타히보,건강식품,할인불가
[실버라이닝] 배게커버,2022,41886,7,6,85.71428571428571,293200,248200,45000,실버라이닝,생활용품/차량용품/마스크,할인불가
[바인하우스] 전자파안심 플렉스 전기요 퀸[150cmX180cm],2022,139000,7,1,14.285714285714285,973000,139000,834000,바인하우스,계절가전/계절용품,회원
[밥도둑푸드] 장흥식 소고기 삼합 구이세트 2인,2022,30000,7,0,0.0,210000,0,210000,밥도둑푸드,밥/반찬/요리,회원
"디테일에 강한 유능한 진보 이재명, 한다면 한다",2022,16000,7,1,14.285714285714285,112000,16000,96000,Unknown,Unknown,Unknown
[포스텐] 리빙센스 와플메이커 3 in 1,2022,29900,7,0,0.0,209300,0,209300,포스텐,주방가전,할인불가
[포스텐] 키친아트 타원형 생선구이 그릴팬,2022,16900,7,0,0.0,118300,0,118300,포스텐,냄비/팬/솥,할인불가
[포스텐] 리빙아트 접이식 무선 전기주전자 0.6L,2022,19500,7,1,14.285714285714285,136500,19500,117000,포스텐,주방가전,할인불가
[요리명인] 전통방식 그대로 3번 쪄낸 운수 대통 영양밥,2022,13771,7,0,0.0,96400,0,96400,요리명인,밥/반찬/요리,할인불가
[클린데이] 국내생산 올인원 캡슐세제,2022,26371,7,1,14.285714285714285,184600,25000,159600,클린데이,욕실/세정/위생용품,할인불가
[슈블리] 몽글몽글 기분좋은 몽그리슬리퍼,2022,24000,7,1,14.285714285714285,168000,24000,144000,슈블리,패션/잡화,회원
[다정한상점] 직접 그린 2022년 제철음식 달력,2022,15900,7,0,0.0,111300,0,111300,다정한상점,가구/인테리어,할인불가
[다섯수레] 아름다운 목가구 만들기,2022,52000,7,0,0.0,364000,0,364000,다섯수레,도서,회원
[바이오타] 90년 전통 스위스 7데이 클렌즈 프로그램(디톡스),2022,247350,7,0,0.0,1731450,0,1731450,바이오타,뷰티/다이어트,회원
[뷰니스] 우리 몸을 생각한 다이어트 컨트롤V,2022,105286,7,1,14.285714285714285,737000,184000,553000,뷰니스,뷰티/다이어트,회원
[뷰니스] 피부를 완성하는 생기케어 저분자 콜라겐,2022,42700,7,0,0.0,298900,0,298900,뷰니스,뷰티/다이어트,할인불가
[빌리빈] 두가지 요리를 동시에! 미니 멀티 그릴,2022,34000,7,0,0.0,238000,0,238000,빌리빈,주방가전,할인불가
[닥터다니엘] 중년의 건강을 책임지는 브이파워 더블맥스/파이토젠 퀸플러스,2022,149000,7,2,28.57142857142857,1043000,298000,745000,닥터다니엘,건강식품,회원
[에스틴] 고양이 복합영양제 요로고 키튼/어덜트,2022,36000,7,0,0.0,252000,0,252000,에스틴,영양제,회원
[뉴트리원] 탱글탱글 맛있는 코코칼슘젤리,2022,58500,7,1,14.285714285714285,409500,75900,333600,뉴트리원,건강식품,회원
[페라리] 인체공학적 페라리 스쿠데리아 백팩 4종,2022,29000,7,7,100.0,203000,203000,0,페라리,패션/잡화,할인불가
[정관장] 홍삼정화스틱  10ml*30포,2022,120000,7,2,28.57142857142857,840000,240000,600000,정관장,Unknown,Unknown
[키친아트] 통주물 그리들팬 (대나무젓가락증정),2022,19900,7,2,28.57142857142857,139300,39800,99500,키친아트,냄비/팬/솥,할인불가
[에버홈] 쾌적한 실내생활 오감 미니 제습기,2022,59000,7,0,0.0,413000,0,413000,에버홈,계절가전/계절용품,회원
[치즈가든] 리얼 액상형 에멘탈튜브치즈,2022,23800,7,0,0.0,166600,0,166600,치즈가든,잼/오일/조미/장,회원
[델피아] 럭셔리 프리미엄 머스크메론 선물세트,2022,67929,7,0,0.0,475500,0,475500,델피아,농축산/과일/계란,회원
[참자연] 대관령 황태 혼합 선물세트,2022,39571,7,0,0.0,277000,0,277000,참자연,식품,회원
[델피아] 프리미엄 사과+배+샤인머스켓 선물세트,2022,160000,7,0,0.0,1120000,0,1120000,델피아,농축산/과일/계란,회원
[스위스밀리터리] 110P 가정용 공구세트,2022,85000,7,1,14.285714285714285,595000,85000,510000,스위스밀리터리,생활용품/차량용품/마스크,회원
[더프레스카랩] 리페어 클렌징젤(건성/복합성/민감성) 200ml,2022,28000,7,0,0.0,196000,0,196000,더프레스카랩,욕실/세정/위생용품,회원
[타미힐피거] 정품 남녀공용 코튼 가디건,2022,160000,7,1,14.285714285714285,1120000,160000,960000,타미힐피거,패션/잡화,회원
[쿨린] 110 초음파 미니 가습기 1L,2022,62000,7,0,0.0,434000,0,434000,쿨린,계절가전/계절용품,회원
[쿨린] 410T IoT 분리세척 대용량 가습기 4L,2022,125000,7,2,28.57142857142857,875000,250000,625000,쿨린,계절가전/계절용품,회원
[코끼리] 포터블 휴대용 전기 히터,2022,35000,7,0,0.0,245000,0,245000,코끼리,계절가전/계절용품,회원
[닥터정수봉] 맛있는 한잔 다이어트 카페 30포,2022,55443,7,0,0.0,388100,0,388100,닥터정수봉,뷰티/다이어트,회원
[루베크] 304 다용도 멀티 쿠커 2.5L,2022,79000,7,0,0.0,553000,0,553000,루베크,냄비/팬/솥,회원
[유기농샵] 국내산 유기농 양배추 2kg,2022,14200,7,0,0.0,99400,0,99400,유기농샵,Unknown,Unknown
[란체티] 여성용 겨울 스포츠레져 방한장갑,2022,15900,7,0,0.0,111300,0,111300,란체티,패션/잡화,회원
[란체티] 남성용 겨울 스포츠레져 방한장갑 4종,2022,15900,7,0,0.0,111300,0,111300,란체티,패션/잡화,회원
[포스텐] 리빙아트 인덕션 겸용 스텐 곰솥 28cm,2022,25900,6,0,0.0,155400,0,155400,포스텐,냄비/팬/솥,할인불가
[포스텐] 블랙에디션 식도 6종세트,2022,15000,6,0,0.0,90000,0,90000,포스텐,조리도구,할인불가
[포스텐] 슈테른 캠핑용 스테인레스 수저세트 5인용,2022,15000,6,1,16.666666666666664,90000,15000,75000,포스텐,수저/양식기,할인불가
[경남제약] 피부비타민 레모나 핑크케어 플러스 60포,2022,48000,6,0,0.0,288000,0,288000,경남제약,건강식품,할인불가
[트렌톤] 감각적인 도자기 식기 2인 4인 세트,2022,65067,6,0,0.0,390400,0,390400,트렌톤,주방잡화/용품,할인불가
[미래북] 감정이 나를 휘두르지 않게,2022,14000,6,0,0.0,84000,0,84000,미래북,도서,회원
[오버랩] 도심과 자연을 넘나드는 하이브리드 스니커즈 아웃트로,2022,139000,6,0,0.0,834000,0,834000,오버랩,패션/잡화,회원
[링크페어] 아론 포스코 304스텐 냄비세트 3종 세트,2022,398000,6,0,0.0,2388000,0,2388000,링크페어,냄비/팬/솥,회원
[뷰니스] 라이트한 한포 습관 브이컷,2022,67283,6,1,16.666666666666664,403700,146600,257100,뷰니스,뷰티/다이어트,회원
[국개대표] 닭가슴살과 단호박 치단말이 70g 내외,2022,8900,6,0,0.0,53400,0,53400,국개대표,사료/간식,회원
[씨티케이] 손이 자유로운 목걸이형 선풍기 X-8,2022,36000,6,0,0.0,216000,0,216000,씨티케이,Unknown,Unknown
[스위스밀리터리] 살균 탈취 방역 나노미스트 스프레이건,2022,40000,6,0,0.0,240000,0,240000,스위스밀리터리,욕실/세정/위생용품,회원
[퀸메이드] 건강한 식기 라온 2인 반상기 세트,2022,121200,6,0,0.0,727200,0,727200,퀸메이드,수저/양식기,회원
[플레이버] 여주 특산품 송이고 버섯 선물세트,2022,55000,6,2,33.33333333333333,330000,110000,220000,플레이버,농축산/과일/계란,회원
[산들해] 반건조 생선 4종 선물세트,2022,79900,6,1,16.666666666666664,479400,84900,394500,산들해,식품,할인불가
[닌자] 미국 판매 1위 프로페셔널 초퍼 블렌더,2022,89000,6,0,0.0,534000,0,534000,닌자,주방가전,회원
[해울림] 10대 슈퍼푸드 견과류 선물세트,2022,44367,6,1,16.666666666666664,266200,44800,221400,해울림,농축산/과일/계란,회원
[퀸즈] 내츄럴코튼 시그니처 뉴 오가닉 생리대,2022,91500,6,0,0.0,549000,0,549000,퀸즈,생활용품/차량용품/마스크,회원
농협안심 한우 찜갈비 선물세트,2022,230000,6,0,0.0,1380000,0,1380000,Unknown,Unknown,Unknown
[델피아] 프리미엄 홍로 사과+ 신고 배 선물세트,2022,88467,6,0,0.0,530800,0,530800,델피아,농축산/과일/계란,회원
[퓨리스킨] LED 마스크+갈바닉 마사지기+앰플 풀패키지,2022,359000,6,0,0.0,2154000,0,2154000,퓨리스킨,뷰티/다이어트,회원
[오버랩] 시티 하이크 스니커즈 아우트로V2,2022,139000,6,0,0.0,834000,0,834000,오버랩,패션/잡화,회원
[아틱앤베이스] 아티산 투톤 코발트블루 시리즈,2022,9683,6,0,0.0,58100,0,58100,아틱앤베이스,주방잡화/용품,회원
[아틱앤베이스] 아티산 투톤 에메랄드 그린 시리즈,2022,9367,6,0,0.0,56200,0,56200,아틱앤베이스,주방잡화/용품,회원
[아틱앤베이스] 린넨 반달 우드 트레이 4컬러,2022,37500,6,0,0.0,225000,0,225000,아틱앤베이스,주방잡화/용품,회원
[염라대왕] 지옥에서 온 불타는 매운 라면,2022,9400,6,0,0.0,56400,0,56400,염라대왕,국/탕/찌개/면,회원
[더프레스카랩] 리페어 재생크림 (민감성/건성) 100g,2022,47000,6,0,0.0,282000,0,282000,더프레스카랩,뷰티/다이어트,회원
[키츠인포레스트] 자연 향기 바디워시 390ml,2022,45800,6,0,0.0,274800,0,274800,키츠인포레스트,욕실/세정/위생용품,회원
[바리브] 드럼통 3in1 회전형 채칼,2022,49900,6,1,16.666666666666664,299400,49900,249500,바리브,조리도구,회원
[에어드림] 7자형 매직 구름베개,2022,113967,6,1,16.666666666666664,683800,99000,584800,에어드림,생활용품/차량용품/마스크,회원 + 비회원
[쪼르메스] 럭셔리함에 맛을 더하다 청담쫀드기 3종 세트,2022,30950,6,0,0.0,185700,0,185700,쪼르메스,과자/간식/안주,회원
[미온바이오] 닥터삼한끼 1box 30포,2022,99000,5,0,0.0,495000,0,495000,미온바이오,Unknown,Unknown
[제주네이쳐] 프리미엄 노니주스 30포,2022,60200,5,0,0.0,301000,0,301000,제주네이쳐,건강식품,할인불가
[포스텐] 크루거 차이니스 셰프 나이프,2022,21000,5,0,0.0,105000,0,105000,포스텐,조리도구,할인불가
[포스텐] 리빙센스 핸드블랜더 세트 LHB-S9001,2022,29000,5,2,40.0,145000,58000,87000,포스텐,주방가전,할인불가
[포스텐] 키친아트 후레쉬 스테인레스 샤틴 수저세트 컬러박스,2022,19000,5,0,0.0,95000,0,95000,포스텐,수저/양식기,할인불가
[포스텐] 키친아트 황금복돼지 티타늄 수저세트 컬러박스,2022,26000,5,0,0.0,130000,0,130000,포스텐,수저/양식기,할인불가
[미마] 팬히터 미니 히팅서큘레이터,2022,55000,5,0,0.0,275000,0,275000,미마,계절가전/계절용품,할인불가
[대도] 전라도 부추김치,2022,16000,5,0,0.0,80000,0,80000,대도,김치/젓갈,할인불가
"[제주애과일] 제주대표 귀족과일, 제주 황금향",2022,36000,5,0,0.0,180000,0,180000,제주애과일,농축산/과일/계란,할인불가
[제주의맛] 제주 자연산 생물 뿔소라,2022,38860,5,0,0.0,194300,0,194300,제주의맛,수산/건어물/김,할인불가
[가야] 전남 구례 라임청 500ml,2022,40400,5,0,0.0,202000,0,202000,가야,음료/차,할인불가
[한미양행] 제주꽃벵이 벵주야 숙취해소제 3g*10포,2022,25000,5,0,0.0,125000,0,125000,한미양행,Unknown,Unknown
[현미박사] 구수한 현미누룽지 명절 선물세트,2022,37500,5,0,0.0,187500,0,187500,현미박사,과자/간식/안주,할인불가
[함께북스] 영원히 살 것처럼 배우고 내일 죽을 것처럼 살아라,2022,15000,5,0,0.0,75000,0,75000,함께북스,도서,회원
[소싱] 품위있는 웜베이지 히팅패드,2022,59800,5,1,20.0,299000,59800,239200,소싱,계절가전/계절용품,할인불가
[동양북스] 세상에서 가장 행복한 100세 노인,2022,16800,5,0,0.0,84000,0,84000,동양북스,도서,회원
[다온] 무농약 산양산삼(산양삼) 7년근 7뿌리/12뿌리,2022,92000,5,0,0.0,460000,0,460000,다온,건강식품,할인불가
[칼라테레비] 스펀지공 발사놀이 귀여운 애니멀 퐁,2022,12510,5,0,0.0,62550,0,62550,칼라테레비,유아동/완구/매트,할인불가
"[팹브리지] 무중력의 편안함, 챔피온 안마기",2022,364200,5,0,0.0,1821000,0,1821000,팹브리지,생활가전,회원
[메이튼] 아늑한 분위기에 실용성까지 더한 블루투스 랜턴 스피커,2022,62000,5,0,0.0,310000,0,310000,메이튼,가구/인테리어,할인불가
[베스트픽] 작지만 강력한 3in1 캡슐세제,2022,29800,5,5,100.0,149000,149000,0,베스트픽,욕실/세정/위생용품,할인불가
[베스트픽] 작지만 강력한 3in1 캡슐세제,2022,29800,5,5,100.0,149000,149000,0,베스트픽,욕실/세정/위생용품,할인불가
[슈엘로] 볼케이노 VC바디 슬리밍 탄력크림,2022,79200,5,0,0.0,396000,0,396000,슈엘로,뷰티/다이어트,할인불가
[코베아] 저소음 설계방식 제빙기,2022,229000,5,0,0.0,1145000,0,1145000,코베아,생활가전,할인불가
[정관장] 홍삼정 에브리타임 롱기스트 10ml*10포,2022,40000,5,0,0.0,200000,0,200000,정관장,Unknown,Unknown
[국개대표] 기력회복과 노화방지 한우 우족슬라이스 130g 내외,2022,9000,5,0,0.0,45000,0,45000,국개대표,사료/간식,회원
[국개대표] 미네랄과 비타민이 풍부한  한우허파 50g 내외,2022,6800,5,0,0.0,34000,0,34000,국개대표,사료/간식,회원
[국개대표] 눈 건강에 도움을 주는 당근스낵 100g 내외,2022,8200,5,0,0.0,41000,0,41000,국개대표,사료/간식,회원
[국개대표] 올바른끼니 소고기 사료 본품 1.2kg,2022,38000,5,0,0.0,190000,0,190000,국개대표,사료/간식,회원
[제이시아] 바이오셀룰로오스 모이스쳐 수분 마스크팩 2종,2022,21360,5,3,60.0,106800,66800,40000,제이시아,뷰티/다이어트,회원
[스위스밀리터리] 피로를 날려버리는 간편한 접이식 족욕기,2022,80000,5,1,20.0,400000,80000,320000,스위스밀리터리,생활가전,회원
[메르넬] 밀크 브라이트 토너,2022,25000,5,0,0.0,125000,0,125000,메르넬,뷰티/다이어트,회원
[까사맘] 음식물 쓰레기 냉장고 3.5L,2022,198000,5,1,20.0,990000,198000,792000,까사맘,주방가전,회원
[핏디] 건강한 이너뷰티 관리 44티,2022,52700,5,0,0.0,263500,0,263500,핏디,건강식품,회원
[앙팡] 다이노비타민C 1.2g x 500정,2022,29800,5,1,20.0,149000,29800,119200,앙팡,건강식품,회원
[쿨린] 261 미스티 미니 유선 가습기 280ml,2022,19900,5,0,0.0,99500,0,99500,쿨린,계절가전/계절용품,회원
[케어프린] 핸즈프리 스마트센서 휴지통 16L,2022,82900,5,1,20.0,414500,82900,331600,케어프린,생활용품/차량용품/마스크,회원
[로시] 결합형 만능 냄비 원더팟 4종 세트,2022,29800,5,0,0.0,149000,0,149000,로시,주방,할인불가
[연미향]흑임자앙금 가래떡 1.6kg,2022,33900,5,0,0.0,169500,0,169500,연미향,유제품/베이커리/떡,할인불가
[연미향] 앙금절편 1kg,2022,23900,5,0,0.0,119500,0,119500,연미향,유제품/베이커리/떡,할인불가
[루셀렌] 스와로브스키 크리스털 트리플펄 스터드 이어링,2022,28900,5,0,0.0,144500,0,144500,루셀렌,패션/잡화,할인불가
[유기농샵] 국내산 유기농 건당근 200g,2022,12900,5,0,0.0,64500,0,64500,유기농샵,Unknown,Unknown
[핏테라] 무선고압 모터식 물대포 쏘고쏘고365,2022,198000,5,0,0.0,990000,0,990000,핏테라,생활용품/차량용품/마스크,회원
[돌멘베이커리] 비건 시그니처 8개 세트,2022,34000,5,0,0.0,170000,0,170000,돌멘베이커리,유제품/베이커리/떡,회원
[제주의맛] 고당도 제주 타이벡 감귤 3kg,2022,24600,5,0,0.0,123000,0,123000,제주의맛,수산/건어물/김,할인불가
[허브허브] 영양쑥쑥 150g,2022,29000,4,1,25.0,116000,29000,87000,허브허브,영양제,회원
[밥도둑푸드] 여수 돌산 갓김치4kg+갓물김치1kg,2022,67000,4,0,0.0,268000,0,268000,밥도둑푸드,김치/젓갈,회원
[가득찬푸드] 삼색옹심이꿩만두,2022,10950,4,0,0.0,43800,0,43800,가득찬푸드,밥/반찬/요리,회원
[희재농원] 김천 건조표고버섯 3종,2022,52000,4,0,0.0,208000,0,208000,희재농원,농축산/과일/계란,할인불가
[미레아우드] 핸드메이드 자작나무 소파테이블,2022,65000,4,2,50.0,260000,130000,130000,미레아우드,가구/인테리어,할인불가
[포스텐] 루베크 무선 전기 멀티포트1.5L + 라면기세트,2022,17500,4,1,25.0,70000,17500,52500,포스텐,주방가전,할인불가
[바디비타] 고급 세라믹볼 고압 샤워헤드,2022,13500,4,0,0.0,54000,0,54000,바디비타,욕실/세정/위생용품,할인불가
[아리올리] 이탈리아 트러플오일 250ml,2022,19800,4,0,0.0,79200,0,79200,아리올리,잼/오일/조미/장,할인불가
[가야] 이은자 산수유 엑기스 500ml,2022,35250,4,0,0.0,141000,0,141000,가야,건강식품,할인불가
[제주어멍] 제주 간고등어 선물세트,2022,65000,4,0,0.0,260000,0,260000,제주어멍,수산/건어물/김,할인불가
"[미래북] 사랑하라, 오늘이 마지막인 것처럼",2022,14000,4,0,0.0,56000,0,56000,미래북,도서,회원
[셀시어스 amazon 판매1위] 비타민 에너지 피트니스 드링크 셀시어스,2022,84000,4,0,0.0,336000,0,336000,셀시어스 amazon 판매1위,음료/차,회원
[쿠비녹스] 아날로그형 스탠드 써큘레이터 선풍기 CX-224AC,2022,129000,4,0,0.0,516000,0,516000,쿠비녹스,Unknown,Unknown
[바이마르] 아날로그형 모던화이트 7엽날개 써큘레이터 선풍기,2022,129000,4,1,25.0,516000,129000,387000,바이마르,냄비/팬/솥,할인불가
[셀핀다] 고순도 프리미엄 발효가바 100% 750mg 3개이상 20% [계좌이체전용],2022,39000,4,0,0.0,156000,0,156000,셀핀다,건강식품,회원
[정관장] 홍삼대정 데일리스틱 10ml*30포,2022,78000,4,4,100.0,312000,312000,0,정관장,Unknown,Unknown
[정관장] 홍삼본정세트  250g*2병+레네세 홍삼캔디 수 120g,2022,110000,4,0,0.0,440000,0,440000,정관장,Unknown,Unknown
[디라이프] 풍부하고 부드러운 바람 14인치 팬서큘레이터 선풍기,2022,90000,4,1,25.0,360000,90000,270000,디라이프,Unknown,Unknown
[PGA투어] 초발수코팅 방탄렌즈 아이웨어 선글라스 2종,2022,179000,4,0,0.0,716000,0,716000,PGA투어,패션/잡화,회원
[명란시대] 프리미엄 명란 선물세트,2022,48500,4,0,0.0,194000,0,194000,명란시대,식품,회원
[이금선명인] 프리미엄 젓갈 선물세트,2022,65750,4,0,0.0,263000,0,263000,이금선명인,김치/젓갈,회원
[로얄식당] 화덕 난에 싸먹는 마라불닭 690g,2022,14900,4,0,0.0,59600,0,59600,로얄식당,밥/반찬/요리,할인불가
[에볼루션] 아놀드홍 파워 웨이90 초코맛 500g,2022,25000,4,0,0.0,100000,0,100000,에볼루션,건강식품,할인불가
[아이앤어스] New 3챔버 캡슐세제 50개입,2022,43000,4,0,0.0,172000,0,172000,아이앤어스,욕실/세정/위생용품,회원
[연미향] 흰앙금 가래떡 1.6kg,2022,31900,4,0,0.0,127600,0,127600,연미향,유제품/베이커리/떡,할인불가
[쿠라빌] 100% 국내산 추출 프로폴리스,2022,63800,4,0,0.0,255200,0,255200,쿠라빌,건강식품,회원 + 비회원
[실버라이닝] 친환경 비건경추배게,2022,53900,3,0,0.0,161700,0,161700,실버라이닝,생활용품/차량용품/마스크,할인불가
이재명 페이스북,2022,18000,3,0,0.0,54000,0,54000,Unknown,Unknown,Unknown
[청벽집] 공주맛집 새우매운탕 2인분,2022,25000,3,1,33.33333333333333,75000,25000,50000,청벽집,국/탕/찌개/면,할인불가
[삼보] <발명특허> 오디 죽염 청국장 200g,2022,6500,3,0,0.0,19500,0,19500,삼보,잼/오일/조미/장,할인불가
[제주의맛] 직접 낚아올린 자연산 제주 한치,2022,44800,3,0,0.0,134400,0,134400,제주의맛,수산/건어물/김,회원
[양만이] 불맛가득 야식 끝판왕 불막창 외 4종 택1,2022,17167,3,0,0.0,51500,0,51500,양만이,과자/간식/안주,할인불가
[제주어멍] 제주 갈치/고등어/옥돔 선물세트,2022,147333,3,1,33.33333333333333,442000,196000,246000,제주어멍,수산/건어물/김,할인불가
[시나앤소모] 초경량 베타티타늄 프리미엄 안경테,2022,138000,3,0,0.0,414000,0,414000,시나앤소모,패션/잡화,회원
[레노마] 스퀘어 경량 아세테이트 안경테 레노마 딜란,2022,179000,3,0,0.0,537000,0,537000,레노마,패션/잡화,회원
[메디타임] 피부시간을 거스르는 보탈리늄 박해진 앰플 1box,2022,398000,3,0,0.0,1194000,0,1194000,메디타임,뷰티/다이어트,회원
[미스드래곤] 진정에 보습을 더한 와사비 캐모마일 마스크팩,2022,35667,3,0,0.0,107000,0,107000,미스드래곤,뷰티/다이어트,할인불가
[칼라테레비] 피젯토이 야광 스티키볼,2022,14000,3,0,0.0,42000,0,42000,칼라테레비,유아동/완구/매트,할인불가
[NFC생명과학] 근육통에 탁월한 제주 참꽃 마사지 크림,2022,38000,3,0,0.0,114000,0,114000,NFC생명과학,뷰티/다이어트,회원
[보랄] 날개없는 타워팬 선풍기 BR-F200R,2022,399000,3,2,66.66666666666666,1197000,798000,399000,보랄,계절가전/계절용품,회원
[미래북] 법정 마음의 온도 - 가치 있는 삶을 위한 법정스님의 맑고 큰 참지혜,2022,14000,3,0,0.0,42000,0,42000,미래북,도서,회원
[제주농장] 맛도 좋고 몸에도 좋은 제주 애플망고,2022,110500,3,0,0.0,331500,0,331500,제주농장,농축산/과일/계란,할인불가
[레노마] 볼드한 스퀘어 아세테이트 선글라스 루카,2022,179000,3,0,0.0,537000,0,537000,레노마,패션/잡화,회원
[정관장] 홍삼보력 50ml*60포,2022,190000,3,0,0.0,570000,0,570000,정관장,Unknown,Unknown
[국개대표] 피모와 면역력 UP 훈련용 간식 킁킁이 100g 내외,2022,8400,3,0,0.0,25200,0,25200,국개대표,사료/간식,회원
[국개대표] 한입에 먹기 좋은 산책용 치킨안심 70g 내외,2022,8300,3,0,0.0,24900,0,24900,국개대표,사료/간식,회원
[바이오덱스] 예뻐지는 힘 리커버리 스틱,2022,53700,3,0,0.0,161100,0,161100,바이오덱스,건강식품,회원
[윌로펫] 자동 진공 사료 용기+뉴트리탑 사료 1.2kg 세트,2022,55900,3,0,0.0,167700,0,167700,윌로펫,사료/간식,할인불가
[르젠] 안심세척 무선 올클린 수이온 야채 세척기,2022,198000,3,1,33.33333333333333,594000,198000,396000,르젠,주방가전,회원
[러빈마킨] 너무 귀여운 디즈니 올라프 칫솔살균기,2022,28800,3,3,100.0,86400,86400,0,러빈마킨,욕실/세정/위생용품,할인불가
[디볼베르] 에탄올 70% 함유 강력한 손소독제 500ml,2022,8733,3,0,0.0,26200,0,26200,디볼베르,욕실/세정/위생용품,할인불가
[쌤소나이트] OCTOECO 캐리어 20/25인치,2022,278000,3,0,0.0,834000,0,834000,쌤소나이트,패션/잡화,회원
[에스모도] 008 무선 S 플립팬 선풍기 (리모컨형),2022,55700,3,0,0.0,167100,0,167100,에스모도,생활가전,할인불가
[스트라틱] LEATHERMORE 레더앤모어 20/25/29인치 캐리어,2022,425133,3,0,0.0,1275400,0,1275400,스트라틱,패션/잡화,회원
[스트라틱] PASTEL 파스텔 20/24인치 캐리어,2022,224200,3,0,0.0,672600,0,672600,스트라틱,패션/잡화,회원
"[에스모도] 330 PD 65W 초고속 충전 보조배터리 20,000mAh",2022,64900,3,0,0.0,194700,0,194700,에스모도,생활가전,할인불가
[델피아] 프리미엄 사과+망고+황금향 선물세트,2022,105000,3,0,0.0,315000,0,315000,델피아,농축산/과일/계란,회원
[델피아] 프리미엄 홍로 사과 선물세트,2022,84933,3,0,0.0,254800,0,254800,델피아,농축산/과일/계란,회원
[쿨린] 440 2중 안심 살균 가습기 4L,2022,159000,3,0,0.0,477000,0,477000,쿨린,계절가전/계절용품,회원
[연미향] 두텁떡 800g,2022,27900,3,0,0.0,83700,0,83700,연미향,유제품/베이커리/떡,할인불가
[아임굿]'간'편한 생생활력 숙취해소 특허기술제조 과채음료 복제,2022,147233,3,0,0.0,441700,0,441700,아임굿,건강식품,회원
[바인하우스] 전자파안심 플렉스 전기요 더블[140cmX180cm],2022,119000,2,0,0.0,238000,0,238000,바인하우스,계절가전/계절용품,회원
[바인하우스] 키누조 슈퍼소닉 헤어드라이어,2022,259000,2,1,50.0,518000,259000,259000,바인하우스,생활가전,회원
[밥도둑푸드] 국내산 키조개 알관자 200g 8-12미,2022,12900,2,2,100.0,25800,25800,0,밥도둑푸드,수산/건어물/김,회원
[뷰리앤헬스] 불가리아 먹는 장미오일 30캡슐,2022,176500,2,0,0.0,353000,0,353000,뷰리앤헬스,건강식품,할인불가
[제주네이쳐] 풋귤하영 콜라겐 30포,2022,69000,2,0,0.0,138000,0,138000,제주네이쳐,건강식품,할인불가
[이야기연구원] 영화로 보는 사탄의 교의,2022,11750,2,0,0.0,23500,0,23500,이야기연구원,도서,회원
[청벽집] 공주맛집 메기매운탕 2인분,2022,30000,2,0,0.0,60000,0,60000,청벽집,국/탕/찌개/면,할인불가
[포스텐] 루베크 전기 멀티쿠커 3.0L,2022,32000,2,1,50.0,64000,32000,32000,포스텐,주방가전,할인불가
[케이맥스] 붙이는 자동 소화기 2p x 10개,2022,20000,2,0,0.0,40000,0,40000,케이맥스,생활용품/차량용품/마스크,할인불가
[에어블락] 청소기 세균&악취 해결사,2022,12800,2,0,0.0,25600,0,25600,에어블락,욕실/세정/위생용품,할인불가
[토우축산] 한돈 삼겹살 목살 정육 명절선물세트,2022,67000,2,0,0.0,134000,0,134000,토우축산,Unknown,Unknown
[레노마] 라운드 경량 풀티타늄 안경테 레노마 가브리엘,2022,219000,2,0,0.0,438000,0,438000,레노마,패션/잡화,회원
[에버홈] 세척부터 보관까지 완벽한 전기 그릴 밀리그릴,2022,159000,2,0,0.0,318000,0,318000,에버홈,생활가전,할인불가
[올리닉] 울트라 비타액션 올인원 멀티비타민,2022,30000,2,0,0.0,60000,0,60000,올리닉,건강식품,회원
[칼라테레비] 야구놀이 스티키 스트라이크존,2022,12900,2,0,0.0,25800,0,25800,칼라테레비,유아동/완구/매트,할인불가
[비방트] VIVANT - vendredi II 블랙,2022,298000,2,1,50.0,596000,298000,298000,비방트,Unknown,Unknown
[정관장] 홍삼활력보세트 250g*2병,2022,130000,2,0,0.0,260000,0,260000,정관장,Unknown,Unknown
[정관장] 홍삼본정 250g*1병,2022,75000,2,0,0.0,150000,0,150000,정관장,Unknown,Unknown
[정관장] 홍삼활력 40ml*30포,2022,50000,2,0,0.0,100000,0,100000,정관장,Unknown,Unknown
[노블러스] 정제수 없는 100% 농축액 Always 무주천마,2022,154000,2,0,0.0,308000,0,308000,노블러스,건강식품,회원
[국개대표] 피부와 모질에 좋은 참치육포 60g 내외,2022,9000,2,0,0.0,18000,0,18000,국개대표,사료/간식,회원
[국개대표] 고구마에 오리를 말은 고덕 말이 80g 내외,2022,9800,2,0,0.0,19600,0,19600,국개대표,사료/간식,회원
[국개대표] 맘맘영양밤 참치+가바(면역/장건강) 120g(8g*15개입),2022,19800,2,0,0.0,39600,0,39600,국개대표,영양제,회원
[국개대표] 100%국내산 닭근위육포 70g 내외,2022,9300,2,0,0.0,18600,0,18600,국개대표,사료/간식,회원
[제이시아] 순수 비타민C  리얼비타나인 1SET (15개입),2022,60000,2,0,0.0,120000,0,120000,제이시아,뷰티/다이어트,회원
[보랄] 습기를 싹 잡는 더 데일리 제습기 15L,2022,668000,2,0,0.0,1336000,0,1336000,보랄,계절가전/계절용품,회원
[메르넬] 포어 시카 점보 토너,2022,35000,2,0,0.0,70000,0,70000,메르넬,뷰티/다이어트,회원
[메르넬] 나이아신징크21 앰플,2022,32000,2,0,0.0,64000,0,64000,메르넬,뷰티/다이어트,회원
[메르넬] 브라이트 멜라-X 크림,2022,33000,2,0,0.0,66000,0,66000,메르넬,뷰티/다이어트,회원
[메르넬] 포어 시카21 앰플,2022,32000,2,0,0.0,64000,0,64000,메르넬,뷰티/다이어트,회원
[메르넬] 카밍 벨 토너,2022,33000,2,0,0.0,66000,0,66000,메르넬,뷰티/다이어트,회원
[메디테라피] 시원한 기능성 티셔츠 아쿠아업 300야드 스윙서포터,2022,66900,2,0,0.0,133800,0,133800,메디테라피,Unknown,Unknown
[오엘라] 빛이 필요한 곳 어디든 간편하게 LED 무선 센서등 4종,2022,40600,2,0,0.0,81200,0,81200,오엘라,생활용품/차량용품/마스크,할인불가
[쌤소나이트] BAIRD 백팩 블랙,2022,178000,2,0,0.0,356000,0,356000,쌤소나이트,패션/잡화,회원
[쌤소나이트] POPSODA 보스턴백 블랙,2022,138000,2,0,0.0,276000,0,276000,쌤소나이트,패션/잡화,회원
[쌤소나이트] MORGAN 벨트 블랙,2022,95000,2,0,0.0,190000,0,190000,쌤소나이트,패션/잡화,회원
[대웅생명과학] 모기퇴치 멀티훈증기 리퀴드&패드 세트,2022,15900,2,0,0.0,31800,0,31800,대웅생명과학,계절가전/계절용품,회원
[쉐입쉐입] 아세테이트 뿔테 선글라스 3컬러,2022,128000,2,0,0.0,256000,0,256000,쉐입쉐입,패션/잡화,회원
[쉐입쉐입] 아세테이트 오버사이즈 뿔테 선글라스 4컬러,2022,128000,2,0,0.0,256000,0,256000,쉐입쉐입,패션/잡화,회원
[이스타] 휴대용 여행용 다용도 접이식 전기포트 1L,2022,59000,2,1,50.0,118000,59000,59000,이스타,주방가전,회원
[델피아] 프리미엄 샤인머스켓 선물세트,2022,99000,2,0,0.0,198000,0,198000,델피아,농축산/과일/계란,회원
김현숙님 결제창,2022,190000,2,0,0.0,380000,0,380000,Unknown,Unknown,Unknown
[노르딕캠프] 초경량 캠핑용 테이블/체어,2022,40000,2,0,0.0,80000,0,80000,노르딕캠프,패션/잡화,회원
[앙팡] 츄어블 유산균 1000mg x 60정,2022,39800,2,0,0.0,79600,0,79600,앙팡,건강식품,회원
[케어팟] 완벽살균 간편세척 큐브 스테인리스 가습기,2022,214000,2,1,50.0,428000,239000,189000,케어팟,계절가전/계절용품,회원 + 비회원
[양카페플랜트] 강·중배전 드립백 커피 4P/8P,2022,21200,2,0,0.0,42400,0,42400,양카페플랜트,음료/차,회원
[EMPORIO ARMANI] 아르마니 기내용 캐리어 21인치,2022,225000,2,0,0.0,450000,0,450000,EMPORIO ARMANI,패션/잡화,회원
[쿨린] 264 큐브 미니 초음파 가습기 1.7L,2022,89000,2,0,0.0,178000,0,178000,쿨린,계절가전/계절용품,회원
[솔라] 자외선 UV 차단 패치 플러스형 16회분,2022,28000,2,0,0.0,56000,0,56000,솔라,뷰티/다이어트,회원
[연미향]고구마앙금 가래떡 1.6kg,2022,33900,2,0,0.0,67800,0,67800,연미향,유제품/베이커리/떡,할인불가
[연미향] 현미 가래떡 1.6kg,2022,31900,2,0,0.0,63800,0,63800,연미향,유제품/베이커리/떡,할인불가
[스칸디] 북유럽 스타일 IH 냄비 2종 세트,2022,154000,2,0,0.0,308000,0,308000,스칸디,냄비/팬/솥,할인불가
[아라통상] 한우 꼬리반골 프리미엄 선물세트 3kg,2022,53000,2,0,0.0,106000,0,106000,아라통상,농축산/과일/계란,회원
[포스텐] 몽크로스 골드 티타늄 IH 인덕션 와플팬,2022,27900,1,0,0.0,27900,0,27900,포스텐,냄비/팬/솥,할인불가
[포스텐] 키친플라워 로사다지기 1.5L,2022,32000,1,1,100.0,32000,32000,0,포스텐,주방가전,할인불가
[포스텐] 키친플라워 듀얼 인덕션 2구 전기렌지,2022,98000,1,1,100.0,98000,98000,0,포스텐,주방가전,할인불가
[포스텐] 코멕스 멀티 전동 다지기 2.0L,2022,25900,1,0,0.0,25900,0,25900,포스텐,주방가전,할인불가
[포스텐] 루베크 전기 멀티쿠커 2.5L,2022,29000,1,0,0.0,29000,0,29000,포스텐,주방가전,할인불가
[포스텐] 리빙센스 올인원 키친툴 11종세트,2022,22000,1,1,100.0,22000,22000,0,포스텐,조리도구,할인불가
[청벽집] 공주맛집 참게매운탕,2022,26900,1,0,0.0,26900,0,26900,청벽집,국/탕/찌개/면,할인불가
[오성내추럴] 장미빛 건고추,2022,110000,1,0,0.0,110000,0,110000,오성내추럴,농축산/과일/계란,할인불가
[바디비타] 기프트종합세트 샤워헤드+샤워필터4개 (후리지아퓨어/라벤더블라썸/스카이웨이브/노블코튼),2022,129000,1,0,0.0,129000,0,129000,바디비타,욕실/세정/위생용품,할인불가
[포스텐] 캠프-원 부탄가스 소형 캠핑난로,2022,249000,1,0,0.0,249000,0,249000,포스텐,계절가전/계절용품,회원
[메디셀바이오] 굿샷 홀인원패치 5매,2022,50000,1,0,0.0,50000,0,50000,메디셀바이오,뷰티/다이어트,할인불가
[딘코] 공간창의력 사고력 발달 30만가지 해답 큐브퍼즐,2022,39600,1,0,0.0,39600,0,39600,딘코,유아동/완구/매트,할인불가
[피터앤폴큐어스] 내 피부와 같은 편안한 상처밴드 3종,2022,30000,1,0,0.0,30000,0,30000,피터앤폴큐어스,건강용품,할인불가
[셀핀다] 고순도 프리미엄 발효가바 100% 1500mg x 4 [계좌이체전용],2022,276000,1,0,0.0,276000,0,276000,셀핀다,건강,회원
[바이오타] 90년 전통 스위스 기적의 발효 브루스주스 500ml,2022,127840,1,0,0.0,127840,0,127840,바이오타,건강식품,회원
[아임굿] 3차 한정추출 생산분 사전예약 (특별가격&특별구성 한번 더~!!),2022,132000,1,0,0.0,132000,0,132000,아임굿,건강식품,회원
Hot Ice님 개인 결제창입니다.,2022,96000,1,0,0.0,96000,0,96000,Unknown,Unknown,Unknown
[쉐입쉐입] 아세테이트 뿔테안경,2022,128000,1,0,0.0,128000,0,128000,쉐입쉐입,패션/잡화,회원
"[오랄비] 어린이용 전동칫솔, 칫솔 모음전",2022,25000,1,0,0.0,25000,0,25000,오랄비,욕실/세정/위생용품,할인불가
(여름철대비) 산뜻 상쾌 쾌적 시원 솔솔 선풍기 7종,2022,0,1,1,100.0,0,0,0,Unknown,Unknown,Unknown
[비방트] VIVANT - berite 4컬러,2022,298000,1,1,100.0,298000,298000,0,비방트,Unknown,Unknown
[비방트] VIVANT - fleur 4컬러,2022,298000,1,0,0.0,298000,0,298000,비방트,Unknown,Unknown
[비방트] VIVANT - lune 5컬러,2022,298000,1,1,100.0,298000,298000,0,비방트,Unknown,Unknown
[비방트] VIVANT - reine 2컬러,2022,298000,1,1,100.0,298000,298000,0,비방트,Unknown,Unknown
[이레미디어] 차트의기술,2022,22000,1,0,0.0,22000,0,22000,이레미디어,도서,회원
[정관장] 홍삼보윤정 데일리스틱 10ml*30포,2022,125000,1,1,100.0,125000,125000,0,정관장,Unknown,Unknown
[정관장] 홍삼충전 50ml*30포,2022,65000,1,0,0.0,65000,0,65000,정관장,Unknown,Unknown
[정관장] 홍삼정 에브리타임 롱기스트 골프에디션 C3,2022,44200,1,0,0.0,44200,0,44200,정관장,Unknown,Unknown
[노블러스] 정제수 없는 100% 농축액 Always 홍삼천마,2022,162800,1,1,100.0,162800,162800,0,노블러스,건강식품,회원
[국개대표] 관절에 좋은 치킨목뼈 110g,2022,9000,1,0,0.0,9000,0,9000,국개대표,사료/간식,회원
[국개대표] 고단백 치킨소고기 치우심 말이 70g 내외,2022,9200,1,0,0.0,9200,0,9200,국개대표,사료/간식,회원
[국개대표] 맘맘영양밤 연어+가바(눈건강) 120g(8g*15개입),2022,19800,1,0,0.0,19800,0,19800,국개대표,영양제,회원
[국개대표] 100% 국내산 한우간육포 70g 내외,2022,6500,1,0,0.0,6500,0,6500,국개대표,사료/간식,회원
[국개대표] 닭가슴살과 바나나로 만든 치바스틱 70g 내외,2022,9200,1,0,0.0,9200,0,9200,국개대표,사료/간식,회원
[제이시아] 제주 마유 마이크로 폼 클렌져 150ml,2022,18000,1,1,100.0,18000,18000,0,제이시아,뷰티/다이어트,회원
[동우리빙] 이제는 집에서 타코야끼팬 16구+조리용 송곳세트,2022,15000,1,0,0.0,15000,0,15000,동우리빙,냄비/팬/솥,할인불가
[르젠]멀티 스팀 소독기,2022,159000,1,0,0.0,159000,0,159000,르젠,생활가전,회원
[메르넬] 화이트닝 크림,2022,33000,1,0,0.0,33000,0,33000,메르넬,뷰티/다이어트,회원
[메르넬] 포어시카 워터밤 크림,2022,35000,1,0,0.0,35000,0,35000,메르넬,뷰티/다이어트,회원
[메르넬] 밀크 톤업 프라이머 크림,2022,32000,1,0,0.0,32000,0,32000,메르넬,뷰티/다이어트,회원
[메르넬] 투웨이 시너지 앰플,2022,68000,1,0,0.0,68000,0,68000,메르넬,뷰티/다이어트,회원
[메르넬] 카밍 벨 팩트 크림,2022,45000,1,0,0.0,45000,0,45000,메르넬,뷰티/다이어트,회원
[쌤소나이트] POPSODA  화물용 캐리어 다크블루,2022,248800,1,0,0.0,248800,0,248800,쌤소나이트,패션/잡화,회원
[아메리칸 투어리스트] BONAIR 캐리어&커버&파우치 3종,2022,147000,1,0,0.0,147000,0,147000,아메리칸 투어리스트,패션/잡화,회원
[쌤소나이트] BELLECA 여성백팩 블랙,2022,280000,1,0,0.0,280000,0,280000,쌤소나이트,패션/잡화,회원
[쌤소나이트] POCHARAA 블랙 백팩,2022,178000,1,0,0.0,178000,0,178000,쌤소나이트,패션/잡화,회원
[쌤소나이트] NEUMONT4 백팩 블랙,2022,333800,1,0,0.0,333800,0,333800,쌤소나이트,패션/잡화,회원
[쌤소나이트] STARFIRE 캐리어 블랙/블루,2022,358000,1,0,0.0,358000,0,358000,쌤소나이트,패션/잡화,회원
[쌤소나이트] MORGAN 중지갑  블랙,2022,99000,1,0,0.0,99000,0,99000,쌤소나이트,패션/잡화,회원
[쌤소나이트] 레드 ELIUN 백팩,2022,138000,1,0,0.0,138000,0,138000,쌤소나이트,패션/잡화,회원
[쌤소나이트] POPSODA 화물용 캐리어 블랙,2022,368000,1,0,0.0,368000,0,368000,쌤소나이트,패션/잡화,회원
[아메리칸 투어리스터]  ZAGATO 화물용 블랙/실버,2022,189000,1,0,0.0,189000,0,189000,아메리칸 투어리스터,패션/잡화,회원
[쿨린] 870 공기청정 무선 써큘레이터,2022,146100,1,0,0.0,146100,0,146100,쿨린,계절가전/계절용품,할인불가
[쿨린] 005 허니콤 6인치 무선 선풍기,2022,25300,1,0,0.0,25300,0,25300,쿨린,계절가전/계절용품,회원
[디라이프] 풍부하고 부드러운 바람 웨이브팬 14인치 선풍기,2022,70000,1,0,0.0,70000,0,70000,디라이프,Unknown,Unknown
[쿨린] 156 3in1 목걸이형 미니 선풍기,2022,14900,1,0,0.0,14900,0,14900,쿨린,계절가전/계절용품,회원
[스트라틱] LUCID 루시드 20/24/28인치 캐리어,2022,252500,1,1,100.0,252500,252500,0,스트라틱,패션/잡화,회원
[쿨린] 8900W 허니콤 12인치  무선 스탠드 선풍기,2022,158900,1,0,0.0,158900,0,158900,쿨린,계절가전/계절용품,회원
[쿨린] 004 6인치 탁상형 무선선풍기,2022,29900,1,0,0.0,29900,0,29900,쿨린,계절가전/계절용품,회원
[혜화동] 양다리의 힘,2022,14000,1,0,0.0,14000,0,14000,혜화동,도서,회원
[혜화동] 영웅의 탄생,2022,16000,1,0,0.0,16000,0,16000,혜화동,도서,회원
[혜화동] 아이 엠 스토리,2022,15000,1,0,0.0,15000,0,15000,혜화동,도서,회원
[혜화동] 리멤버,2022,15000,1,0,0.0,15000,0,15000,혜화동,도서,회원
"[에스모도] 889 듀얼케이블 일체형 10,000mAh 보조배터리",2022,24400,1,0,0.0,24400,0,24400,에스모도,생활가전,할인불가
"[에스모도] 886 슬림형 보조배터리 5,000mAh",2022,20100,1,0,0.0,20100,0,20100,에스모도,생활가전,할인불가
[델피아] 최상급 옐로우망고 선물세트,2022,120000,1,0,0.0,120000,0,120000,델피아,농축산/과일/계란,회원
[플레이버] 울릉도 특산품 더덕 선물세트,2022,169000,1,0,0.0,169000,0,169000,플레이버,농축산/과일/계란,회원
[우리바다] 국산 멸치 국물/조림/볶음 선물세트,2022,27000,1,0,0.0,27000,0,27000,우리바다,수산/건어물/김,회원
[대솔] 송이버섯이 들어간 고추장 선물세트,2022,39800,1,0,0.0,39800,0,39800,대솔,식품,회원
[청우수산] 국산 한국인의 멸치/건새우 선물세트,2022,54000,1,0,0.0,54000,0,54000,청우수산,수산/건어물/김,회원
[산들해] 반건조 병어 선물세트,2022,49900,1,0,0.0,49900,0,49900,산들해,식품,할인불가
[동원] 오메가365 건강한 참치 선물세트,2022,54900,1,0,0.0,54900,0,54900,동원,밥/반찬/요리,회원 + 비회원
농협안심 한우 사골+사태 선물세트,2022,100000,1,0,0.0,100000,0,100000,Unknown,Unknown,Unknown
농협안심 한우 등심+안심+채끝살 선물세트,2022,400000,1,0,0.0,400000,0,400000,Unknown,Unknown,Unknown
농협안심 한우 등심 선물세트,2022,208000,1,0,0.0,208000,0,208000,Unknown,Unknown,Unknown
[델피아] 프리미엄 신고 배 선물세트,2022,89000,1,0,0.0,89000,0,89000,델피아,농축산/과일/계란,회원
[밀레] 더 튼튼하고 편리해진 자동텐트,2022,248000,1,0,0.0,248000,0,248000,밀레,패션/잡화,회원
[김영사] 한 끼 식사의 행복 서울 인생맛집 165,2022,16000,1,0,0.0,16000,0,16000,김영사,도서,회원
[베네플러스] 전신 바디 웜 쿨 바디드라이어,2022,249000,1,0,0.0,249000,0,249000,베네플러스,생활가전,회원
[앙팡] 츄어블 식물성 오메가3 1000mg x 80개,2022,38000,1,0,0.0,38000,0,38000,앙팡,건강식품,회원
[앙팡] 패밀리 면역 프로바이오틱스 2g x 100포,2022,69000,1,0,0.0,69000,0,69000,앙팡,건강식품,회원
[필드발란스] 골프영양보조제 니어&롱기 매직,2022,48000,1,0,0.0,48000,0,48000,필드발란스,건강식품,회원
[오버랩] 클래식 티타늄 안경 4종,2022,149000,1,0,0.0,149000,0,149000,오버랩,패션/잡화,회원
[콕스타] 프리미엄 오븐형 에어프라이어 24L 대용량,2022,399000,1,0,0.0,399000,0,399000,콕스타,주방가전,회원
[알레르망] 프리미엄 에드윈2 차렵이불,2022,298000,1,0,0.0,298000,0,298000,알레르망,생활용품/차량용품/마스크,회원
[알레르망] 프리미엄 데런2 차렵이불,2022,230000,1,0,0.0,230000,0,230000,알레르망,생활용품/차량용품/마스크,회원
[알레르망] 프리미엄 에일2 차렵이불,2022,330000,1,0,0.0,330000,0,330000,알레르망,생활용품/차량용품/마스크,회원
[알레르망] 프리미엄 데런2 4계절 구스 차렵이불,2022,696000,1,0,0.0,696000,0,696000,알레르망,생활용품/차량용품/마스크,회원
[코젤라] UV 다용도 멀티 살균기,2022,69000,1,0,0.0,69000,0,69000,코젤라,생활가전,회원
[연미향]떡볶이에 빠진떡 (떡볶이맛) 1.6kg,2022,34900,1,0,0.0,34900,0,34900,연미향,유제품/베이커리/떡,할인불가
[아임굿]'간'편한 생생활력 숙취해소 특허기술제조 과채음료 복제,2022,155400,1,0,0.0,155400,0,155400,아임굿,건강식품,회원
[양구] 대암산 고랭지 꿀 부사사과 특/특대 5kg 선물세트,2022,63500,1,0,0.0,63500,0,63500,양구,농축산/과일/계란,할인불가
[다온] 무농약 산양산삼 7년근 12뿌리,2022,180000,1,0,0.0,180000,0,180000,다온,건강식품,할인불가
[밥도둑푸드] 특허상품 노니 순살고등어 1팩 160g 내외,2023,5000,5111,83,1.6239483467031892,25555000,415000,25140000,밥도둑푸드,수산/건어물/김,회원
[아임굿 1st  원데이 이벤트] 100만포 돌파 감사 이벤트,2023,193657,4947,116,2.34485546796038,958020300,23605400,934414900,아임굿,건강식품,회원
[전원집감자탕] 전주 유명 전원집 시래기 감자탕,2023,26649,4410,83,1.8820861678004537,117520000,2220400,115299600,전원집감자탕,국/탕/찌개/면,할인불가
[방가네] 어머니의 정성과 손맛을 그대로 가마솥 국밥 4종,2023,8897,4178,62,1.4839636189564385,37173650,628550,36545100,방가네,국/탕/찌개/면,회원
[밥도둑푸드] 간편한 전라도 우거지 된장 4인분 250g,2023,3472,3029,14,0.462198745460548,10516300,49000,10467300,밥도둑푸드,국/탕/찌개/면,할인불가
[뷰리앤헬스] 백세통밀 저칼로리 통곡물빵,2023,8255,2227,32,1.436910642119443,18383910,269490,18114420,뷰리앤헬스,건강식품,할인불가
[셀핀다] 고순도 프리미엄 발효가바 100% 1500mg,2023,88680,2134,91,4.264292408622305,189244000,7441000,181803000,셀핀다,건강,회원
[엔닥터스] 지리산 산양삼 추출원액 순 100% 산삼순백 1+1,2023,600000,1719,51,2.966841186736475,1031400000,30600000,1000800000,엔닥터스,건강,회원
[아이더테크] 다이어트엔 쾌변 플러스 10포,2023,42000,1590,20,1.257861635220126,66780000,840000,65940000,아이더테크,뷰티/다이어트,회원
[미녀마켓] 간편하게 즐기는 소(곱창/대창/막창/염통),2023,8279,1550,49,3.161290322580645,12832000,375700,12456300,미녀마켓,밥/반찬/요리,할인불가
[귀빈정] 쫀득한 고기/김치/새우/왕/군 만두,2023,7305,1471,20,1.3596193065941535,10746000,137700,10608300,귀빈정,과자/간식/안주,할인불가
[밥도둑푸드] 싱싱한 전라도식 굴무침 600g,2023,40605,1240,20,1.6129032258064515,50350000,830000,49520000,밥도둑푸드,밥/반찬/요리,회원
[윌리엄] 무설탕 자일리톨 스톤 캔디,2023,9460,1150,20,1.7391304347826086,10879500,190800,10688700,윌리엄,과자/간식/안주,회원
[대도] 깔끔 담백 국산 포기김치,2023,26783,1127,21,1.8633540372670807,30185000,574200,29610800,대도,김치/젓갈,할인불가
[자연향기] 하동 녹차 명란김 24봉,2023,18000,1008,18,1.7857142857142856,18144000,324000,17820000,자연향기,수산/건어물/김,회원
[미녀마켓] 직화 무뼈닭발 닭목살 2종,2023,7943,981,10,1.019367991845056,7791600,79400,7712200,미녀마켓,과자/간식/안주,할인불가
[무등산식당] 국내산 돼지갈비 묵은지 김치찜 1.2kg,2023,21855,954,30,3.1446540880503147,20849800,662000,20187800,무등산식당,국/탕/찌개/면,회원
[밥도둑푸드] 상큼한 밥도둑 양념 달래장 300g,2023,9900,936,15,1.6025641025641024,9266400,148500,9117900,밥도둑푸드,밥/반찬/요리,회원
[사또건어물] 술을 부르는 마른안주 8종,2023,3910,922,4,0.4338394793926247,3604700,15600,3589100,사또건어물,수산/건어물/김,할인불가
[밥도둑푸드] 여수 가정식 열무 물김치 2종 2kg,2023,13900,834,17,2.038369304556355,11592600,236300,11356300,밥도둑푸드,밥/반찬/요리,회원
[셀핀다] 고순도 프리미엄 발효가바 100% 750mg,2023,54231,754,23,3.050397877984085,40890000,1425000,39465000,셀핀다,건강,회원
[공룡떡집] 30년 전통 떡을 빚는 마을 찹쌀떡 6종,2023,27901,752,13,1.7287234042553192,20981600,376200,20605400,공룡떡집,유제품/베이커리/떡,회원
[국왕푸드] 20년 전통 이부자 갈비탕/한우국밥,2023,9926,749,7,0.9345794392523364,7434600,69400,7365200,국왕푸드,국/탕/찌개/면,회원
[엔닥터스] 지리산 산양삼 100% 산삼시대 1+1,2023,330000,668,21,3.143712574850299,220440000,6930000,213510000,엔닥터스,건강식품,회원
[고양진] 소문난 맛집 레시피로 만든 김치찌개 2~3인분,2023,21004,661,9,1.361573373676248,13883900,144300,13739600,고양진,국/탕/찌개/면,회원
[휘겔리다올리] 고농축 수분 진정 에센스 클렌징오일,2023,32928,631,6,0.9508716323296356,20777500,244000,20533500,휘겔리다올리,뷰티/다이어트,회원
[사옹원] 한입 아삭김치전/땡초부추전,2023,4011,619,22,3.5541195476575123,2483100,95000,2388100,사옹원,밥/반찬/요리,할인불가
[밥도둑푸드] 만능양념파장 300g,2023,6700,598,1,0.1672240802675585,4006600,6700,3999900,밥도둑푸드,밥/반찬/요리,할인불가
[호떡당] 황리단길 유명 호떡 5개입 3종,2023,5157,549,0,0.0,2831100,0,2831100,호떡당,과자/간식/안주,할인불가
[국밥명인] 소고기/수육/한우/장어 국밥 4종,2023,7900,523,23,4.397705544933078,4131700,181700,3950000,국밥명인,국/탕/찌개/면,할인불가
[욜드리] 탈모완화 욜드리 시니어 샴푸,2023,50000,516,4,0.7751937984496124,25800000,200000,25600000,욜드리,뷰티/다이어트,회원
[빵굽는오남매] 41년 군산 명물 속편한 흰찰쌀보리 빵,2023,15690,505,10,1.98019801980198,7923400,166600,7756800,빵굽는오남매,유제품/베이커리/떡,할인불가
[불파네] 기가막힌 수제 화덕 피자 4종,2023,10610,429,12,2.797202797202797,4551500,128000,4423500,불파네,유제품/베이커리/떡,회원
[이지마인드] 남성올인원 남한크림 100ml,2023,8500,429,5,1.1655011655011656,3646500,42500,3604000,이지마인드,뷰티/다이어트,할인불가
[제주의맛] 당도높은 타이벡 농법 남원 감귤,2023,33363,426,23,5.39906103286385,14212700,785500,13427200,제주의맛,수산/건어물/김,할인불가
[찬스푸드] 푸짐하게 담아낸 명품 갈비탕 2종,2023,6401,397,4,1.0075566750629723,2541300,27600,2513700,찬스푸드,국/탕/찌개/면,회원
[육개장터] 80년 전통 오랜 시간 이어온 육개장 맛집 7종,2023,6497,382,6,1.5706806282722512,2481700,64800,2416900,육개장터,국/탕/찌개/면,회원
[경영푸드] 2023년 신안 천일염,2023,49900,380,15,3.947368421052632,18962000,748500,18213500,경영푸드,잼/오일/조미/장,할인불가
[플레이버] 국내산 자연 그대로의 단맛 수박주스,2023,47849,363,4,1.1019283746556474,17369300,169300,17200000,플레이버,식품,회원
[여민락] 오븐에 구운 수제 넛바 견과류세트,2023,5908,360,24,6.666666666666667,2126700,58700,2068000,여민락,과자/간식/안주,할인불가
[휘겔리다올리] 리메디얼 씨벅턴 퍼스트 오일,2023,24276,359,16,4.456824512534819,8715000,251500,8463500,휘겔리다올리,뷰티/다이어트,회원
[귀빈정] 26년전통 명품 수제 단호박 약과 1kg,2023,12900,321,4,1.2461059190031152,4140900,51600,4089300,귀빈정,과자/간식/안주,할인불가
[밥도둑푸드] 국내 자연산 반건조 민어 1팩 (30-35cm),2023,13900,319,0,0.0,4434100,0,4434100,밥도둑푸드,수산/건어물/김,회원
[대도] 전라도 총각김치,2023,23790,317,6,1.892744479495268,7541500,165000,7376500,대도,김치/젓갈,할인불가
[이금선명인] 강원도 프리미엄 젓갈 7종,2023,25332,317,7,2.2082018927444795,8030400,177000,7853400,이금선명인,김치/젓갈,회원
"[플렉썸] 알티지 오메가3 1,202mg(30캡슐)",2023,24080,316,25,7.9113924050632916,7609280,602000,7007280,플렉썸,건강식품,회원
[오복떡본가] 전통방식 영양찰떡 4종,2023,17183,316,9,2.848101265822785,5429700,185400,5244300,오복떡본가,유제품/베이커리/떡,회원
[라인에비히] 당케 FGF 콜라겐 파워 앰플 50ml,2023,59000,312,0,0.0,18408000,0,18408000,라인에비히,뷰티/다이어트,회원
[방떡] 대구의 명물 방촌시장 방촌떡볶이와 납작만두,2023,17252,305,8,2.622950819672131,5262000,143400,5118600,방떡,과자/간식/안주,회원
[영호수산] 목포산지 직송 국산&흑산도 홍어,2023,33044,291,8,2.7491408934707904,9615860,255390,9360470,영호수산,수산/건어물/김,회원
[이지마인드] 100시간 보습 달팽이크림 70ml,2023,12500,282,5,1.773049645390071,3525000,62500,3462500,이지마인드,뷰티/다이어트,할인불가
[쥬빌레푸드] 완주산 생강 재배 진짜배기 유기농 편강생강진액,2023,13495,275,2,0.7272727272727273,3711000,27600,3683400,쥬빌레푸드,수산/건어물/김,할인불가
[제이웰푸드] 간편한 명품한알 고체 육수 6종,2023,6500,261,7,2.681992337164751,1696500,45500,1651000,제이웰푸드,잼/오일/조미/장,할인불가
[바먹] 고소한 돼지고기 특수부위 4종,2023,11900,251,2,0.796812749003984,2986900,23800,2963100,바먹,농축산/과일/계란,회원
[밥도둑푸드] 가정식 여수 순살 꼬막 무침,2023,11762,244,4,1.639344262295082,2870000,46000,2824000,밥도둑푸드,밥/반찬/요리,할인불가
[케이닥] 초특가 국산 닥솜 한지 프리미엄 마스크,2023,19900,240,9,3.75,4776000,179100,4596900,케이닥,생활,할인불가
[닥터쏘울] 건강한 발 밸런스를 위한 특허 닥터쏘울 깔창 인솔,2023,113679,239,8,3.3472803347280333,27169200,953400,26215800,닥터쏘울,건강용품,회원
[이남장] 정성이 담긴 두툼한 설렁탕,2023,12296,233,4,1.7167381974248928,2864900,39200,2825700,이남장,국/탕/찌개/면,할인불가
[무등산식당] 수제 양념 꽃갈비 LA갈비 800g,2023,29110,231,6,2.5974025974025974,6724400,180000,6544400,무등산식당,밥/반찬/요리,할인불가
[귀빈정] 26년 전통 수제 부대찌개 2~3인분,2023,11900,231,4,1.7316017316017316,2748900,47600,2701300,귀빈정,국/탕/찌개/면,할인불가
[금강수림] 전통육개장 1kg 3인분,2023,15325,230,10,4.3478260869565215,3524800,150000,3374800,금강수림,국/탕/찌개/면,할인불가
[우리동네방앗간] 고소한 전통 재래식 압착 참기름&들기름,2023,12925,229,5,2.1834061135371177,2959900,71300,2888600,우리동네방앗간,잼/오일/조미/장,할인불가
[경자국밥] 잡내없이 깔끔한 돼지국밥/순대국밥,2023,7500,224,0,0.0,1680000,0,1680000,경자국밥,국/탕/찌개/면,회원 + 비회원
[경영푸드] 신안지도산 최상급 햇추젓 가을 새우젓,2023,29300,221,5,2.262443438914027,6475300,146500,6328800,경영푸드,수산/건어물/김,할인불가
[밥도둑푸드] 여수맛집 딱새우 된장찌개 2-3인분,2023,7700,214,2,0.9345794392523364,1647800,15400,1632400,밥도둑푸드,국/탕/찌개/면,회원
[아이프리] 식약처 정식승인 굿필링 KF-94 마스크,2023,23862,210,4,1.9047619047619049,5011000,117600,4893400,아이프리,생활용품/차량용품/마스크,회원
[밥도둑푸드] 전라도식 양념갈치젓갈 500g,2023,9900,205,0,0.0,2029500,0,2029500,밥도둑푸드,김치/젓갈,할인불가
[글랜무어] 연꽃추출물 RSB 엑티브 선크림,2023,57480,204,0,0.0,11726000,0,11726000,글랜무어,뷰티/다이어트,회원
[경영푸드] 국내산 자연산 활 중방어회,2023,29468,197,1,0.5076142131979695,5805100,29000,5776100,경영푸드,식품,할인불가
[휘겔리다올리] 리퀴드 솝 아로마 바디워시 오렌지밤 300ml,2023,18591,192,0,0.0,3569500,0,3569500,휘겔리다올리,뷰티/다이어트,회원
[대도] 전라도 보쌈김치,2023,25611,190,3,1.5789473684210529,4866000,75000,4791000,대도,김치/젓갈,할인불가
[앙쥬] 프로페셔날 노니 솔루션 헤어 샴푸 750ml,2023,106225,190,4,2.1052631578947367,20182800,476000,19706800,앙쥬,욕실/세정/위생용품,회원
[세인] 모짜렐라 자연치즈 구워먹는 치즈 250g,2023,6500,188,0,0.0,1222000,0,1222000,세인,과자/간식/안주,할인불가
[스파클] 천연 미네랄이 풍부한 무라벨 생수,2023,8993,179,30,16.75977653631285,1609700,260900,1348800,스파클,음료/차,할인불가
[김병구명인] 빵지순례 제주 바게트 3종 세트,2023,17400,176,3,1.7045454545454544,3062400,52200,3010200,김병구명인,유제품/베이커리/떡,회원
[경영푸드] 국내산 서해안 반건조 참조기,2023,19900,174,4,2.2988505747126435,3462600,79600,3383000,경영푸드,식품,할인불가
[라인에비히] 콜라겐 진정 시카톡 크림미스트 100ml,2023,49000,173,1,0.5780346820809248,8477000,49000,8428000,라인에비히,뷰티/다이어트,회원
[무등산식당] 야들야들 부드러운 양념 소불고기,2023,8596,172,4,2.3255813953488373,1478500,31600,1446900,무등산식당,밥/반찬/요리,회원
[대도] 전라도 묵은지,2023,24789,171,5,2.923976608187134,4239000,189000,4050000,대도,김치/젓갈,할인불가
[일산비빔국수] 원조 일산/김치/들깨 수제비 밀키트,2023,15900,170,32,18.823529411764707,2703000,485000,2218000,일산비빔국수,국/탕/찌개/면,할인불가
[SFC바이오] 갈증날 땐 수박소다UP,2023,29487,170,1,0.5882352941176471,5012800,29800,4983000,SFC바이오,식품,회원
[제주의맛] 제주도 산지직송 극강의 달콤함 레드향,2023,52297,167,5,2.9940119760479043,8733600,285100,8448500,제주의맛,수산/건어물/김,할인불가
[청년작목반] 대저 짭짤이 토마토,2023,30894,164,3,1.829268292682927,5066600,105900,4960700,청년작목반,농축산/과일/계란,할인불가
[경영푸드] 신안 최고등급 특품 육젓 새우젓,2023,55000,164,2,1.2195121951219512,9020000,110000,8910000,경영푸드,수산/건어물/김,할인불가
[다모애] 기능성 탈모 테라피 골드 샴푸 헤어토닉,2023,24444,163,3,1.8404907975460123,3984400,97900,3886500,다모애,뷰티/다이어트,할인불가
[씨엔본스] 2023년 당일손질 통영 양념멍게무침,2023,20310,163,1,0.6134969325153374,3310600,21000,3289600,씨엔본스,김치/젓갈,회원
[통영직송] 달달 쫄깃 홍가리비 1kg (30미내외),2023,12000,163,2,1.2269938650306749,1956000,24000,1932000,통영직송,수산/건어물/김,회원
[플레이버] 속초식 붉은대게 내장 딱지장,2023,12900,157,2,1.2738853503184715,2025300,25800,1999500,플레이버,밥/반찬/요리,회원
[오성내추럴] 방금 빻은 장미빛 2023년 햇고춧가루,2023,28375,156,2,1.282051282051282,4426500,110000,4316500,오성내추럴,농축산/과일/계란,할인불가
[굿팜] 담백한 1등급 무항생제 구운계란,2023,24561,153,2,1.30718954248366,3757800,38000,3719800,굿팜,농축산/과일/계란,회원 + 비회원
[연미향] 30년 전통 혼례음식 전문 국민간식 방울떡 4종,2023,31900,152,4,2.631578947368421,4848800,127600,4721200,연미향,유제품/베이커리/떡,할인불가
[패밀리푸드] 3대째 이어오는 숙성 대구돼지막창 500g,2023,9410,151,6,3.9735099337748343,1420900,45500,1375400,패밀리푸드,밥/반찬/요리,할인불가
[우리푸른숲] 고농축 3%편백오일수 피톤치드 탈취제,2023,20007,150,2,1.3333333333333337,3001000,26800,2974200,우리푸른숲,욕실/세정/위생용품,회원
[경영푸드] 활 해산물 해신탕 세트,2023,39000,147,4,2.7210884353741496,5733000,156000,5577000,경영푸드,수산/건어물/김,할인불가
[쥬빌레푸드] 쫀득 담백한 스지 아롱사태 수육,2023,17467,146,0,0.0,2550200,0,2550200,쥬빌레푸드,밥/반찬/요리,할인불가
[경영푸드] 구룡포 과메기 야채세트,2023,35000,145,5,3.4482758620689653,5075000,175000,4900000,경영푸드,식품,할인불가
[대도] 전라도 새깻잎김치,2023,22854,142,5,3.5211267605633805,3245200,105000,3140200,대도,김치/젓갈,할인불가
[다해농수산] 프리미엄 완도 두번 구운 곱창김 5봉 (50매),2023,14900,141,0,0.0,2100900,0,2100900,다해농수산,수산/건어물/김,할인불가
[어마농] 꼭지 딴 대추방울토마토,2023,22834,140,12,8.571428571428571,3196700,225300,2971400,어마농,농축산/과일/계란,할인불가
[대도] 전라도 파김치,2023,31952,139,3,2.158273381294964,4441300,174000,4267300,대도,김치/젓갈,할인불가
[전북김제산] 23년산 신동진 햅쌀,2023,36294,139,1,0.7194244604316548,5044900,38900,5006000,전북김제산,농축산/과일/계란,할인불가
[밥도둑푸드] 전라도식 양념 오징어 젓갈 500g,2023,12900,138,2,1.4492753623188406,1780200,25800,1754400,밥도둑푸드,김치/젓갈,회원
[씨엔본스] 2023년 국내산 통영 생굴 겉절이,2023,23447,138,2,1.4492753623188406,3235700,52000,3183700,씨엔본스,김치/젓갈,회원
[제일] 실속있고 맛있는 쫄쫄이 오징어,2023,27825,137,2,1.45985401459854,3812000,56000,3756000,제일,수산/건어물/김,회원 + 비회원
[오대복] 밀가루NO 국제시장 통 모짜렐라 치즈 쌀어묵바 3종,2023,16947,135,3,2.2222222222222223,2287900,48800,2239100,오대복,과자/간식/안주,회원
[씨즐] 깔끔하고 시원한 복지리탕 밀키트 4인분,2023,30767,134,4,2.985074626865672,4122800,133700,3989100,씨즐,국/탕/찌개/면,회원
[이지마인드] 그린토마토 모공앰플 50ml,2023,12000,133,0,0.0,1596000,0,1596000,이지마인드,뷰티/다이어트,할인불가
[한백푸드] 매콤한 팔당오징어/알마니알찜,2023,28500,131,3,2.2900763358778624,3733500,84100,3649400,한백푸드,밥/반찬/요리,회원
[HAAP:합] 유칼립투스 카밍 에센스,2023,56000,131,2,1.5267175572519085,7336000,112000,7224000,HAAP:합,뷰티/다이어트,회원
[본어스] 산호칼슘 내 몸에 보너스,2023,96000,128,1,0.78125,12288000,96000,12192000,본어스,건강,회원
[지리산사람들] 2023 기간한정 지리산 고로쇠 수액,2023,147331,127,3,2.3622047244094486,18711000,462000,18249000,지리산사람들,음료/차,회원
[라인에비히] 당케FGF 회복크림 50ml,2023,45000,124,0,0.0,5580000,0,5580000,라인에비히,뷰티/다이어트,회원
[칸] 짜지 않고 담백한 수제 쇠고기 육포 30g 5종,2023,4887,124,2,1.6129032258064515,606000,12000,594000,칸,과자/간식/안주,할인불가
[제주농장] 아삭아삭 달큰한 맛 제주 구좌 당근,2023,22693,123,3,2.4390243902439024,2791200,71700,2719500,제주농장,식품,할인불가
[굿팜] 1등급 무항생제/동물복지 계란,2023,19270,123,2,1.6260162601626018,2370200,39800,2330400,굿팜,농축산/과일/계란,할인불가
[플레이버] 상주 명품 건시/반건시 곶감,2023,21564,122,0,0.0,2630800,0,2630800,플레이버,농축산/과일/계란,회원
[금강수림] 우리콩 청국장 1kg 3인분,2023,17836,121,7,5.785123966942149,2158200,128000,2030200,금강수림,국/탕/찌개/면,할인불가
[뽕의도리] 소문난 뽕잎 편육,2023,15901,121,3,2.479338842975207,1924000,54000,1870000,뽕의도리,밥/반찬/요리,할인불가
[밥도둑푸드] 전라도 가정식 파김치 1kg,2023,20000,120,2,1.6666666666666667,2400000,40000,2360000,밥도둑푸드,김치/젓갈,회원
[배포장] 30년 전통 순곱이네 순대 모음,2023,11618,120,11,9.166666666666666,1394100,124000,1270100,배포장,과자/간식/안주,할인불가
"[와우언더웨어] 프리미엄 남성언더웨어 (뱀부, 나일론, 텐셀 택1)",2023,9377,117,2,1.7094017094017095,1097100,17800,1079300,와우언더웨어,패션/잡화,할인불가
[설고당] 부드러운 생크림을 더한 촉촉한 풍미의 쌀 카스테라,2023,7284,116,4,3.4482758620689653,845000,11500,833500,설고당,유제품/베이커리/떡,할인불가
[동원] 양반 즉석밥 쌀/현미/흑미 24개입,2023,17500,115,1,0.8695652173913043,2012500,17500,1995000,동원,밥/반찬/요리,회원 + 비회원
[무등산식당] 담백 고소한 국내산 쪽갈비 구이,2023,18398,115,1,0.8695652173913043,2115800,17900,2097900,무등산식당,밥/반찬/요리,회원
[대도] 겨울철 별미 동치미김치,2023,17883,113,1,0.8849557522123894,2020800,18000,2002800,대도,김치/젓갈,할인불가
[뉴트리커먼] 전립쎈 쏘팔메토 옥타코사놀 5종 기능성,2023,34900,112,3,2.6785714285714284,3908800,104700,3804100,뉴트리커먼,건강식품,회원 + 비회원
[이지마인드] 아크네&지성 피부용 폼클렌징 200ml,2023,8000,112,5,4.464285714285714,896000,40000,856000,이지마인드,뷰티/다이어트,할인불가
[바베큐아저씨] 프리미엄 어포튀김 빠삭이의반란 100g,2023,3300,111,0,0.0,366300,0,366300,바베큐아저씨,과자/간식/안주,할인불가
[휘겔리다올리] 피토 테라피-클로렐라 CGF 수분진정앰플,2023,36855,110,1,0.9090909090909092,4054000,60000,3994000,휘겔리다올리,뷰티/다이어트,회원
[명장F&B] 포천 이동 왕 양념구이 1kg + 1kg 선물세트,2023,47800,109,11,10.091743119266056,5210200,525800,4684400,명장F&B,농축산/과일/계란,회원 + 비회원
[아이프리] 모던 규조토 발매트/욕실매트,2023,17667,108,0,0.0,1908000,0,1908000,아이프리,욕실/세정/위생용품,회원
[미식대가] 얼큰 칼칼한 한우 대창 전골,2023,14900,108,4,3.7037037037037033,1609200,59600,1549600,미식대가,국/탕/찌개/면,할인불가
[골든밥] 황금빛 맛과 영양의 현미 쌀 골든밥 95% 4kg,2023,33426,107,4,3.738317757009345,3576600,142700,3433900,골든밥,농축산/과일/계란,회원
"[요리반상회] 전통의 손맛, 집국백서 국 4종",2023,5300,107,0,0.0,567100,0,567100,요리반상회,국/탕/찌개/면,할인불가
[헬피던스] 모근을 꽉 잡아주는 하루모환,2023,39548,106,2,1.8867924528301887,4192100,79600,4112500,헬피던스,건강식품,회원
[쫀슐랭] 중독되는 그 맛 쫄깃한 쫀징어 4종,2023,7900,106,0,0.0,837400,0,837400,쫀슐랭,과자/간식/안주,할인불가
[엘로보] 강렬한 첫사랑의 향기 차량용 디퓨저 13종,2023,13000,105,0,0.0,1365000,0,1365000,엘로보,생활용품/차량용품/마스크,할인불가
[신기한방] 지긋지긋한 초파리 잘가 bye,2023,16002,105,3,2.857142857142857,1680200,26700,1653500,신기한방,생활용품/차량용품/마스크,할인불가
[유기농샵] 초록한입 맥문동 배도라지즙 21포,2023,19000,104,0,0.0,1976000,0,1976000,유기농샵,Unknown,Unknown
[모란봉] 간편 가정식 별다섯개 별미냉면,2023,28962,104,0,0.0,3012000,0,3012000,모란봉,국/탕/찌개/면,회원
[가마솥옛날수제누룽지] 국내산 쌀로 만든 바삭 누룽지,2023,22519,104,2,1.9230769230769231,2342000,56000,2286000,가마솥옛날수제누룽지,Unknown,Unknown
[삼광] 찐한 콩을 그대로 담은 진짜 찐두유,2023,40976,103,2,1.9417475728155336,4220500,49000,4171500,삼광,음료/차,할인불가
[사옹원] 고소한 매콤 오징어/고추 튀김,2023,6167,102,6,5.88235294117647,629000,39000,590000,사옹원,밥/반찬/요리,할인불가
[경영푸드] 국내산 김장세트 해남 절임 배추 20kg+새우젓(사전예약 11월 08일부터 발송),2023,49000,99,11,11.11111111111111,4851000,539000,4312000,경영푸드,김치/젓갈,할인불가
[플레이버] 봄 향기 가득한 성주 참외,2023,36248,98,2,2.0408163265306123,3552300,92800,3459500,플레이버,식품,할인불가
[아이더테크] 체감 온도를 낮추는 미니 COOL-쿨매트 1+1,2023,89192,98,4,4.081632653061225,8740800,338400,8402400,아이더테크,계절가전/계절용품,회원
[플레이버] 23년 김제 첫 수확 햇감자 수미감자,2023,28780,97,1,1.0309278350515465,2791700,65000,2726700,플레이버,농축산/과일/계란,할인불가
[밥도둑푸드] 여수맛집 돌게 된장찌개 2통,2023,15000,96,1,1.0416666666666663,1440000,15000,1425000,밥도둑푸드,국/탕/찌개/면,회원
[제주수협] 살아있는 프리미엄 제주 활광어 어묵,2023,4534,95,0,0.0,430700,0,430700,제주수협,밥/반찬/요리,할인불가
[온마리] 죽은 입맛 살려내는 멸치/전어 젓갈,2023,19000,95,4,4.2105263157894735,1805000,76000,1729000,온마리,김치/젓갈,회원
[이지마인드] 피부진정 시카수분크림 150ml,2023,10500,95,2,2.1052631578947367,997500,21000,976500,이지마인드,뷰티/다이어트,할인불가
[찡어팩토리] 리얼 영화관 땅콩버터구이 오징어,2023,20919,95,0,0.0,1987300,0,1987300,찡어팩토리,과자/간식/안주,회원
[백봉오골계] 청정지역 춘천 백봉오골계 초란&유정란,2023,44962,94,2,2.127659574468085,4226400,105400,4121000,백봉오골계,Unknown,Unknown
[플레이버] 과육 50% 수제 과일청 과일차 (1kg+1kg),2023,24867,94,2,2.127659574468085,2337500,50000,2287500,플레이버,잼/오일/조미/장,회원
[플레이버] 불포화 지방산이 풍부한 견과 5종,2023,4921,94,4,4.25531914893617,462600,21600,441000,플레이버,과자/간식/안주,회원
[씨즐] 새콤달콤 신선한 포항 활어 물회 / 특물회,2023,14326,92,2,2.1739130434782608,1318000,34000,1284000,씨즐,수산/건어물/김,할인불가
[한옥마을] 전주남부식 프리미엄 콩나물/황태 해장국밥,2023,12268,92,4,4.3478260869565215,1128700,51900,1076800,한옥마을,국/탕/찌개/면,할인불가
[경영푸드] 목포 손질 먹갈치,2023,30154,91,1,1.098901098901099,2744000,31200,2712800,경영푸드,수산/건어물/김,할인불가
[쫀슐랭] 두툼한 목포 밥통 쫀드기 업그레이드,2023,26956,90,5,5.555555555555555,2426000,115500,2310500,쫀슐랭,과자/간식/안주,회원 + 비회원
[밥도둑푸드] 국내산 새우로 만든 깐 새우장 300g,2023,15000,89,1,1.1235955056179776,1335000,15000,1320000,밥도둑푸드,밥/반찬/요리,회원
[제스프리] 뉴질랜드 프리미엄 골드 키위 대과,2023,41035,89,3,3.3707865168539324,3652100,98700,3553400,제스프리,농축산/과일/계란,할인불가
[KBH] 고함량 단백질 산양유 프로틴 1+1,2023,71800,89,2,2.247191011235955,6390200,143600,6246600,KBH,건강식품,회원
[밥도둑푸드] 전라도식 양념 낙지젓갈 500g,2023,26000,88,2,2.272727272727273,2288000,52000,2236000,밥도둑푸드,김치/젓갈,회원
[신키네도] 수제 슈퍼스타 롤케이크 5종,2023,9609,88,0,0.0,845560,0,845560,신키네도,유제품/베이커리/떡,할인불가
[하우스원푸드] 미니 츄러스 커스터드크림/소시지,2023,11497,88,0,0.0,1011700,0,1011700,하우스원푸드,과자/간식/안주,회원
[더킴] 간편하게 즐기는 프리미엄 양꼬치,2023,9460,86,2,2.3255813953488373,813520,21960,791560,더킴,밥/반찬/요리,회원
[엄마떡집] 無방부제 無첨가물 無색소 백설기 6종,2023,13542,86,6,6.976744186046512,1164600,73200,1091400,엄마떡집,유제품/베이커리/떡,회원
[후룻앤고] 부드러운 건망고 80g,2023,3900,86,0,0.0,335400,0,335400,후룻앤고,과자/간식/안주,회원
[쓰리세컨즈] 안전한 거품 매직가글 고체형 4종,2023,2700,86,0,0.0,232200,0,232200,쓰리세컨즈,욕실/세정/위생용품,할인불가
[제주농장] 자연을 담은 제주 황금향,2023,32326,86,0,0.0,2780000,0,2780000,제주농장,식품,할인불가
[제주의맛] 천리를 가는 향기를 담은 제주 햇 천혜향,2023,46035,85,3,3.5294117647058822,3913000,163000,3750000,제주의맛,수산/건어물/김,할인불가
"[플렉썸] 글루코사민 1,670mg(60캡슐)",2023,24080,85,17,20.0,2046800,409360,1637440,플렉썸,건강식품,회원
[스키너리즘] 남자의인생 올인원 클렌저 300ml,2023,25000,85,0,0.0,2125000,0,2125000,스키너리즘,뷰티/다이어트,회원
[경영푸드] 국내 자연산 회필렛 광어회,2023,35127,85,5,5.88235294117647,2985800,176600,2809200,경영푸드,수산/건어물/김,회원
[홍미] 전참시 연예인이 사랑한 매운 불 직화 홍미닭발,2023,9973,85,2,2.3529411764705883,847700,18400,829300,홍미,과자/간식/안주,할인불가
[핸인핸] 모노 심플 유광 이중 미세모 칫솔 8p,2023,10900,84,2,2.380952380952381,915600,21800,893800,핸인핸,욕실/세정/위생용품,할인불가
[일산비빔국수] 원조 비빔국수/코다리 비빔국수/냉모밀 밀키트,2023,15446,84,3,3.571428571428571,1297500,59700,1237800,일산비빔국수,국/탕/찌개/면,할인불가
[에코비엔디] 부드러운 논슬립 더블유 욕실화 2종,2023,9900,84,0,0.0,831600,0,831600,에코비엔디,욕실/세정/위생용품,회원
[모다모다] 더 강력해진 새치케어 프로체인지 다크닝 샴푸 시즌2,2023,34000,84,2,2.380952380952381,2856000,68000,2788000,모다모다,뷰티/다이어트,회원
[경영푸드] 국내산 자연산 민어회,2023,29900,84,3,3.571428571428571,2511600,89700,2421900,경영푸드,식품,할인불가
[착한한끼] 부산의 명물 수제 유부주머니,2023,8500,83,0,0.0,705500,0,705500,착한한끼,국/탕/찌개/면,할인불가
[제주농장] 2023년 제주 남원 조생 감귤,2023,24634,82,1,1.2195121951219512,2020000,17500,2002500,제주농장,식품,할인불가
[위칩] 100% 통곡물 시즈닝 칩 스낵 3종,2023,3500,82,0,0.0,287000,0,287000,위칩,과자/간식/안주,회원
[국내산] 호 프리미엄 마스크 비말차단 KF-AD,2023,14062,81,0,0.0,1139000,0,1139000,국내산,생활용품/차량용품/마스크,할인불가
[HAAP:합] 유칼립투스 카밍 마스크,2023,42000,81,1,1.2345679012345678,3402000,42000,3360000,HAAP:합,뷰티/다이어트,회원
[탐라담] 제주 흑돼지 저온숙성 1+돈마호크 600g,2023,35000,80,8,10.0,2800000,280000,2520000,탐라담,Unknown,Unknown
"[리잇X밥애] 칼로리 Down, 맛은 Up! 현미/귀리 곤약밥",2023,21035,80,0,0.0,1682800,0,1682800,리잇X밥애,밥/반찬/요리,회원
[용문해장국] 소뼈/무뼈 가마솥 해장국  700g 3팩,2023,31023,79,2,2.5316455696202533,2450800,60800,2390000,용문해장국,국/탕/찌개/면,회원
[의령소바] 24년 전통 현지 맛집 메밀 호빵 3종,2023,17457,79,0,0.0,1379100,0,1379100,의령소바,유제품/베이커리/떡,회원
[코리아나] 제니스웰 UV 프로텍션 수딩 선크림,2023,38000,78,0,0.0,2964000,0,2964000,코리아나,뷰티/다이어트,회원
[금강수림] 민물 새우탕 1kg 3인분,2023,15909,77,0,0.0,1225000,0,1225000,금강수림,국/탕/찌개/면,할인불가
[디유] 실크단백질 누에 비누,2023,24725,77,0,0.0,1903800,0,1903800,디유,욕실/세정/위생용품,회원
[플레이버] 마이야르 커피 소스 바베큐 폭립,2023,20556,77,0,0.0,1582800,0,1582800,플레이버,밥/반찬/요리,회원
[오복떡본가] 제로슈가 스테비아 현미 영양찰떡 3종,2023,14757,77,1,1.2987012987012987,1136300,15000,1121300,오복떡본가,유제품/베이커리/떡,회원
[성수노루] 핫플레이스 맛집 한우 곱창전골,2023,23681,77,3,3.896103896103896,1823400,97700,1725700,성수노루,국/탕/찌개/면,할인불가
[이브자리] 슬립앤슬립 숙면을 위한 순수 오가닉 메모리폼 베개,2023,136000,77,6,7.792207792207792,10472000,816000,9656000,이브자리,생활,회원
[대도] 전라도 백김치,2023,25804,76,2,2.631578947368421,1961100,39000,1922100,대도,김치/젓갈,할인불가
[대도] 전라도 깍두기,2023,14043,76,2,2.631578947368421,1067300,22000,1045300,대도,김치/젓갈,할인불가
[하겐다즈] 파인트 3종+스틱바 3종 세트,2023,28700,76,1,1.3157894736842104,2181200,28700,2152500,하겐다즈,유제품/베이커리/떡,할인불가
[다해농수산] 특별한 빛깔의 건강떡 무지개꽃 떡국떡,2023,6900,76,0,0.0,524400,0,524400,다해농수산,유제품/베이커리/떡,할인불가
[다솔푸드] 불향 가득 담은 직화구이 6종,2023,7500,75,0,0.0,562500,0,562500,다솔푸드,과자/간식/안주,할인불가
[헬피던스] 활력을 위한 블랙마카 하루탄환,2023,39187,75,0,0.0,2939000,0,2939000,헬피던스,건강식품,회원
[씨즐] 자연산 쫀득쫀득 대방어회 300g 2차,2023,46000,75,1,1.3333333333333337,3450000,46000,3404000,씨즐,수산/건어물/김,회원
[호 마스크] 국내산 호 프리미엄 마스크 KF94 대형 새부리형 50매,2023,14480,74,0,0.0,1071500,0,1071500,호 마스크,생활용품/차량용품/마스크,할인불가
[씨즐] 구룡포 햇 과메기 야채세트,2023,31480,74,1,1.351351351351351,2329500,34900,2294600,씨즐,수산/건어물/김,할인불가
[코오롱제약] 쏘팔메토 옥타코사놀 파워업,2023,65000,74,0,0.0,4810000,0,4810000,코오롱제약,건강식품,회원 + 비회원
[우리두리식혜] 우리쌀로 만든 수제 식혜 2종,2023,18892,73,0,0.0,1379100,0,1379100,우리두리식혜,음료/차,할인불가
[굳닭] 한입에 쏘옥 닭가슴살 볼 3종 100g*10팩,2023,16300,72,7,9.722222222222223,1173600,114100,1059500,굳닭,과자/간식/안주,회원
[피엘디크] 더 밀크 모이스쳐 바디로션/바디워시,2023,10900,72,0,0.0,784800,0,784800,피엘디크,뷰티/다이어트,할인불가
[대도] 전라도 석박지,2023,17394,71,2,2.8169014084507045,1235000,39500,1195500,대도,김치/젓갈,할인불가
[쿨나잇] 열대야를 잊다 엠보싱 냉감패드,2023,104972,71,1,1.4084507042253522,7453000,95000,7358000,쿨나잇,계절가전/계절용품,회원
[제주네이쳐] 맛있는 양배추즙 30포,2023,43950,70,2,2.857142857142857,3076500,189000,2887500,제주네이쳐,건강,할인불가
[플레이버] 신이 내린 최고급 메드쥴 대추야자,2023,30600,70,2,2.857142857142857,2142000,77000,2065000,플레이버,농축산/과일/계란,회원
[오성내추럴] 국내산 100% 방금 빻은 장미빛 고춧가루,2023,15800,69,7,10.144927536231885,1090200,110600,979600,오성내추럴,농축산/과일/계란,회원
[천호엔케어] 기운담은 일품 산삼배양근,2023,198000,68,0,0.0,13464000,0,13464000,천호엔케어,건강식품,회원
[설빙] 리얼 생과일 저칼로리 망고스틱,2023,33449,68,0,0.0,2274500,0,2274500,설빙,과자/간식/안주,회원
[지리산골사람들] 추어탕의 본고장 남원 새집추어탕,2023,39309,68,2,2.941176470588235,2673000,66000,2607000,지리산골사람들,국/탕/찌개/면,할인불가
[칼라테레비] 폭신폭신 소프트 샌들 3color,2023,13900,68,3,4.411764705882353,945200,41700,903500,칼라테레비,패션/잡화,회원
[제주의맛] 제주 남원 프리미엄 타이벡 감귤(사전예약 이벤트 5kg+5kg),2023,41500,68,5,7.352941176470589,2822000,207500,2614500,제주의맛,수산/건어물/김,할인불가
[금강수림] 한우 소고기무국 1kg 3인분,2023,16454,67,0,0.0,1102400,0,1102400,금강수림,국/탕/찌개/면,할인불가
[엠씨랩] 박힌 냄새까지 없애는 냄새 제거제 퀵,2023,12800,67,2,2.985074626865672,857600,25600,832000,엠씨랩,생활용품/차량용품/마스크,회원 + 비회원
[농부대첩] 쫄깃한 물떡과 깊은 맛의 육수까지 부산식 어묵탕,2023,15000,67,2,2.985074626865672,1005000,30000,975000,농부대첩,국/탕/찌개/면,할인불가
[대웅생명과학] 건강 관리의 모든 것 알티지오메가3 쏘팔메토 루테인 3종,2023,12736,67,2,2.985074626865672,853300,27800,825500,대웅생명과학,건강식품,할인불가
[욕실의여왕] 탈취제 3종세트,2023,17800,66,2,3.0303030303030303,1174800,35600,1139200,욕실의여왕,욕실/세정/위생용품,할인불가
[착한농부] 맑아지는 레시피 티백 쑥혈차,2023,11212,66,0,0.0,740000,0,740000,착한농부,음료/차,할인불가
[경영푸드] 목포 뻘낙지 세발낙지 10마리,2023,41855,66,2,3.0303030303030303,2762400,84900,2677500,경영푸드,식품,할인불가
[엘리사] 순수 국내산 원료 엘프로스 디퓨져 실내용 200ml,2023,11846,65,3,4.615384615384616,770000,36000,734000,엘리사,생활용품/차량용품/마스크,할인불가
[씨스팡] 남성 건강을 위한 멀티맨케어,2023,47185,65,0,0.0,3067000,0,3067000,씨스팡,건강식품,회원
[러빈마킨] 아웃도어 방수 접이식 포켓모자 6종,2023,11900,65,4,6.153846153846154,773500,47600,725900,러빈마킨,패션/잡화,할인불가
[쥬빌레푸드] 얼리지 않은 자연산 병어회,2023,25900,65,2,3.076923076923077,1683500,51800,1631700,쥬빌레푸드,수산/건어물/김,할인불가
[미소담식품] 오븐에 구워낸 백억 무뼈 닭발,2023,37758,64,0,0.0,2416500,0,2416500,미소담식품,밥/반찬/요리,회원 + 비회원
[밥도둑푸드] 땡초비빔된장 500g,2023,9500,63,0,0.0,598500,0,598500,밥도둑푸드,밥/반찬/요리,할인불가
[마켓프로즌] 국산 말쥐치로 만든 정미향 삼천포 쥐치포 200g,2023,26000,62,10,16.129032258064516,1612000,260000,1352000,마켓프로즌,과자/간식/안주,할인불가
[사또건어물] 오동통 쫄깃한 자숙 오징어 통족,2023,9410,62,3,4.838709677419355,583400,27900,555500,사또건어물,수산/건어물/김,할인불가
[두두담] 고소하고 담백한 고단백 두부과자,2023,25406,62,1,1.6129032258064515,1575200,29900,1545300,두두담,과자/간식/안주,회원
[설성목장] 풍미 돋는 한우 짜장면 2인분,2023,15000,61,8,13.114754098360656,915000,120000,795000,설성목장,국/탕/찌개/면,회원
[강고집] 국내산 고소한 구운닭 치킨 부위별 4종,2023,16226,61,0,0.0,989800,0,989800,강고집,밥/반찬/요리,회원
[바른장어] 100% 국내산 바른 민물장어 초벌구이 1kg,2023,82000,60,1,1.6666666666666667,4920000,90000,4830000,바른장어,수산/건어물/김,회원
[하나임푸드] 달콤 바삭 옥수수 핫도그,2023,22038,60,0,0.0,1322300,0,1322300,하나임푸드,과자/간식/안주,회원
국내산 화개장터 재첩국 500g,2023,41966,59,1,1.694915254237288,2476000,50000,2426000,Unknown,Unknown,Unknown
[에브리홈] 건강지킴 위생백 100매 1+1,2023,2869,59,0,0.0,169300,0,169300,에브리홈,주방잡화/용품,할인불가
[사또건어물] 말랑말랑 건조 오징어 장족,2023,13719,59,0,0.0,809400,0,809400,사또건어물,수산/건어물/김,할인불가
[착한농부] 2억년의 감칠맛 히말라야 핑크솔트,2023,18000,59,1,1.694915254237288,1062000,18000,1044000,착한농부,잼/오일/조미/장,할인불가
[용궁칼국수] 밀가루 0% 장단콩 소면/중면/칼국수면,2023,23000,59,1,1.694915254237288,1357000,23000,1334000,용궁칼국수,국/탕/찌개/면,할인불가
[유수정] 고품질 1등급 암소 한우 육회,2023,40097,59,0,0.0,2365700,0,2365700,유수정,농축산/과일/계란,회원
[정권식] 40년 경력 정권식 셰프의 간편 짜장면,2023,32056,59,1,1.694915254237288,1891300,44100,1847200,정권식,국/탕/찌개/면,회원
[오마이풋] 30초면 관리 끝! 발 각질제거 롤세럼,2023,20414,58,2,3.4482758620689653,1184000,43000,1141000,오마이풋,뷰티/다이어트,회원 + 비회원
[루핀] 시어버터 핸드&바디로션 500ml,2023,15900,58,0,0.0,922200,0,922200,루핀,뷰티/다이어트,할인불가
[옥도건어물] 바삭한 동결건조칩 7종,2023,6877,57,2,3.508771929824561,392000,11000,381000,옥도건어물,과자/간식/안주,할인불가
[참그루] 더패치 관절 근육통 원적외선 파스,2023,16181,57,0,0.0,922300,0,922300,참그루,건강용품,회원 + 비회원
"[파워닭] 안심스럽닭, 함닭스테이크, 닭가슴살 소시지",2023,19446,56,0,0.0,1089000,0,1089000,파워닭,과자/간식/안주,할인불가
[명품식탁] 청국장은 원래 냄새가 없었다 180g*4개,2023,19900,56,3,5.357142857142857,1114400,59700,1054700,명품식탁,잼/오일/조미/장,회원
[김천수산] 탱탱한 자숙 피문어 슬라이스,2023,23900,56,0,0.0,1338400,0,1338400,김천수산,수산/건어물/김,회원
[금강수림] 한우 미역국 1kg 3인분,2023,16880,55,1,1.818181818181818,928400,19000,909400,금강수림,국/탕/찌개/면,할인불가
[밥도둑푸드] 여수 국내산 알배기 암꽃게장 3미,2023,41100,54,2,3.7037037037037033,2219400,82200,2137200,밥도둑푸드,밥/반찬/요리,회원
[아이더테크] 노러스 한지 필터 마스크 100매,2023,29800,54,1,1.851851851851852,1609200,29800,1579400,아이더테크,생활용품/차량용품/마스크,회원
[해남농부] 달다구리 꿀밤 고구마,2023,22356,54,0,0.0,1207200,0,1207200,해남농부,농축산/과일/계란,할인불가
[안동인] 안동에서 온 황금 레시피 안동찜닭,2023,22094,53,0,0.0,1171000,0,1171000,안동인,밥/반찬/요리,할인불가
[코리안푸드] 해남 세척 꿀밤고구마,2023,19489,53,2,3.7735849056603774,1032900,38800,994100,코리안푸드,농축산/과일/계란,할인불가
[칼라테레비] 토네이도 샤워기+PVC에코호스,2023,29800,53,4,7.547169811320755,1579400,119200,1460200,칼라테레비,욕실/세정/위생용품,회원
[리만월] 40년전통 대만 대왕카스테라 600g,2023,23240,52,0,0.0,1208500,0,1208500,리만월,유제품/베이커리/떡,할인불가
[미사리밀빛] 원조의 맛 초계국수 물/비빔,2023,23000,52,0,0.0,1196000,0,1196000,미사리밀빛,국/탕/찌개/면,회원
[제주의맛] 육즙가득 프리미엄 제주 흑돼지,2023,28545,51,0,0.0,1455800,0,1455800,제주의맛,농축산/과일/계란,할인불가
[곶감명가] 청도반건시 곶감 선물세트,2023,49592,51,6,11.76470588235294,2529200,243500,2285700,곶감명가,농축산/과일/계란,회원
[루셀렌] 스와로브스키 크리스털 풀샤이니 스퀘어 목걸이,2023,29900,51,4,7.84313725490196,1524900,119600,1405300,루셀렌,패션/잡화,할인불가
[언더락] 특허받은 씰링구조 밀폐용기 9종,2023,6863,51,17,33.33333333333333,350000,120000,230000,언더락,주방잡화/용품,할인불가
[허니뱅크] 100% 국산 달코롬한 하동 벌집 200g,2023,11900,50,12,24.0,595000,142800,452200,허니뱅크,농축산/과일/계란,할인불가
[생각의길] 유시민의 글쓰기 특강,2023,15000,49,0,0.0,735000,0,735000,생각의길,도서,회원
[하루제주] 물한방울 없는 100% 제주 양배추즙,2023,43271,49,4,8.16326530612245,2120300,192800,1927500,하루제주,건강식품,할인불가
[경영푸드] 한우 1+등급 차돌박이,2023,13000,49,0,0.0,637000,0,637000,경영푸드,농축산/과일/계란,회원
[강고집] 100% 국내산 닭다리로 만든 냉장 닭갈비 1kg,2023,19800,48,0,0.0,950400,0,950400,강고집,밥/반찬/요리,할인불가
[제주의맛] 제주!하면 한라봉,2023,41102,48,2,4.166666666666666,1972900,70000,1902900,제주의맛,수산/건어물/김,할인불가
[나이젠] 피부 속부터 차오르는 특허받은 콜라겐 1+1,2023,55000,48,0,0.0,2640000,0,2640000,나이젠,건강식품,회원
[바닮] 고소하게 볶아낸 돌자반 볶음 70g*5봉,2023,13000,48,0,0.0,624000,0,624000,바닮,밥/반찬/요리,회원
[아이프리] 새부리형 V핏 굿필링 KF-AD 마스크,2023,24775,48,4,8.333333333333332,1189200,126600,1062600,아이프리,생활용품/차량용품/마스크,회원
[쥬빌레푸드] 진품종자 인증된 맛 무주 찐 찰옥수수,2023,18900,48,6,12.5,907200,113400,793800,쥬빌레푸드,농축산/과일/계란,할인불가
[삼보] 전북 부안 무형문화재 제 23호 죽염 3종,2023,15830,47,13,27.659574468085108,744000,185000,559000,삼보,잼/오일/조미/장,할인불가
[직지방앗간] 쌀과 막걸리로 만든 직지방울떡&판기지떡,2023,19000,47,3,6.382978723404255,893000,62000,831000,직지방앗간,유제품/베이커리/떡,회원
[플레이버] 최고급 대추야자&견과 선물세트,2023,51681,47,8,17.02127659574468,2429000,472000,1957000,플레이버,농축산/과일/계란,할인불가
[플레이버] 수제 과일차 과일청 2종 선물세트,2023,34000,47,0,0.0,1598000,0,1598000,플레이버,식품,회원
[경영푸드] 상황버섯 태양초 고추장&된장,2023,25000,47,0,0.0,1175000,0,1175000,경영푸드,잼/오일/조미/장,회원
[여수올림] 100% 자연산 짱뚱어탕,2023,25879,47,0,0.0,1216300,0,1216300,여수올림,국/탕/찌개/면,할인불가
[금강수림] 바지락황태국 1kg 3인분,2023,14891,46,0,0.0,685000,0,685000,금강수림,국/탕/찌개/면,할인불가
[아이프리] 시어서커 여름 홑이불/베개/패드 세트,2023,43348,46,2,4.3478260869565215,1994000,74800,1919200,아이프리,계절가전/계절용품,회원
[빼미떡볶이] 국산재료로 만든 빼미 떡볶이,2023,7870,46,0,0.0,362000,0,362000,빼미떡볶이,밥/반찬/요리,할인불가
[뉴트리케어] 엠디레시피 온가족 눈 건강 아이케어,2023,60000,46,2,4.3478260869565215,2760000,120000,2640000,뉴트리케어,건강식품,회원
[플렉썸] 비타민D 150mg(60캡슐),2023,18000,45,10,22.22222222222222,810000,180000,630000,플렉썸,건강식품,회원
[살림을부탁해] 액체세탁세제&섬유유연제,2023,31600,45,1,2.2222222222222223,1422000,31600,1390400,살림을부탁해,욕실/세정/위생용품,회원
[통영김태공] 바다의 명품 통영 생굴(깐굴),2023,16900,45,8,17.77777777777778,760500,135200,625300,통영김태공,수산/건어물/김,할인불가
[바베큐아저씨] 명불허전 먹태의 반란,2023,17567,45,1,2.2222222222222223,790500,21300,769200,바베큐아저씨,과자/간식/안주,할인불가
[제주농장] 새콤달콤 제주산 금귤,2023,26111,45,0,0.0,1175000,0,1175000,제주농장,농축산/과일/계란,할인불가
[신화인터글로벌] 맛과 재미를 더하다 폭풍 닭볶이 2인분,2023,12900,45,0,0.0,580500,0,580500,신화인터글로벌,밥/반찬/요리,회원
[플레이버] 경북 김천 고당도 샤인머스켓,2023,33082,45,0,0.0,1488700,0,1488700,플레이버,농축산/과일/계란,할인불가
[경영푸드] 자연산 농어 회필렛 1+1,2023,29000,45,1,2.2222222222222223,1305000,29000,1276000,경영푸드,식품,할인불가
[한솔식품] 캠핑용 발열 오겹살 수육세트 2종,2023,11055,44,3,6.8181818181818175,486400,37500,448900,한솔식품,밥/반찬/요리,할인불가
[빠진닭] 국물까지다먹어도 59칼로리  발효곤약라면 매코미/고소미 2종,2023,16661,44,0,0.0,733100,0,733100,빠진닭,국/탕/찌개/면,할인불가
[플레이버] 만수르의 간식! 크리스마스 특별 패키지 메드쥴 대추야자,2023,16814,44,0,0.0,739800,0,739800,플레이버,식품,회원
[대도] 전라도 오이소박이,2023,27853,43,0,0.0,1197700,0,1197700,대도,김치/젓갈,할인불가
[아라홈] 세균No 도톰한 일회용 수세미,2023,26447,43,5,11.627906976744184,1137200,128000,1009200,아라홈,주방잡화/용품,회원 + 비회원
[사또건어물] 고소한 홍진미/백진미 200g,2023,6691,43,0,0.0,287700,0,287700,사또건어물,수산/건어물/김,할인불가
더콘가글Q 500ml,2023,15000,42,0,0.0,630000,0,630000,Unknown,Unknown,Unknown
"[하우스원푸드] 달달한 5가지 맛, 미니 붕어빵 500g",2023,8600,42,0,0.0,361200,0,361200,하우스원푸드,과자/간식/안주,회원
[로얄식당] 보들보들 경양카츠 돈카츠 650g,2023,14900,42,0,0.0,625800,0,625800,로얄식당,밥/반찬/요리,할인불가
[이젠슬림] 껍질 없는 미니 통통 구운 감자,2023,21319,42,0,0.0,895400,0,895400,이젠슬림,과자/간식/안주,회원
[바베큐아저씨] 튀긴 오징어의 반란 80g,2023,20176,42,0,0.0,847400,0,847400,바베큐아저씨,과자/간식/안주,할인불가
[오숙수] 더 건강한 하루견과 현미찰떡,2023,46090,42,1,2.380952380952381,1935800,59900,1875900,오숙수,과자/간식/안주,회원
[바스틀리] 천연 밀짚 펄프 토일렛 휴지,2023,18900,42,0,0.0,793800,0,793800,바스틀리,욕실/세정/위생용품,할인불가
[때가솔] 품격을 올려주는 퍼퓸드 비누 4종,2023,7200,42,0,0.0,302400,0,302400,때가솔,욕실/세정/위생용품,회원
[무로] 올인원케어 만능 세탁소 스프레이,2023,37095,42,3,7.142857142857142,1558000,112400,1445600,무로,생활용품/차량용품/마스크,회원
[이로웁다] 관절을 생각한 국산닭발 NEW 계력환,2023,46024,41,0,0.0,1887000,0,1887000,이로웁다,건강식품,회원
[메디미플러스] 해충박멸 30년 전통 신기패,2023,9900,41,0,0.0,405900,0,405900,메디미플러스,생활용품/차량용품/마스크,할인불가
[박수갈비] 담양식 국내산 프리미엄 수제 양념돼지갈비1kg,2023,31854,41,0,0.0,1306000,0,1306000,박수갈비,농축산/과일/계란,회원 + 비회원
[이로웁다] 붓기 빼는 고소한 콩티팥티,2023,16659,41,0,0.0,683000,0,683000,이로웁다,뷰티/다이어트,회원
[쿨보틀] 특수 냉매로 만든 시원한 예감 보냉기,2023,12500,41,0,0.0,512500,0,512500,쿨보틀,계절가전/계절용품,회원
[경영푸드] 2023년 수확 전남 신안 햇 수미 왕감자,2023,25500,41,5,12.195121951219512,1045500,127500,918000,경영푸드,농축산/과일/계란,할인불가
[금강수림] 인삼 장어탕 1kg 3인분,2023,16300,40,0,0.0,652000,0,652000,금강수림,국/탕/찌개/면,할인불가
[욕실의여왕] 곰팡이 제거젤 150g 3개,2023,20700,40,0,0.0,828000,0,828000,욕실의여왕,욕실/세정/위생용품,할인불가
[더킴] 부드러운 어린양 램 100% 양고기 숄더랙&LA양갈비,2023,32368,40,0,0.0,1294720,0,1294720,더킴,밥/반찬/요리,회원
[제주농장] 겨울 제철 제주 콜라비 3kg,2023,16070,40,1,2.5,642800,20800,622000,제주농장,식품,할인불가
[김천수산] 향긋한 도다리 쑥국 밀키트 3~4인분,2023,20875,40,0,0.0,835000,0,835000,김천수산,국/탕/찌개/면,할인불가
[참자연] 송이버섯 담은 고체육수 육수잘알,2023,7900,40,0,0.0,316000,0,316000,참자연,잼/오일/조미/장,할인불가
[프리지아] 오일텐 포밍헤어컬러 브러쉬형 염색약,2023,10208,39,2,5.128205128205128,398100,20800,377300,프리지아,뷰티/다이어트,할인불가
[엔닥터스] 금보다 귀한 산양산삼침향환-天壽천수 1+1,2023,600000,39,2,5.128205128205128,23400000,1200000,22200000,엔닥터스,건강,회원
[바베큐아저씨] 전복미역국/황태미역국/우렁된장국 3종,2023,6874,39,0,0.0,268100,0,268100,바베큐아저씨,국/탕/찌개/면,할인불가
"[와우언더웨어] 프리미엄 남성언더웨어 (뱀부3+1, 나일론3+1, 텐셀4+1 택1)",2023,82763,38,2,5.263157894736842,3145000,174000,2971000,와우언더웨어,패션/잡화,회원
"[와우언더웨어] 프리미엄 남성언더웨어 (뱀부3+1, 나일론3+1, 텐셀4+1 택1)",2023,82763,38,2,5.263157894736842,3145000,174000,2971000,와우언더웨어,패션/잡화,회원
[흑염소의진심] 흑염소 흑심 불고기,2023,15000,38,0,0.0,570000,0,570000,흑염소의진심,농축산/과일/계란,할인불가
[통뼈명가] 두툼한 통뼈 소갈비찜 1.2kg,2023,35900,38,0,0.0,1364200,0,1364200,통뼈명가,밥/반찬/요리,할인불가
[클린] 다용도 우레탄 수세미,2023,5500,38,0,0.0,209000,0,209000,클린,주방잡화/용품,회원
[경영푸드] 국내산 특대사이즈 급냉 암꽃게,2023,49000,38,4,10.526315789473683,1862000,196000,1666000,경영푸드,식품,할인불가
[대도] 전라도 열무김치,2023,19568,37,1,2.702702702702702,724000,35500,688500,대도,김치/젓갈,할인불가
[김오곤원장] 흙속의 진주 백두대간 칡즙,2023,17500,37,3,8.108108108108109,647500,52500,595000,김오곤원장,건강식품,할인불가
[플레이버] 여주 특산품 송이고 버섯 선물세트,2023,99000,37,0,0.0,3663000,0,3663000,플레이버,농축산/과일/계란,회원
[김셰프] 국내산 생닭으로 만든 만장일치 춘천닭갈비,2023,19900,37,2,5.405405405405405,736300,39800,696500,김셰프,밥/반찬/요리,회원
[피자디나] 쫀득한 나폴리 화덕 피자 4종 택1,2023,12532,37,0,0.0,463700,0,463700,피자디나,과자/간식/안주,할인불가
[잇디스낫댓] 곤약 현미 볶음밥 깍두기/커리/잡채 3종,2023,4500,37,5,13.513513513513514,166500,22500,144000,잇디스낫댓,밥/반찬/요리,회원
[한옥마을] 프리미엄 석갈비 밀키트 2인분,2023,16232,37,2,5.405405405405405,600600,33600,567000,한옥마을,밥/반찬/요리,할인불가
[샤브하루] 기본/매운/마라 샤브샤브 밀키트,2023,22738,37,2,5.405405405405405,841300,47800,793500,샤브하루,국/탕/찌개/면,회원
[아라푸드] 국내산 해초샐러드 7종 모듬해초,2023,18000,37,0,0.0,666000,0,666000,아라푸드,Unknown,Unknown
[철마연밥] 부산 한정식 맛집 건강 연잎밥 200g,2023,8300,37,0,0.0,307100,0,307100,철마연밥,밥/반찬/요리,회원
[딥블러쉬] 까멜리아 석고방향제 세트,2023,19522,37,2,5.405405405405405,722300,37800,684500,딥블러쉬,생활용품/차량용품/마스크,할인불가
[미식대장] 데리야끼/간장/양념 손질 게장 3종,2023,31954,37,1,2.702702702702702,1182300,33900,1148400,미식대장,밥/반찬/요리,할인불가
[삼일정육식당] 광주 곤지암 한우 소머리국밥 600g,2023,34281,37,0,0.0,1268400,0,1268400,삼일정육식당,국/탕/찌개/면,회원
[포항죽도시장] 신선 밀키트로 만나는 밀복 복지리 맑은복어탕 2~3인분,2023,19900,36,3,8.333333333333332,716400,59700,656700,포항죽도시장,국/탕/찌개/면,회원 + 비회원
[홈캉스] 논슬립 처리 딱붙 욕실화,2023,18900,36,0,0.0,680400,0,680400,홈캉스,욕실/세정/위생용품,회원
[쫀슐랭] 대구 명물 찹쌀도넛 콩국,2023,16117,36,0,0.0,580200,0,580200,쫀슐랭,국/탕/찌개/면,할인불가
[경영푸드] 한우 1+등급 5종 세트 한정판매,2023,49000,36,0,0.0,1764000,0,1764000,경영푸드,농축산/과일/계란,할인불가
[유기농맘] 제로슈거 유기농 한입에 뻥튀기 4종,2023,8900,36,2,5.555555555555555,320400,17800,302600,유기농맘,과자/간식/안주,할인불가
[밥도둑푸드] 손질된 간편 여수 돌게장,2023,14546,35,1,2.857142857142857,509100,21500,487600,밥도둑푸드,밥/반찬/요리,할인불가
[메디올가] 만능 각질 케어 메디아하 스팟 크림,2023,36906,35,0,0.0,1291700,0,1291700,메디올가,뷰티/다이어트,회원
[전북김제산] 22년산 십리향 햅쌀,2023,36497,35,1,2.857142857142857,1277400,44000,1233400,전북김제산,농축산/과일/계란,할인불가
[설성목장] 콰트로치즈 치킨/한우불고기 부리또,2023,35700,35,0,0.0,1249500,0,1249500,설성목장,과자/간식/안주,회원
[벨르로더] 깨끗하게 맑게 두피 스케일러,2023,29900,35,0,0.0,1046500,0,1046500,벨르로더,욕실/세정/위생용품,회원
[네오스핀] 고생 끝! 무선 욕실 청소기,2023,64900,35,1,2.857142857142857,2271500,64900,2206600,네오스핀,욕실/세정/위생용품,회원
[황금콩밭] 아현동 미슐랭맛집 황금콩밭 국산 콩비지탕 500g,2023,8800,34,2,5.88235294117647,299200,17600,281600,황금콩밭,국/탕/찌개/면,할인불가
[러빈마킨] 등산 필수 아이템 아웃도어 모자 3종,2023,9709,34,4,11.76470588235294,330100,40600,289500,러빈마킨,패션/잡화,할인불가
[의령황금메밀] 친환경으로 직접 재배한 쓴메밀국수 세트 5종,2023,18941,34,0,0.0,644000,0,644000,의령황금메밀,국/탕/찌개/면,회원
[티프렌] 깊고 진한 전통 쌍화차,2023,28000,34,0,0.0,952000,0,952000,티프렌,건강식품,회원 + 비회원
[챠스빈푸드] 안노찬 한식대가 황태곰탕,2023,21960,34,1,2.941176470588235,746640,21960,724680,챠스빈푸드,국/탕/찌개/면,회원
[장수돌침대] 2024년형 워셔블 카본 매트 블랙에디션,2023,150221,34,1,2.941176470588235,5107500,150000,4957500,장수돌침대,생활,할인불가
[칼라테레비] 쫀쫀한 마성의 족발 세트,2023,26959,34,1,2.941176470588235,916600,17900,898700,칼라테레비,과자/간식/안주,할인불가
[마켓프로즌] 에어프라이어 치즈감동 뚱까스 & 스테이크 돈까스,2023,14500,33,1,3.0303030303030303,478500,14500,464000,마켓프로즌,밥/반찬/요리,할인불가
[싱싱푸드] 진미채를 그대로 튀긴 오징어튀김,2023,35745,33,0,0.0,1179600,0,1179600,싱싱푸드,과자/간식/안주,회원
[김천농수산] 푸짐한 한끼 해신탕 3~4인분,2023,27900,33,0,0.0,920700,0,920700,김천농수산,국/탕/찌개/면,할인불가
[지영옥] 국내산 닭다리 정육 통살닭구이 3종,2023,14900,33,0,0.0,491700,0,491700,지영옥,밥/반찬/요리,회원
[쥬빌레푸드] 빈타이 포타 프리미엄 베트남 소고기 쌀국수,2023,12000,33,1,3.0303030303030303,396000,12000,384000,쥬빌레푸드,국/탕/찌개/면,할인불가
[욕실의여왕] 세탁조 세정제 100g 4포,2023,12800,32,0,0.0,409600,0,409600,욕실의여왕,욕실/세정/위생용품,할인불가
[무등산식당] 매콤크림&매운 돼지갈비찜,2023,22738,32,0,0.0,727600,0,727600,무등산식당,밥/반찬/요리,회원
[한옥마을] 프리미엄 간장/매콤 두루치기 밀키트 2인분,2023,14925,32,4,12.5,477600,61200,416400,한옥마을,밥/반찬/요리,할인불가
[김소형원장] 홍삼 품은 쌍화차 골드 50포,2023,27000,32,1,3.125,864000,27000,837000,김소형원장,건강식품,할인불가
[졸리에졸리] 블랙틴트오닉스 목걸이,2023,268000,32,7,21.875,8576000,1876000,6700000,졸리에졸리,패션/잡화,할인불가
[바스틀리] 천연 밀짚 펄프 리필형 티슈/케이스,2023,5563,32,0,0.0,178000,0,178000,바스틀리,생활용품/차량용품/마스크,할인불가
[미식대장] 데리야끼/간장/양념 깐 새우장 3종,2023,23869,32,0,0.0,763800,0,763800,미식대장,밥/반찬/요리,할인불가
[우루비] 야외활동 필수품 프로즌 아이스 타월,2023,10900,32,0,0.0,348800,0,348800,우루비,계절가전/계절용품,할인불가
[퀸나] 매일매일 새것처럼 슬립 케어 침구 청소기,2023,189000,31,2,6.451612903225806,5859000,378000,5481000,퀸나,생활가전,회원
[에브리딜] 2023 재물을 부르는 특수금박 해바라기 액자,2023,129000,31,0,0.0,3999000,0,3999000,에브리딜,가구/인테리어,회원
[숲속청계농장] 황태를 먹인 자연방목 청란 청계란,2023,36000,31,2,6.451612903225806,1116000,72000,1044000,숲속청계농장,농축산/과일/계란,할인불가
[몸애조화] 실속/능이버섯/홍삼 삼계탕 재료 3종,2023,7971,31,3,9.67741935483871,247100,29100,218000,몸애조화,잼/오일/조미/장,회원
[쥬빌레푸드] 촉촉한 중간 식감 조치원 복숭아 4kg,2023,43190,31,0,0.0,1338900,0,1338900,쥬빌레푸드,수산/건어물/김,할인불가
[탐난닭] 100%국내산 베이크 양념 치킨 탐난닭,2023,10533,30,2,6.666666666666667,316000,24000,292000,탐난닭,과자/간식/안주,회원
[언박싱팩토리] 헤어샵용 두피 실리콘 브러쉬,2023,17800,30,1,3.333333333333333,534000,17800,516200,언박싱팩토리,욕실/세정/위생용품,회원
[경영푸드] 국내산 목포 파먹갈치 8마리,2023,33000,30,3,10.0,990000,99000,891000,경영푸드,식품,할인불가
[에브리홈] 건강지킴 안터지는 2중 지퍼백 1+1,2023,2728,29,0,0.0,79100,0,79100,에브리홈,주방잡화/용품,할인불가
[미이르] 국내산 / 자연산 손질 통오징어,2023,31766,29,1,3.4482758620689653,921200,23900,897300,미이르,수산/건어물/김,할인불가
[메디미플러스] 신기한 화장실 클리너,2023,15355,29,0,0.0,445300,0,445300,메디미플러스,욕실/세정/위생용품,할인불가
[장우동] 제대로 준비한 정통우동/비빔납작만두 밀키트,2023,16652,29,1,3.4482758620689653,482900,6900,476000,장우동,국/탕/찌개/면,회원
[김태영] 푸짐한 옛날 전통 원조 부산어묵,2023,13900,29,0,0.0,403100,0,403100,김태영,밥/반찬/요리,회원
[HD푸드] 통영 바다장어 특대 사이즈 1kg(2~4미),2023,39000,29,0,0.0,1131000,0,1131000,HD푸드,수산/건어물/김,회원
[와우라이프] 나의 소중한 밍밍 잼칠라 이장님,2023,25000,29,0,0.0,725000,0,725000,와우라이프,도서,회원
[퐁고바스] 우리 가족을 위한 변기 자동 살균기,2023,68000,29,0,0.0,1972000,0,1972000,퐁고바스,욕실/세정/위생용품,회원
[경영푸드] 국내산 손질 갑오징어,2023,29300,29,0,0.0,849700,0,849700,경영푸드,수산/건어물/김,할인불가
[김천수산] 국내산 유기농 산딸기 생과,2023,26900,29,0,0.0,780100,0,780100,김천수산,농축산/과일/계란,회원
[경영푸드] 국내산 안동 부사사과,2023,35900,29,1,3.4482758620689653,1041100,35900,1005200,경영푸드,식품,할인불가
[씨즐] 살이 통통한 동태가 한가득! 넉넉한 포항 동태탕,2023,22000,28,0,0.0,616000,0,616000,씨즐,국/탕/찌개/면,회원
[메디올가] 각질/피지 케어  메디바하 크림,2023,22000,28,0,0.0,616000,0,616000,메디올가,뷰티/다이어트,회원 + 비회원
[플레이버] 식감좋은 명태회 더덕무침 400g,2023,20350,28,0,0.0,569800,0,569800,플레이버,밥/반찬/요리,할인불가
[소르바스] 스페인직수입 포도씨유 해바라기유 선물세트,2023,43214,28,2,7.142857142857142,1210000,85000,1125000,소르바스,잼/오일/조미/장,회원
[NP21] 주름개선 미백효과 비타민 멀티밤 9g,2023,19800,28,0,0.0,554400,0,554400,NP21,뷰티/다이어트,회원
[더넥스트라운드] 프레시마스터 친환경 키핑백 10매,2023,27193,28,2,7.142857142857142,761400,54900,706500,더넥스트라운드,주방잡화/용품,회원
[자연농푸드] 밥지을때 넣어먹는 고급 영양나물밥 3종 선물세트,2023,16026,27,0,0.0,432700,0,432700,자연농푸드,밥/반찬/요리,할인불가
[씨가드] 의사가 만든 3중구조 배게 닥터필로,2023,120833,27,0,0.0,3262500,0,3262500,씨가드,생활,회원
[화아담] 씹고 뜯는 맛이 좋은 쪽갈비 매운맛/순한맛 1kg,2023,31926,27,0,0.0,862000,0,862000,화아담,농축산/과일/계란,회원 + 비회원
[무등산식당] 한돈 소보로 떡갈비 1.2kg,2023,21615,27,0,0.0,583600,0,583600,무등산식당,밥/반찬/요리,할인불가
[유기농샵] 국내산 유기농 건무청 시래기 100g,2023,14000,27,0,0.0,378000,0,378000,유기농샵,Unknown,Unknown
[구선손반] 감칠맛 나는 국내산 우렁강된장 300g,2023,23615,27,1,3.7037037037037033,637600,27900,609700,구선손반,밥/반찬/요리,회원
[본죽] 냉장 파우치 330g*5개 세트(10종 선택),2023,27796,27,0,0.0,750500,0,750500,본죽,Unknown,Unknown
[제주내먹] 오븐에 구운 제주 두부한과 세트,2023,15000,27,0,0.0,405000,0,405000,제주내먹,과자/간식/안주,회원 + 비회원
[플레이버] 휴대하기 좋은 한입 견과 5종,2023,5947,27,0,0.0,160560,0,160560,플레이버,과자/간식/안주,회원
[썬키스트] 고당도 프리미엄 블랙라벨 오렌지,2023,39630,27,1,3.7037037037037033,1070000,32000,1038000,썬키스트,식품,할인불가
[벨르로더] 눈가 주름 개선 시크릿 아이롤온,2023,19867,27,0,0.0,536400,0,536400,벨르로더,뷰티/다이어트,회원
[댕기머리] 7분 동안 새치 염색 염모제 3컬러,2023,38900,27,1,3.7037037037037033,1050300,38900,1011400,댕기머리,뷰티/다이어트,회원
[경영푸드] 국내산 알배기 활 암꽃게 2kg,2023,51833,27,2,7.4074074074074066,1399500,102600,1296900,경영푸드,수산/건어물/김,할인불가
[경영푸드] 국내산 신안 흰다리 활 왕새우,2023,49033,27,0,0.0,1323900,0,1323900,경영푸드,수산/건어물/김,할인불가
[밥도둑푸드] 국내산 키조개관자 슬라이스 200g,2023,15900,26,0,0.0,413400,0,413400,밥도둑푸드,수산/건어물/김,회원
[유한양행] 건강한 명품 유산균 알프로렉스,2023,49000,26,2,7.6923076923076925,1274000,98000,1176000,유한양행,건강식품,회원
[닥터이엘] 차코르파티 대나무숯 치약,2023,17496,26,0,0.0,454900,0,454900,닥터이엘,욕실/세정/위생용품,회원
[디오바코] 12가지 기능을 한번에! 다기능 채칼,2023,16500,26,2,7.6923076923076925,429000,33000,396000,디오바코,조리도구,할인불가
[제주농장] 밤맛이 나는 제주 미니 밤호박,2023,25365,26,1,3.8461538461538463,659500,14000,645500,제주농장,식품,할인불가
[다해농수산] 무주 반딧불 수박무,2023,23362,26,1,3.8461538461538463,607400,16900,590500,다해농수산,농축산/과일/계란,회원
[밥도둑푸드] 여수특산물 돌게장 선물용 1kg 내외,2023,22800,25,0,0.0,570000,0,570000,밥도둑푸드,밥/반찬/요리,할인불가
[대도] 전라도 얼갈이김치,2023,17620,25,0,0.0,440500,0,440500,대도,김치/젓갈,할인불가
[욕실의여왕] 다목적 세정제 400ml 2통,2023,14900,25,0,0.0,372500,0,372500,욕실의여왕,욕실/세정/위생용품,할인불가
[샤인룩] 최고급 프리미엄 극세사 김서림방지 안경닦이,2023,15120,25,0,0.0,378000,0,378000,샤인룩,생활용품/차량용품/마스크,할인불가
[G&C] 모기의 천적 그린N클린 캠핑 모기패치&밴드,2023,5000,25,0,0.0,125000,0,125000,G&C,계절가전/계절용품,회원
[오쿠스노] 태국 과자 1위 리얼 새우머리 스낵 3가지맛,2023,10400,25,0,0.0,260000,0,260000,오쿠스노,과자/간식/안주,회원
[프란델리] 이태리 프리미엄 텀블러 640ML,2023,79000,25,3,12.0,1975000,237000,1738000,프란델리,주방잡화/용품,회원
[설성목장] 신선한 무항생제 한우 육개장,2023,12000,25,0,0.0,300000,0,300000,설성목장,국/탕/찌개/면,회원
[백조씽크] 배수 가능한 스텐 배수구 커버,2023,35000,25,0,0.0,875000,0,875000,백조씽크,주방잡화/용품,회원
[이병우설농탕] 부산 70년 전통의 설렁탕/육개장,2023,6892,25,3,12.0,172300,39600,132700,이병우설농탕,국/탕/찌개/면,회원
[플레이버] 함안 가야 백자 메론,2023,29800,25,0,0.0,745000,0,745000,플레이버,농축산/과일/계란,할인불가
[경영푸드] 국내산 참치(참다랑어) 회필렛,2023,29000,25,1,4.0,725000,29000,696000,경영푸드,식품,할인불가
[경영푸드] 국내산 바다 장어,2023,24000,25,1,4.0,600000,24000,576000,경영푸드,식품,할인불가
[마켓프로즌] 속이 꽉차고 탱글한 튀겨나온 60새우/통살60새우까스,2023,14800,24,6,25.0,355200,88200,267000,마켓프로즌,과자/간식/안주,할인불가
[소담한밥상] 국내산 한우 사골곰탕,2023,21900,24,0,0.0,525600,0,525600,소담한밥상,국/탕/찌개/면,할인불가
[엘리사] 최고의 발향력 엘프로스 디퓨져 차량용 130ml,2023,14750,24,0,0.0,354000,0,354000,엘리사,생활용품/차량용품/마스크,할인불가
[대카롱] 건강 영양식 호두 품은 대추,2023,26567,24,0,0.0,637600,0,637600,대카롱,농축산/과일/계란,회원
[렉스퀸] 모어 클린 350W BLDC 무선청소기 2color,2023,264000,24,1,4.166666666666666,6336000,159000,6177000,렉스퀸,생활가전,회원
[굳닭] 닭가슴살 흑현미/매콤 핫도그 10팩,2023,17500,24,2,8.333333333333332,420000,35000,385000,굳닭,과자/간식/안주,회원
[바이킹] 요리가 재밌다 빨강팬 프라이팬 세트,2023,119600,24,4,16.666666666666664,2870400,478400,2392000,바이킹,냄비/팬/솥,회원 + 비회원
[아이더테크] 올인원 마이크로 버블 비누,2023,45000,24,0,0.0,1080000,0,1080000,아이더테크,욕실/세정/위생용품,회원 + 비회원
[글랜무어] 연꽃추출물 RSB 엑티브 아이크림,2023,58500,24,0,0.0,1404000,0,1404000,글랜무어,뷰티/다이어트,회원
[밥도둑푸드] 가정식 완도 수제 전복장 실속형 1kg (9미내외),2023,24900,23,3,13.043478260869565,572700,74700,498000,밥도둑푸드,밥/반찬/요리,할인불가
[대국수산] 간편하게 즐기는 신선한 가을전어 1팩 5미,2023,7980,23,0,0.0,183540,0,183540,대국수산,수산/건어물/김,할인불가
[링크페어] 316스텐 위생 도마,2023,39800,23,0,0.0,915400,0,915400,링크페어,조리도구,회원
[제주좋아] 건조할 틈이 없는 제주동백오일 립밤 4종,2023,7500,23,0,0.0,172500,0,172500,제주좋아,뷰티/다이어트,할인불가
[닥터필] 아름다움을 위한 브라이트닝 글루타치온,2023,72348,23,1,4.3478260869565215,1664000,48000,1616000,닥터필,뷰티/다이어트,회원
[마인드베리] 부여산 생딸기로 만든 더 착한 딸기청,2023,19239,23,0,0.0,442500,0,442500,마인드베리,잼/오일/조미/장,할인불가
[용궁칼국수] 줄서서 먹는 칼국수 밀키트,2023,33000,23,0,0.0,759000,0,759000,용궁칼국수,국/탕/찌개/면,할인불가
[스위스밀리터리] 무선 전기면도기 메탈 쉐이버 M,2023,48970,23,4,17.391304347826086,1126300,212900,913400,스위스밀리터리,욕실/세정/위생용품,회원
[포항죽도시장] 맑은 아귀탕 밀키트 2~3인분,2023,17239,23,0,0.0,396500,0,396500,포항죽도시장,국/탕/찌개/면,회원
[뉴트리케어] 엠디레시피 100억 유산균 프로바이오틱스,2023,70000,23,0,0.0,1610000,0,1610000,뉴트리케어,건강식품,회원
[제주농장] 고당도 하우스 9월 만생 감귤 추석 특별구성,2023,40174,23,2,8.695652173913043,924000,81000,843000,제주농장,농축산/과일/계란,할인불가
[밥도둑푸드] 통영 양념 멍게젓갈 500g,2023,23900,22,1,4.545454545454546,525800,23900,501900,밥도둑푸드,김치/젓갈,할인불가
[밥도둑푸드] 깊고 진한 전라도 여수식 국내산 김장김치양념 7kg,2023,85000,22,0,0.0,1870000,0,1870000,밥도둑푸드,김치/젓갈,할인불가
[웰로스] 냉장고 항균 탈취 다용도 올인원 패드,2023,30000,22,2,9.090909090909092,660000,60000,600000,웰로스,주방잡화/용품,회원 + 비회원
[바로그-식품] 청정 호주산 소고기로 만든 언양식 바싹불고기,2023,36386,22,0,0.0,800500,0,800500,바로그-식품,농축산/과일/계란,회원
[단슐랭] 리얼 국내산 닭가슴로 만든 꼭꼬칩 6종,2023,15000,22,0,0.0,330000,0,330000,단슐랭,과자/간식/안주,회원 + 비회원
[씨즐] 포항로컬 맛집 오삼불고기 밀키트(3~4인분),2023,29000,22,0,0.0,638000,0,638000,씨즐,밥/반찬/요리,회원
[빙고씨푸드] 국내산 얼큰 꽃게탕 밀키트 1kg,2023,28900,22,0,0.0,635800,0,635800,빙고씨푸드,국/탕/찌개/면,회원
[닥터크랄레] 발톱&무좀 케어 페디세이버 15ml,2023,26000,22,0,0.0,572000,0,572000,닥터크랄레,욕실/세정/위생용품,회원
[미라클버블플러스] 효소안심 세탁조 클리너 12p,2023,23000,22,0,0.0,506000,0,506000,미라클버블플러스,욕실/세정/위생용품,회원 + 비회원
[플레이버] 육포는 나의 힘! 제주 흑돼지/호주 소고기 육포,2023,30791,22,0,0.0,677400,0,677400,플레이버,과자/간식/안주,할인불가
[푸르츠망고] 태국 마하차녹 무지개망고,2023,49800,22,0,0.0,1095600,0,1095600,푸르츠망고,농축산/과일/계란,할인불가
[푸르츠망고] 태국 마하차녹 무지개망고,2023,49800,22,0,0.0,1095600,0,1095600,푸르츠망고,농축산/과일/계란,할인불가
[카셀] 3단계 칼갈이 나이프 샤프너 V2,2023,50000,22,0,0.0,1100000,0,1100000,카셀,주방잡화/용품,회원
[피토페시아] 돋보적인 쿨링감 헤어부스팅 샴푸,2023,35000,22,1,4.545454545454546,770000,35000,735000,피토페시아,뷰티/다이어트,회원
[경영푸드] 서해안 생물 초코 오징어 8마리,2023,29300,22,0,0.0,644600,0,644600,경영푸드,수산/건어물/김,할인불가
[강릉엄지네] 쫄깃쫄깃 꼬막무침 밀키트 2~3인분,2023,23000,22,1,4.545454545454546,506000,23000,483000,강릉엄지네,밥/반찬/요리,할인불가
[쥬빌레푸드] 굽지 않고 바로 먹는 쫄쫄이 오징어,2023,30000,22,0,0.0,660000,0,660000,쥬빌레푸드,수산/건어물/김,할인불가
[쥬빌레푸드] 한번 맛보면 멈출 수 없는 쭈꾸미슐랭,2023,25900,22,0,0.0,569800,0,569800,쥬빌레푸드,밥/반찬/요리,할인불가
[아시아출판] 인간 이재명,2023,16500,21,1,4.761904761904762,346500,16500,330000,아시아출판,도서,회원
[링크페어] 스테인레스 칼 세트 8종,2023,119000,21,1,4.761904761904762,2499000,119000,2380000,링크페어,조리도구,회원
[제주농장] 고당도 하우스 감귤 3/5kg,2023,39095,21,0,0.0,821000,0,821000,제주농장,농축산/과일/계란,할인불가
[하냥농부] 국내산 거창 사과즙 그 두번째 이야기,2023,37000,21,0,0.0,777000,0,777000,하냥농부,음료/차,회원
[로얄식당] 칠리마요 코코넛 쉬림프 점보,2023,12900,21,0,0.0,270900,0,270900,로얄식당,밥/반찬/요리,할인불가
[데니스골프] DG 남성 양말 10종,2023,13471,21,0,0.0,282900,0,282900,데니스골프,패션/잡화,회원
[아이더테크] 마린 콜라겐 100초 샴푸 세트,2023,59800,21,0,0.0,1255800,0,1255800,아이더테크,욕실/세정/위생용품,회원
[플레이버] 쫄깃쫄깃 향긋한 무농약 송이고 버섯,2023,29138,21,0,0.0,611900,0,611900,플레이버,농축산/과일/계란,할인불가
[모다모다] 찰떡궁합 스페셜 새치 케어 선물세트 땡큐박스,2023,33000,21,0,0.0,693000,0,693000,모다모다,뷰티/다이어트,회원
[보만] 입자조절 자동 양념 그라인더,2023,13181,21,0,0.0,276800,0,276800,보만,주방잡화/용품,할인불가
[지티생활건강] LED 차량용 에어서큘레이터 선풍기,2023,8500,21,0,0.0,178500,0,178500,지티생활건강,Unknown,Unknown
[나드리] 복합 케어 멜 포맨 올인원 에센스 200ml,2023,30000,21,0,0.0,630000,0,630000,나드리,뷰티/다이어트,회원
[제주농장] 제주 하우스 황금향 선물세트,2023,57095,21,0,0.0,1199000,0,1199000,제주농장,식품,할인불가
[경영푸드] 국내산 파참조기 5kg,2023,25000,21,4,19.047619047619047,525000,100000,425000,경영푸드,식품,할인불가
[쥬빌레푸드] 두 가지 소스와 같이 먹는 푸주 홍게 어묵탕,2023,26900,21,1,4.761904761904762,564900,26900,538000,쥬빌레푸드,국/탕/찌개/면,할인불가
[밥도둑푸드] 여수낭만포차 묵은지해물삼합 2-3인분,2023,39000,20,2,10.0,780000,78000,702000,밥도둑푸드,밥/반찬/요리,회원
[쉬젤] 웰빙쿠커 인덕션 겸용 스테인리스 찜기,2023,89750,20,3,15.0,1795000,286000,1509000,쉬젤,냄비/팬/솥,할인불가
[덴탈닥터] 부드러운 178개 실리콘 모 칫솔 3개 세트,2023,7900,20,1,5.0,158000,7900,150100,덴탈닥터,욕실/세정/위생용품,할인불가
"[캠핑밥상] 30년 부산명물, 한우곱창 낙곱새 2인분",2023,17550,20,0,0.0,351000,0,351000,캠핑밥상,밥/반찬/요리,할인불가
[비타푸즈] 바쁜 일상 속에서도 든든하게 4분 청춘누룽지,2023,15845,20,1,5.0,316900,40000,276900,비타푸즈,과자/간식/안주,할인불가
[휴가드포유] 햄프씨드 마그네틱 머슬패치 & 머슬테이핑,2023,23300,20,0,0.0,466000,0,466000,휴가드포유,건강용품,회원
[앙팡] 패밀리 면역 프로바이오틱스 2g x 100포,2023,75300,20,0,0.0,1506000,0,1506000,앙팡,건강식품,회원
[키츠인포레스트] 자연 향기 바디워시 390ml,2023,37545,20,0,0.0,750900,0,750900,키츠인포레스트,욕실/세정/위생용품,회원
[라이프드림] 소화가 잘되는 짬뽕라면 쑤욱 8개입,2023,19360,20,1,5.0,387200,19360,367840,라이프드림,국/탕/찌개/면,회원
[전북김제산] 22년산 햇 검정보리(흑보리) 4kg,2023,15500,20,0,0.0,310000,0,310000,전북김제산,농축산/과일/계란,할인불가
[에브리딜] 레브온워시 강력한 고체발포세제,2023,38000,20,0,0.0,760000,0,760000,에브리딜,욕실/세정/위생용품,회원
[핀처] 내성발톱 교정 테이프 프로밴드,2023,37910,20,0,0.0,758200,0,758200,핀처,건강용품,회원
[모다모다] 프로체인지 헤어커버 스틱 3color,2023,15900,20,0,0.0,318000,0,318000,모다모다,뷰티/다이어트,회원
[제주농장] 제주산 고당도 초당옥수수,2023,34560,20,7,35.0,691200,240000,451200,제주농장,농축산/과일/계란,할인불가
[경영푸드] 한우 꽃등심+찹스테이크 세트,2023,39000,20,0,0.0,780000,0,780000,경영푸드,농축산/과일/계란,할인불가
[본초맘죽] 신선하고 좋은 재료만 사용한 베스트 6종,2023,15300,20,0,0.0,306000,0,306000,본초맘죽,밥/반찬/요리,회원
[경영푸드] 국내산 한우 명절 선물세트 4종,2023,132000,20,6,30.0,2640000,780000,1860000,경영푸드,농축산/과일/계란,할인불가
[쫀슐랭] 달콤바삭 추억의맛 달고나 건빵,2023,22080,20,1,5.0,441600,20000,421600,쫀슐랭,과자/간식/안주,회원
[안심생활] 국산 굴껍질로 만든 친환경 야채 과일 세정제 담금,2023,14730,20,0,0.0,294600,0,294600,안심생활,욕실/세정/위생용품,회원
[네이처스케어] 아침사랑생식85 1개월분/검은콩 오트밀 비오틴 코코넛슈가함유/미숫가루보다고소한맛,2023,55000,19,1,5.263157894736842,1045000,55000,990000,네이처스케어,Unknown,Unknown
[보노H&B] 프리미엄 덴탈매스미르치약,2023,37632,19,0,0.0,715000,0,715000,보노H&B,욕실/세정/위생용품,할인불가
[설성목장] 알찬 식감의 한우 미니 메밀전병,2023,13816,19,0,0.0,262500,0,262500,설성목장,과자/간식/안주,회원
[스마트바이오] 스마트 락토페린 모로오렌지,2023,19800,19,1,5.263157894736842,376200,19800,356400,스마트바이오,건강식품,할인불가
[바스틀리] 천연 대나무 펄프 게런티드 토일렛 휴지,2023,18900,19,0,0.0,359100,0,359100,바스틀리,욕실/세정/위생용품,할인불가
[다해농수산] 구워 먹는 파 칼솟,2023,9900,19,0,0.0,188100,0,188100,다해농수산,농축산/과일/계란,할인불가
[파파야플러스] 저탄소 세탁세제/섬유유연제 1L 6종,2023,20000,19,0,0.0,380000,0,380000,파파야플러스,욕실/세정/위생용품,회원
[경영푸드] 가성비 돼지 등갈비,2023,39000,19,1,5.263157894736842,741000,39000,702000,경영푸드,식품,할인불가
[23년 특품] 전북 단야 마을 밥맛 좋은 신동진 햅쌀,2023,23900,19,3,15.789473684210526,454100,71700,382400,23년 특품,식품,할인불가
[인생약과] 제주 명소 우리 밀로 만든 수제 약과,2023,30000,19,0,0.0,570000,0,570000,인생약과,식품,회원
[흑염소의진심] 무항생제 흑염소 진액 4종,2023,88667,18,1,5.555555555555555,1596000,80000,1516000,흑염소의진심,건강식품,할인불가
[조선명가 서서갈비] 초이스 등급 프리미엄 소불고기,2023,43811,18,3,16.666666666666664,788600,131700,656900,조선명가 서서갈비,밥/반찬/요리,회원
[한채] 고구마 명가의 꿀고구마 말랭이,2023,28289,18,0,0.0,509200,0,509200,한채,과자/간식/안주,회원
[복순할매] 사골떡국 2인분 with 머릿고기,2023,11544,18,3,16.666666666666664,207800,31900,175900,복순할매,국/탕/찌개/면,회원
[아라통상] 한우 꼬리반골 프리미엄 선물세트 3kg,2023,53000,18,0,0.0,954000,0,954000,아라통상,농축산/과일/계란,회원
[AMC] 통째들어간 'FRESH BEATS' ABC주스,2023,57743,18,0,0.0,1039370,0,1039370,AMC,음료/차,회원
[보만] 백전백승 충전식 모기채,2023,20800,18,1,5.555555555555555,374400,20800,353600,보만,계절가전/계절용품,할인불가
[바닮] 고소하게 볶아낸 돌자반 볶음 70g*20봉,2023,52000,17,0,0.0,884000,0,884000,바닮,밥/반찬/요리,회원
[모나스벤타나] 미니시리즈 제모기 3컬러,2023,19000,17,0,0.0,323000,0,323000,모나스벤타나,뷰티/다이어트,할인불가
[닥터마그네슘] 셀리페어 베리코스 크림,2023,59800,17,0,0.0,1016600,0,1016600,닥터마그네슘,뷰티/다이어트,회원
[쥬빌레푸드] 갈치속젓을 싸먹는 오독오독 일품 식감 곰피쌈밥,2023,9900,17,0,0.0,168300,0,168300,쥬빌레푸드,김치/젓갈,할인불가
[제주네이쳐] 맛있는 유기농 여주즙 30포,2023,52188,16,0,0.0,835000,0,835000,제주네이쳐,건강식품,할인불가
[청담] 식용유처럼 사용 가능한 들깨요리유 500ml,2023,32944,16,0,0.0,527100,0,527100,청담,잼/오일/조미/장,회원
[일산비빔국수] 수제 7곡 수제비 왕만두전골,2023,17544,16,2,12.5,280700,39800,240900,일산비빔국수,국/탕/찌개/면,할인불가
[양구] 대암산 고랭지 꿀 부사사과 5kg,2023,40000,16,2,12.5,640000,80000,560000,양구,농축산/과일/계란,할인불가
[미라클테이블] 강원도 DMZ 야생화꿀 선물세트 2종,2023,28125,16,1,6.25,450000,29900,420100,미라클테이블,잼/오일/조미/장,회원
[샤브하루] 맛있게 매운 불 칼국수 670g,2023,35800,16,0,0.0,572800,0,572800,샤브하루,국/탕/찌개/면,회원
[본죽] 냉장 컵 본죽 270g*3개 세트(7종 선택),2023,17850,16,0,0.0,285600,0,285600,본죽,Unknown,Unknown
[조선황실] 100% 천연펄프 뽑아쓰는 키친티슈,2023,19125,16,0,0.0,306000,0,306000,조선황실,생활용품/차량용품/마스크,회원
[플레이버] 자연의 천연버터 아보카도 대과,2023,30456,16,0,0.0,487300,0,487300,플레이버,농축산/과일/계란,할인불가
[쉬젤] 엘레강스 나이프 세트,2023,28125,16,2,12.5,450000,52000,398000,쉬젤,조리도구,할인불가
[쫀슐랭] 팔공산 분식 4대천왕 쫄면과 납작만두,2023,31250,16,0,0.0,500000,0,500000,쫀슐랭,국/탕/찌개/면,회원
[쥬빌레푸드] 꼬들꼬들 복어 껍질 무침,2023,19900,16,1,6.25,318400,19900,298500,쥬빌레푸드,수산/건어물/김,할인불가
[경영푸드] 국내산 자연산 반건조 박대 5마리,2023,30000,16,0,0.0,480000,0,480000,경영푸드,식품,할인불가
[국내생산] 보풀없고 귀편한 아로마 3중 이든숨마스크 50매,2023,19900,15,0,0.0,298500,0,298500,국내생산,생활용품/차량용품/마스크,회원
[핸인핸] W&B 심플 무광 완전 미세모 칫솔 8P,2023,10900,15,0,0.0,163500,0,163500,핸인핸,욕실/세정/위생용품,할인불가
[제주어멍] 제주 갈치/옥돔 선물세트,2023,117867,15,0,0.0,1768000,0,1768000,제주어멍,수산/건어물/김,할인불가
[GNC] 청소의 제왕 만능 실리콘 끌개 빗자루 호빗,2023,20000,15,0,0.0,300000,0,300000,GNC,욕실/세정/위생용품,회원
[씨엔본스] 두툼한 포항 구룡포 반건조 오징어 5미,2023,20000,15,0,0.0,300000,0,300000,씨엔본스,수산/건어물/김,회원
[닥터정수봉] 맛있는 한잔 다이어트 카페 30포,2023,85767,15,1,6.666666666666667,1286500,89000,1197500,닥터정수봉,뷰티/다이어트,회원
[정진푸드] 건어물 마른안주 8종 모음전,2023,7380,15,0,0.0,110700,0,110700,정진푸드,과자/간식/안주,할인불가
[씨스팡] 가르시니아 늘비움 다이어트,2023,120000,15,0,0.0,1800000,0,1800000,씨스팡,뷰티/다이어트,회원
[연미향] 앙금절편 1kg,2023,23900,15,0,0.0,358500,0,358500,연미향,유제품/베이커리/떡,할인불가
[아라새우] 프리미엄 무항생제 흰다리생새우,2023,60600,15,1,6.666666666666667,909000,49000,860000,아라새우,수산/건어물/김,회원
[감성씨푸드] 쉽고 간편한 얼큰 특제 알탕 755g,2023,15900,15,1,6.666666666666667,238500,15900,222600,감성씨푸드,국/탕/찌개/면,할인불가
[리본푸드] 땅콩새싹 비건 두유 신아유 15포,2023,22500,15,0,0.0,337500,0,337500,리본푸드,음료/차,회원
[더블세이브S] 금수저 아이디어 김치도마,2023,40633,15,0,0.0,609500,0,609500,더블세이브S,조리도구,회원
[카카오패밀리] 제주 수제 카밀라스 카라멜/카카오볼,2023,18433,15,0,0.0,276500,0,276500,카카오패밀리,과자/간식/안주,할인불가
[이로웁다] 가벼워지는 CUT 커피 당당컷피,2023,57400,15,0,0.0,861000,0,861000,이로웁다,뷰티/다이어트,회원
[더제주] 담백한 제주 달코롬 한라봉 파이,2023,11900,15,0,0.0,178500,0,178500,더제주,과자/간식/안주,할인불가
[경영푸드] 국내산 당일 경매 목포 뻘낙지,2023,53700,15,1,6.666666666666667,805500,53700,751800,경영푸드,수산/건어물/김,할인불가
[독일 세바메드] 모이스처라이징 바디로션,2023,17140,15,0,0.0,257100,0,257100,독일 세바메드,세바메드,할인불가
[리턴투네이처] 초록습관 생분해 샤워타올/샤워볼,2023,7500,15,0,0.0,112500,0,112500,리턴투네이처,욕실/세정/위생용품,회원
[상아제약] 케어플러스+100억 유산균 15g(500mg*30캡슐),2023,19900,15,2,13.333333333333334,298500,39800,258700,상아제약,건강식품,회원
[프로면] 고단백 저탄수 프로틴 생면 6종,2023,17633,15,2,13.333333333333334,264500,35800,228700,프로면,국/탕/찌개/면,할인불가
[금강수림] 한돈 고추장찌개 1kg 3인분,2023,16786,14,0,0.0,235000,0,235000,금강수림,국/탕/찌개/면,할인불가
[욕실의여왕] 변기 세정제 40g 4포,2023,12800,14,0,0.0,179200,0,179200,욕실의여왕,욕실/세정/위생용품,할인불가
[휘겔리다올리] 굿 슬립 필로우 미스트 100ml 향 2종 택1,2023,31014,14,0,0.0,434200,0,434200,휘겔리다올리,뷰티/다이어트,회원
"[오차드] 벗겨지지 않는 편안함, 월클 프리미엄 덧신 5켤레",2023,12650,14,0,0.0,177100,0,177100,오차드,패션/잡화,할인불가
[바른찬] 광천중앙식품 광천김 선물용,2023,15800,14,0,0.0,221200,0,221200,바른찬,수산/건어물/김,회원
[의령황금메밀] 직접 재배한 메밀로 만든 황금미소 세트,2023,21857,14,1,7.142857142857142,306000,22000,284000,의령황금메밀,국/탕/찌개/면,할인불가
[묘미담] 하루활력! 100% 국내산 흑마늘정과,2023,77193,14,0,0.0,1080700,0,1080700,묘미담,건강식품,회원
농협안심 한우 등심+채끝살+갈비살 선물세트,2023,187786,14,0,0.0,2629000,0,2629000,Unknown,Unknown,Unknown
[델피아] 프리미엄 사과 배 혼합 선물세트(4.5/6.5kg내외),2023,73100,14,0,0.0,1023400,0,1023400,델피아,농축산/과일/계란,회원
[웰빙팜] 뿌려먹는 감칠맛 매운 청양고추 가루 뿌청,2023,8600,14,0,0.0,120400,0,120400,웰빙팜,Unknown,Unknown
[바베큐아저씨] 코코넛아몬드 코코몬드 130g,2023,3600,14,0,0.0,50400,0,50400,바베큐아저씨,과자/간식/안주,할인불가
[오복떡본가] 떡짜르트 현미 가래떡 500g 5종,2023,10257,14,0,0.0,143600,0,143600,오복떡본가,유제품/베이커리/떡,회원
[노포식당] 카오야 베이징덕 패밀리세트 680g,2023,47536,14,2,14.285714285714285,665500,129000,536500,노포식당,밥/반찬/요리,회원
[졸리에졸리] 바로크 진주 목걸이 6컬러 한정판 10,2023,171357,14,2,14.285714285714285,2399000,338000,2061000,졸리에졸리,패션/잡화,회원
[칸] 고급 수제 쇠고기 육포 선물세트,2023,58007,14,1,7.142857142857142,812100,54900,757200,칸,식품,할인불가
[독일 보랄] 귀여운 더 셰프 에어프라이어 5L,2023,395000,14,1,7.142857142857142,5530000,395000,5135000,독일 보랄,주방가전,회원
[아크네엑시트] 당신을 위한 진짜 여드름 폼클렌징 스피큘링,2023,58643,14,2,14.285714285714285,821000,135000,686000,아크네엑시트,뷰티/다이어트,회원
[연미향] 찌지 않고 바로 먹는 오색깨송편,2023,28536,14,0,0.0,399500,0,399500,연미향,유제품/베이커리/떡,할인불가
[경영푸드] 가공소금 3종 선물세트,2023,20000,14,0,0.0,280000,0,280000,경영푸드,잼/오일/조미/장,할인불가
[위생각] 매스틱 양배추 스틱,2023,41907,14,0,0.0,586700,0,586700,위생각,건강식품,회원
[밥도둑푸드] 밥도둑어벤저스 4종SET,2023,37000,13,0,0.0,481000,0,481000,밥도둑푸드,밥/반찬/요리,할인불가
[동문가채] 디어진저 프리미엄 수제 생강청,2023,27308,13,0,0.0,355000,0,355000,동문가채,음료/차,할인불가
[박장대소] 달지않은 치악산 청정지역 복숭아잼/오디잼 선물세트,2023,25000,13,0,0.0,325000,0,325000,박장대소,Unknown,Unknown
[씨즐] 매콤 마약쭈꾸미 볶음과 알밥 밀키트,2023,26515,13,0,0.0,344700,0,344700,씨즐,밥/반찬/요리,할인불가
[오버랩] 독보적인 존재감 액티베이트S 운동화,2023,139000,13,3,23.07692307692308,1807000,417000,1390000,오버랩,패션/잡화,회원
[바롬] 오늘부터 석류콜라겐 젤리스틱,2023,12977,13,0,0.0,168700,0,168700,바롬,뷰티/다이어트,할인불가
[에브리홈] 항균 분리수거 비닐봉투 20~100L 택1,2023,12031,13,0,0.0,156400,0,156400,에브리홈,생활용품/차량용품/마스크,회원
[딥쉬] 99.9% 니치 퍼퓸 섬유향수 100ml*1+1,2023,30615,13,0,0.0,398000,0,398000,딥쉬,뷰티/다이어트,회원 + 비회원
[바다를담다] 안심 국산 제철 통영 골든 가리비,2023,23354,13,0,0.0,303600,0,303600,바다를담다,수산/건어물/김,회원
[푹잠] 오방색 메밀 편백 베개,2023,16669,13,0,0.0,216700,0,216700,푹잠,생활용품/차량용품/마스크,할인불가
[연미향] 두텁떡 800g,2023,27900,13,0,0.0,362700,0,362700,연미향,유제품/베이커리/떡,할인불가
[천호엔케어] 더블랙 천맥녹용,2023,80000,13,2,15.384615384615383,1040000,160000,880000,천호엔케어,건강식품,회원
[이온폴리스] 컬러 이온 샤워기/필터/호스,2023,19477,13,0,0.0,253200,0,253200,이온폴리스,욕실/세정/위생용품,회원
[벨르로더] Y존 고민 해결! 상쾌한 이너퍼퓸,2023,29900,13,0,0.0,388700,0,388700,벨르로더,욕실/세정/위생용품,회원
[바른미인] 모공축소 붓기완화 쿨링스틱 3종,2023,31846,13,0,0.0,414000,0,414000,바른미인,뷰티/다이어트,회원 + 비회원
[아이프리] 소싱 포레스트 선풍기 시즌1,2023,29800,13,0,0.0,387400,0,387400,아이프리,계절가전/계절용품,회원
[독일 세바메드] 안티 헤어로스 샴푸,2023,8700,13,0,0.0,113100,0,113100,독일 세바메드,뷰티/다이어트,할인불가
[경영푸드] 특대사이즈 암꽃게 간장게장,2023,45000,13,1,7.6923076923076925,585000,45000,540000,경영푸드,수산/건어물/김,할인불가
[사부타일랜드] 자연유래 버블 배스밤 거품 입욕제,2023,10900,13,0,0.0,141700,0,141700,사부타일랜드,욕실/세정/위생용품,회원
[미라클테이블] 강원도 DMZ 야생화꿀 선물세트 2종,2023,34223,13,0,0.0,444900,0,444900,미라클테이블,잼/오일/조미/장,회원
[정림식품] 오븐에 구운 센베이 옛날과자 선물세트,2023,21900,13,0,0.0,284700,0,284700,정림식품,과자/간식/안주,회원
[경영푸드] 국내산 반건조 참돔 5마리,2023,33000,13,0,0.0,429000,0,429000,경영푸드,식품,할인불가
[웰빙] 통채로 먹는 새싹삼 70뿌리,2023,53000,12,0,0.0,636000,0,636000,웰빙,건강식품,회원
[건강과생활] 에코스 저자극 세탁&세정 용품 5종,2023,25525,12,3,25.0,306300,77400,228900,건강과생활,욕실/세정/위생용품,할인불가
[로뎀푸드] 구수한 쌀떡의 변신 호떡마리 5종 세트,2023,9200,12,0,0.0,110400,0,110400,로뎀푸드,과자/간식/안주,회원 + 비회원
[산들해] 해남 황금 호박꿀고구마,2023,24692,12,6,50.0,296300,124000,172300,산들해,농축산/과일/계란,할인불가
[더프레스카랩] 리페어 토너(건성/민감성/복합성) 200ml,2023,35000,12,0,0.0,420000,0,420000,더프레스카랩,뷰티/다이어트,회원
[솔라] 자외선 UV 차단 패치 플러스형 16회분,2023,28000,12,0,0.0,336000,0,336000,솔라,뷰티/다이어트,회원
[홈크린스] 다용도 주방 렌지 후드 클리너,2023,9900,12,0,0.0,118800,0,118800,홈크린스,주방잡화/용품,할인불가
[한삼인] 농협홍삼 홍삼 파워 50ml*30포,2023,66000,12,0,0.0,792000,0,792000,한삼인,Unknown,Unknown
[전북김제산] 22년산 햇 찰보리 4kg,2023,14900,12,1,8.333333333333332,178800,14900,163900,전북김제산,농축산/과일/계란,할인불가
[이로웁다] 내 몸을 위한 건강한 휴식 팥효소,2023,52000,12,0,0.0,624000,0,624000,이로웁다,뷰티/다이어트,회원
[이온폴리스] 주방&세면대 헤드/필터,2023,20300,12,3,25.0,243600,55800,187800,이온폴리스,욕실/세정/위생용품,회원
[하얀나무] 톡톡롤 분리수거 비닐 봉투,2023,7825,12,0,0.0,93900,0,93900,하얀나무,생활용품/차량용품/마스크,할인불가
[댕기머리] 두피관리 전통 한방 윤초 샴푸,2023,38000,12,0,0.0,456000,0,456000,댕기머리,뷰티/다이어트,회원
[바스틀리] 천연 대나무 펄프 게런티드 트레블 포켓 티슈,2023,4900,12,0,0.0,58800,0,58800,바스틀리,바스틀리,할인불가
[넛토리] 충북 영동 명품곶감세트 3종,2023,73867,12,0,0.0,886400,0,886400,넛토리,식품,회원
[페이크릴] 애국굿즈 국뽕굿즈 역사굿즈 패키지 9종,2023,15000,12,0,0.0,180000,0,180000,페이크릴,생활용품/차량용품/마스크,회원
[에브리홈] 건강지킴 롤백 1+1,2023,5573,11,0,0.0,61300,0,61300,에브리홈,주방잡화/용품,할인불가
[에브리홈] 건강지킴 세우는 슬라이더 지퍼백 1+1,2023,4355,11,0,0.0,47900,0,47900,에브리홈,주방잡화/용품,할인불가
[제주네이쳐] 프리미엄 석류즙 30포,2023,49727,11,1,9.090909090909092,547000,25500,521500,제주네이쳐,건강식품,할인불가
[포스텐] 루베크 프리미엄 티포트 1.7L,2023,31000,11,0,0.0,341000,0,341000,포스텐,주방가전,할인불가
[대도] 전라도 갓김치,2023,27745,11,0,0.0,305200,0,305200,대도,김치/젓갈,할인불가
[요리반상회] 한돈 산더미 불고기 간장/고추장 400g,2023,18809,11,0,0.0,206900,0,206900,요리반상회,밥/반찬/요리,할인불가
[욕실의여왕] 배수구 세정제 50g 4포,2023,12800,11,0,0.0,140800,0,140800,욕실의여왕,욕실/세정/위생용품,할인불가
[씨가드] 의사가 만든 허리쿠션 룸바&드라이빙 허리쿠션 룸바S,2023,59182,11,0,0.0,651000,0,651000,씨가드,생활,회원
[데생] 페이스부터 바디까지 데생 착한 멀티밤,2023,34600,11,2,18.181818181818183,380600,84000,296600,데생,뷰티/다이어트,할인불가
"[에이플던] 발냄새, 신발냄새 잡는 풋풋파우더",2023,11000,11,0,0.0,121000,0,121000,에이플던,욕실/세정/위생용품,할인불가
[김오곤원장] 침향녹용단 & 녹용홍삼스틱,2023,55027,11,2,18.181818181818183,605300,142700,462600,김오곤원장,건강식품,할인불가
[아이프리] 감성과 해충 두 가지를 모두 잡는 모기퇴치 훈증기,2023,27627,11,0,0.0,303900,0,303900,아이프리,계절가전/계절용품,회원
[1004] 유기농 인증 프리미엄 천사미 신안 유기농쌀 10KG,2023,36900,11,0,0.0,405900,0,405900,1004,농축산/과일/계란,할인불가
[키친아트] 올스텐 타공 라운드 싱크대 배수구망/생분해 거름망,2023,13009,11,1,9.090909090909092,143100,15000,128100,키친아트,주방잡화/용품,할인불가
[빙고씨푸드] 100% 핸드메이드 버터갈릭새우 밀키트 2인분,2023,15082,11,1,9.090909090909092,165900,15900,150000,빙고씨푸드,밥/반찬/요리,회원
농협안심 한우 등심+국거리+불고기 선물세트,2023,139000,11,2,18.181818181818183,1529000,278000,1251000,Unknown,Unknown,Unknown
[황후의찬] 맛있는 저칼로리 곤약 쫀드기,2023,27000,11,0,0.0,297000,0,297000,황후의찬,과자/간식/안주,회원
[생활살균연구소] 다용도 곰팡이 제거 겸용 청소세제,2023,19082,11,0,0.0,209900,0,209900,생활살균연구소,욕실/세정/위생용품,회원
[연미향] 쑥앙금 가래떡 1.6kg,2023,31900,11,0,0.0,350900,0,350900,연미향,유제품/베이커리/떡,할인불가
[닥터다니엘] 워터 테라픽 구강 세정기,2023,78000,11,1,9.090909090909092,858000,78000,780000,닥터다니엘,욕실/세정/위생용품,회원
[휴봇] 쾌적한 휴대용 공기청정기,2023,71227,11,3,27.27272727272727,783500,146800,636700,휴봇,생활용품/차량용품/마스크,회원
[리본푸드] 고소한 땅콩새싹 신아차 60티백,2023,20000,11,0,0.0,220000,0,220000,리본푸드,음료/차,회원
[핏테라] 자동 근력강화 운동기구 오토고 스탭퍼,2023,198000,11,1,9.090909090909092,2178000,198000,1980000,핏테라,뷰티/다이어트,회원
[바스틀리] 천연 밀짚 펄프 키친타올,2023,8400,11,0,0.0,92400,0,92400,바스틀리,주방잡화/용품,할인불가
[칼라테레비] 실리콘 밥솥 칸막이,2023,16318,11,0,0.0,179500,0,179500,칼라테레비,주방잡화/용품,회원
[과채연구소] NFC 착즙 100% 건강즙 자색당근 사과 주스,2023,51718,11,0,0.0,568900,0,568900,과채연구소,음료/차,회원
[제이쓰리] 프리미엄 케어 플로라 클렌징폼 200g,2023,22000,11,0,0.0,242000,0,242000,제이쓰리,뷰티/다이어트,회원
[독일 세바메드] 에브리데이샴푸,2023,17582,11,0,0.0,193400,0,193400,독일 세바메드,세바메드,할인불가
[독일 세바메드] 올리브 페이스 앤 바디워시,2023,19800,11,0,0.0,217800,0,217800,독일 세바메드,세바메드,할인불가
[자연공유] 비린맛 ZERO 바삭한 황태칩 3종 세트,2023,26373,11,0,0.0,290100,0,290100,자연공유,과자/간식/안주,회원
[리턴투네이처] 생분해 코마사 30수 제로웨이스트 타올(수건) 3종,2023,19509,11,0,0.0,214600,0,214600,리턴투네이처,욕실/세정/위생용품,회원
[농부대첩x무유황] 33년 전통 흑곶감 선물세트,2023,29900,11,0,0.0,328900,0,328900,농부대첩x무유황,과자/간식/안주,할인불가
[전북김제산] 23년산 오대벼 햅쌀,2023,33318,11,0,0.0,366500,0,366500,전북김제산,농축산/과일/계란,할인불가
[상아제약] 케어플러스+멀티비타민 42g(700mg*60정),2023,7800,11,0,0.0,85800,0,85800,상아제약,건강식품,회원
[테프나라] 메밀에 빠진 글루텐프리 수퍼푸드 테프 짜장면,2023,16400,11,0,0.0,180400,0,180400,테프나라,국/탕/찌개/면,할인불가
[테프나라] 메밀에 빠진 글루텐프리 수퍼푸드 테프 막국수,2023,15400,11,1,9.090909090909092,169400,15400,154000,테프나라,국/탕/찌개/면,할인불가
[밥도둑푸드] 여수 수제 돌게장 15마리 내외 구성,2023,50500,10,0,0.0,505000,0,505000,밥도둑푸드,밥/반찬/요리,회원
[에브리홈] 건강지킴 위생장갑 400매 1+1,2023,6620,10,0,0.0,66200,0,66200,에브리홈,주방잡화/용품,할인불가
[제주네이쳐] 배도라지하영 30포,2023,41900,10,0,0.0,419000,0,419000,제주네이쳐,건강식품,할인불가
[제주네이쳐] 석류하영 콜라겐 30포,2023,39300,10,0,0.0,393000,0,393000,제주네이쳐,건강,할인불가
[커스텀플라스틱] 차량용 컵홀더 & 무선충전 트레이,2023,80900,10,0,0.0,809000,0,809000,커스텀플라스틱,생활,회원
[캠핑밥상] 조개의 감칠맛과 깊이를 더한 봉골레 파스타,2023,16300,10,0,0.0,163000,0,163000,캠핑밥상,국/탕/찌개/면,회원
[네이처브릴랑] 단 한장으로 편한 세탁 시트세제,2023,29000,10,0,0.0,290000,0,290000,네이처브릴랑,욕실/세정/위생용품,회원
[명란시대] 프리미엄 명란 선물세트,2023,42000,10,0,0.0,420000,0,420000,명란시대,식품,회원
[바베큐아저씨] 복어포구이 200g,2023,11000,10,2,20.0,110000,22000,88000,바베큐아저씨,과자/간식/안주,할인불가
[바베큐아저씨] 왕오징어다리 160g,2023,9900,10,0,0.0,99000,0,99000,바베큐아저씨,과자/간식/안주,할인불가
[렉스퀸] 안데스 싱크대 물막이 워터펜스 중/대,2023,20160,10,0,0.0,201600,0,201600,렉스퀸,주방가전,회원
[한채] 국내산 껍질 없는 한입 군고구마 고백,2023,21750,10,0,0.0,217500,0,217500,한채,과자/간식/안주,회원 + 비회원
"[아이프리] 프리미엄 양면 겨울 차렵이불세트 (SS,Q)",2023,129400,10,1,10.0,1294000,145000,1149000,아이프리,계절가전/계절용품,회원
[유기농샵] 국내산 생생 야채수 30포,2023,19000,10,0,0.0,190000,0,190000,유기농샵,Unknown,Unknown
[루셀렌] 스와로브스키 트리플 펄 진주 목걸이,2023,23900,10,0,0.0,239000,0,239000,루셀렌,패션/잡화,할인불가
[통영김태공] 바다의 명품 통영 석화,2023,17700,10,0,0.0,177000,0,177000,통영김태공,수산/건어물/김,할인불가
[통영김태공] 바다의 명품 통영 하프셀(반깐굴),2023,16900,10,0,0.0,169000,0,169000,통영김태공,수산/건어물/김,할인불가
[벨르로더] 산뜻한 수분충전 워터드롭 에센스,2023,28410,10,0,0.0,284100,0,284100,벨르로더,뷰티/다이어트,회원
[뷰니언] 초간편 신개념 한장 샤워 티슈,2023,22380,10,0,0.0,223800,0,223800,뷰니언,욕실/세정/위생용품,회원
[비스카] 기계식 3D 입체 에어써큘팬 선풍기,2023,129000,10,0,0.0,1290000,0,1290000,비스카,Unknown,Unknown
[렉스퀸] 리모컨 BLDC 써큘레이터 선풍기,2023,159000,10,1,10.0,1590000,159000,1431000,렉스퀸,생활가전,회원
[대전블르스실비집] 맛있게 매운 실비 불냉면,2023,18540,10,0,0.0,185400,0,185400,대전블르스실비집,국/탕/찌개/면,할인불가
[바스틀리] 천연 밀짚 펄프 페이셜 갑티슈,2023,2200,10,0,0.0,22000,0,22000,바스틀리,바스틀리,할인불가
[경영푸드] 한돈 냉장 돼지고기 세트 600g 2종,2023,26600,10,0,0.0,266000,0,266000,경영푸드,농축산/과일/계란,할인불가
[경영푸드] 동해 러시아 마가단 자숙 대게,2023,75200,10,2,20.0,752000,146000,606000,경영푸드,수산/건어물/김,할인불가
[에브리홈] 뽑아쓰는 롤타입 위생 비닐 일회용 식탁보,2023,7900,10,0,0.0,79000,0,79000,에브리홈,주방잡화/용품,회원
[플레이버] 여주산 GAP인증 생버섯 송이고 버섯 선물세트,2023,55000,10,0,0.0,550000,0,550000,플레이버,식품,회원
[플레이버] 여주산 GAP인증 생버섯 송이고 버섯 선물세트,2023,55000,10,0,0.0,550000,0,550000,플레이버,식품,회원
[상아제약] 상아 올데이 365 유산균,2023,9800,10,0,0.0,98000,0,98000,상아제약,건강식품,회원
[에브리홈] 건강지킴 술술 벗기편한 위생장갑 50매 1+1,2023,4389,9,0,0.0,39500,0,39500,에브리홈,주방잡화/용품,할인불가
[제주네이쳐] 풋귤 몰랑몰랑 곤약젤리,2023,36722,9,0,0.0,330500,0,330500,제주네이쳐,뷰티/다이어트,할인불가
[제주어멍] 제주 갈치/고등어/굴비 선물세트,2023,73333,9,0,0.0,660000,0,660000,제주어멍,수산/건어물/김,할인불가
[이지드롭] 살균 99.9% 일회용브러쉬 변기크리너,2023,14078,9,0,0.0,126700,0,126700,이지드롭,욕실/세정/위생용품,할인불가
[안아파] 양자자동패치 동전파스 통증엔 없었던일로,2023,34167,9,2,22.22222222222222,307500,60700,246800,안아파,건강용품,회원
[아이프리] 댕냥이 애착쿠션 바디필로우,2023,24900,9,0,0.0,224100,0,224100,아이프리,생활용품/차량용품/마스크,할인불가
[명인 김용운] 40년 노하우로 만든 전통방식 엿,2023,12000,9,0,0.0,108000,0,108000,명인 김용운,과자/간식/안주,회원
[플레이버] 강원도 명물 코다리 냉면 (명태회냉면),2023,31789,9,1,11.11111111111111,286100,37500,248600,플레이버,국/탕/찌개/면,회원
[다온] 한국인 맞춤 소화효소 블랙효소,2023,64267,9,1,11.11111111111111,578400,42000,536400,다온,건강식품,할인불가
[델피아] 프리미엄 신고 배 선물세트,2023,99000,9,1,11.11111111111111,891000,99000,792000,델피아,농축산/과일/계란,회원
농협안심 한우 불고기+국거리 선물세트,2023,68000,9,0,0.0,612000,0,612000,Unknown,Unknown,Unknown
[오늘은] 활력 에너지 오늘은 L-아르기닌,2023,63689,9,1,11.11111111111111,573200,64800,508400,오늘은,건강식품,회원
[빼미떡볶이] 깔끔한 맛이 일품 빼미 꼬치어묵 세트,2023,13133,9,1,11.11111111111111,118200,13900,104300,빼미떡볶이,밥/반찬/요리,할인불가
[에이치케이코퍼레이션] 크리스탈클라우드 음파전동칫솔,2023,46900,9,0,0.0,422100,0,422100,에이치케이코퍼레이션,욕실/세정/위생용품,회원
[리타티하우스] 우리쌀 화과자 선물세트,2023,45000,9,0,0.0,405000,0,405000,리타티하우스,유제품/베이커리/떡,회원
[새벽랜치] 고소한 대패 삼겹살,2023,15256,9,0,0.0,137300,0,137300,새벽랜치,농축산/과일/계란,회원
[아렌시아] 프리미엄 친환경 1종 안심 주방 세제 3종,2023,10900,9,0,0.0,98100,0,98100,아렌시아,주방잡화/용품,할인불가
[스키너리즘] 피지 팝 매직 버블 클렌저,2023,36000,9,0,0.0,324000,0,324000,스키너리즘,뷰티/다이어트,회원
[보랄] 리모컨 전자식 날개 없는 선풍기,2023,399000,9,1,11.11111111111111,3591000,399000,3192000,보랄,계절가전/계절용품,회원
[선미농산] 향긋한 청도 미나리 삼겹살,2023,20133,9,0,0.0,181200,0,181200,선미농산,농축산/과일/계란,회원
[푸르츠망고] 태국 마하차녹 무지개망고,2023,49800,9,0,0.0,448200,0,448200,푸르츠망고,농축산/과일/계란,할인불가
[푸르츠망고] 태국 마하차녹 무지개망고,2023,49800,9,0,0.0,448200,0,448200,푸르츠망고,농축산/과일/계란,할인불가
[보랄] 접이식 대형 폴딩 시장&마트 카트 65L,2023,299000,9,0,0.0,2691000,0,2691000,보랄,생활용품/차량용품/마스크,회원
[바스틀리] 천연 대나무 펄프 게런티드 페이셜 갑티슈,2023,10500,9,0,0.0,94500,0,94500,바스틀리,바스틀리,회원 + 비회원
[경영푸드] 서해안 오동통통 활 수꽃게,2023,45000,9,1,11.11111111111111,405000,45000,360000,경영푸드,식품,할인불가
[플레이버] 사과 선물세트 2종,2023,79000,9,0,0.0,711000,0,711000,플레이버,식품,회원
[경영푸드] 싱싱한 완도 활 전복 선물세트,2023,84000,9,0,0.0,756000,0,756000,경영푸드,식품,할인불가
[제주네이쳐] 요망진 ABC 주스 30포,2023,66750,8,0,0.0,534000,0,534000,제주네이쳐,건강식품,할인불가
[욕실의여왕] 한장시트세제,2023,40525,8,1,12.5,324200,46900,277300,욕실의여왕,욕실/세정/위생용품,할인불가
[제주어멍] 제주 옥돔 선물세트(중/대),2023,118750,8,0,0.0,950000,0,950000,제주어멍,수산/건어물/김,할인불가
[제주의맛] 제주 흑돼지와 멜젓 선물세트,2023,88125,8,0,0.0,705000,0,705000,제주의맛,식품,할인불가
[일동후디스] 8종 복합 기능성 하이뮨 프로틴 밸런스 & 바디,2023,59000,8,3,37.5,472000,177000,295000,일동후디스,건강식품,회원
"[생잎제약] 천연성분 미백 인생치약, 오드알래스카 1955치약",2023,40200,8,1,12.5,321600,31200,290400,생잎제약,욕실/세정/위생용품,회원
[아이프리] 에탄올 62% 더 클린 손 소독 티슈,2023,23238,8,0,0.0,185900,0,185900,아이프리,욕실/세정/위생용품,할인불가
[오버랩] 어반스토프 시티 캐쥬얼 오버레이드 스니커즈,2023,129000,8,1,12.5,1032000,129000,903000,오버랩,패션/잡화,회원
[다온] 무농약 산양산삼(산양삼) 7년근 7뿌리/12뿌리,2023,143250,8,0,0.0,1146000,0,1146000,다온,건강식품,할인불가
[노포식당] 건강 보양식 문어/소라솥밥 2~3인분,2023,13900,8,0,0.0,111200,0,111200,노포식당,밥/반찬/요리,회원
[보생] 송이보다 맛있는 송화고버섯,2023,29800,8,0,0.0,238400,0,238400,보생,농축산/과일/계란,할인불가
[베스트픽] 작지만 강력한 3in1 캡슐세제,2023,30900,8,0,0.0,247200,0,247200,베스트픽,욕실/세정/위생용품,할인불가
[베스트픽] 작지만 강력한 3in1 캡슐세제,2023,30900,8,0,0.0,247200,0,247200,베스트픽,욕실/세정/위생용품,할인불가
[새벽집] 강남 명가 무뼈 갈비탕&쇠고기얼큰국밥 세트,2023,42100,8,0,0.0,336800,0,336800,새벽집,국/탕/찌개/면,할인불가
[위드바디] 가볍게 비워내는 습관 쾌변 위드바디플럼,2023,59600,8,0,0.0,476800,0,476800,위드바디,뷰티/다이어트,회원 + 비회원
[칼라테레비] 와이드 무지&꼬임 헤어밴드,2023,1900,8,0,0.0,15200,0,15200,칼라테레비,패션/잡화,할인불가
[로시] 결합형 만능 냄비 원더팟 4종 세트,2023,29800,8,2,25.0,238400,59600,178800,로시,주방,할인불가
[옛담] 무쇠철판에 직접 구운 현미&찹쌀 누룽지 2kg,2023,39800,8,1,12.5,318400,39800,278600,옛담,과자/간식/안주,할인불가
[돌멘베이커리] 비건 쿵쿵 맘모스빵 2종 세트,2023,15000,8,1,12.5,120000,15000,105000,돌멘베이커리,유제품/베이커리/떡,회원
[칼라테레비] 얇은 기모 후드 트레이닝복 세트 1+1,2023,39900,8,2,25.0,319200,79800,239400,칼라테레비,패션/잡화,할인불가
[돌멘베이커리] 비건 시그니처 8개 세트,2023,25913,8,0,0.0,207300,0,207300,돌멘베이커리,유제품/베이커리/떡,회원
[감부자] 영동 곶감 선물세트,2023,72500,8,1,12.5,580000,65000,515000,감부자,농축산/과일/계란,할인불가
[쿠라빌] 100% 국내산 추출 프로폴리스,2023,60575,8,0,0.0,484600,0,484600,쿠라빌,건강식품,회원 + 비회원
[베네통] 센세이션 코트 스쿨 스니커즈 (7color),2023,85000,8,0,0.0,680000,0,680000,베네통,패션/잡화,회원
[이로웁다] 편안한 시너지를 위한 효소로움(석류맛),2023,52000,8,1,12.5,416000,52000,364000,이로웁다,뷰티/다이어트,회원
[이온폴리스] 신수 LED 샤워기/필터/호스,2023,17913,8,0,0.0,143300,0,143300,이온폴리스,욕실/세정/위생용품,회원
[라이녹스] 충전식 원터치 UV 칫솔살균기,2023,35000,8,8,100.0,280000,280000,0,라이녹스,욕실/세정/위생용품,회원
[독일 세바메드] 안티박테리얼 클렌징 폼,2023,10800,8,0,0.0,86400,0,86400,독일 세바메드,뷰티/다이어트,할인불가
[쥬빌레푸드] 가장 맛있는 모둠 참치회 2종,2023,62400,8,0,0.0,499200,0,499200,쥬빌레푸드,수산/건어물/김,할인불가
[휘겔리다올리] 트리트먼트 오일 오브 로즈힙(탄력바디오일),2023,31929,7,3,42.85714285714285,223500,66000,157500,휘겔리다올리,뷰티/다이어트,회원
[트렌톤] 국산 베이지쿡 냉장고 보관용기,2023,9857,7,0,0.0,69000,0,69000,트렌톤,주방잡화/용품,할인불가
[다다온유] 시원하고 맛있는 100% 청도 아이스 홍시,2023,34071,7,0,0.0,238500,0,238500,다다온유,농축산/과일/계란,할인불가
[씨즐] 신선한 해물가득 포항 씨즐 해물탕,2023,35100,7,0,0.0,245700,0,245700,씨즐,국/탕/찌개/면,회원
[에스미라클] 얼굴선 따라 찰싹! 페이스핏 극세사 마스크팩 4종,2023,30000,7,2,28.57142857142857,210000,60000,150000,에스미라클,뷰티/다이어트,회원
[뷰니스] 우리 몸을 생각한 다이어트 컨트롤S,2023,161857,7,0,0.0,1133000,0,1133000,뷰니스,뷰티/다이어트,회원
[아이프리] 가볍지만 강력한 레가토 다리미,2023,99000,7,0,0.0,693000,0,693000,아이프리,생활가전,할인불가
[슈엘로] 100%국내산 원료 + 화학첨가물 ZERO 작두콩 호박팥 차,2023,41514,7,0,0.0,290600,0,290600,슈엘로,음료/차,할인불가
[씨가드] 의사가 만든 세로골 트랜스폼 다리베개,2023,105286,7,0,0.0,737000,0,737000,씨가드,생활용품/차량용품/마스크,회원
[아이프리] FX-714/FX-814 충전식 보풀제거기,2023,28200,7,0,0.0,197400,0,197400,아이프리,생활용품/차량용품/마스크,회원
[연미향] 현미 가래떡 1.6kg,2023,31900,7,0,0.0,223300,0,223300,연미향,유제품/베이커리/떡,할인불가
[대웅생명과학] 뉴질랜드 순도 91.6% 고품질 락토페린,2023,61043,7,1,14.285714285714285,427300,48900,378400,대웅생명과학,건강식품,회원
[노포식당] 산더미 육수 서울식 소불고기,2023,70443,7,0,0.0,493100,0,493100,노포식당,밥/반찬/요리,회원
[유기농샵] 국내산 유기농 통우엉 500g,2023,14000,7,0,0.0,98000,0,98000,유기농샵,Unknown,Unknown
[스칸디] 북유럽 스타일 IH 냄비 2종 세트,2023,69800,7,0,0.0,488600,0,488600,스칸디,냄비/팬/솥,할인불가
[아이프리] PTC 가정용 미니 온풍기 2,2023,99000,7,0,0.0,693000,0,693000,아이프리,계절가전/계절용품,회원
[유기농샵] 초록한입 타트체리주스 70ml*21포,2023,17900,7,0,0.0,125300,0,125300,유기농샵,Unknown,Unknown
[엠스센트문] 4타입 디퓨져 방향제,2023,24500,7,0,0.0,171500,0,171500,엠스센트문,생활용품/차량용품/마스크,할인불가
[백조씽크] 다용도 와플형 냄비받침 3p,2023,15900,7,0,0.0,111300,0,111300,백조씽크,주방잡화/용품,회원
[레가토] 기술특허 전문가용 물광 고데기,2023,149000,7,0,0.0,1043000,0,1043000,레가토,생활가전,회원
[닥터필] 물없이 간편하게 섭취할 수 있는 프로폴리스&이뮨,2023,107614,7,0,0.0,753300,0,753300,닥터필,건강식품,회원
[클린닥터] 에어컨용 나노 항균필터,2023,59800,7,0,0.0,418600,0,418600,클린닥터,계절가전/계절용품,회원
[슈맥스] 리모콘 스탠드 15엽 날개 팬큘레이터 선풍기,2023,90000,7,2,28.57142857142857,630000,180000,450000,슈맥스,Unknown,Unknown
[보국] 전자식 스타일리스 휴대용 미니 냉풍기,2023,40000,7,1,14.285714285714285,280000,40000,240000,보국,계절가전/계절용품,회원
[이태리 로시] 도노 파우치 수저&젓가락 2인/4인,2023,31900,7,0,0.0,223300,0,223300,이태리 로시,냄비/팬/솥,할인불가
[경영푸드] 국내산 서해안 생물 고등어,2023,37286,7,0,0.0,261000,0,261000,경영푸드,수산/건어물/김,할인불가
[위글위글x에어윌] 공기정화 향균&탈취 포스터 10종,2023,31986,7,0,0.0,223900,0,223900,위글위글x에어윌,가구/인테리어,회원
[슈미트] 인체공학적 디자인 무선 목어깨 안마기,2023,259000,7,0,0.0,1813000,0,1813000,슈미트,건강용품,회원
[해피홈] 만능 1초 옷걸이 세트,2023,32457,7,0,0.0,227200,0,227200,해피홈,생활용품/차량용품/마스크,회원
[눈떠아] 허리를 위한 완벽한 휴식 메모리폼 매트리스,2023,103329,7,0,0.0,723300,0,723300,눈떠아,유아동/완구/매트,할인불가
[테프나라] 메밀에 빠진 글루텐프리 수퍼푸드 테프 냉면,2023,14600,7,1,14.285714285714285,102200,14600,87600,테프나라,국/탕/찌개/면,할인불가
[햇시루] 우유 앙금과 우유 생크림이 가득한 아이스 찰떡 모찌,2023,19400,7,0,0.0,135800,0,135800,햇시루,유제품/베이커리/떡,할인불가
[제주네이쳐] 풋귤하영 콜라겐 30포,2023,51000,6,0,0.0,306000,0,306000,제주네이쳐,건강식품,할인불가
[포스텐] 키친아트 사각 그릴팬 28cm,2023,16900,6,0,0.0,101400,0,101400,포스텐,냄비/팬/솥,할인불가
[포스텐] 루베크 멀티 전동 다지기 스텐볼세트,2023,32000,6,0,0.0,192000,0,192000,포스텐,주방가전,할인불가
[포스텐] 리빙아트 바스토 텀블러 850ml,2023,15000,6,0,0.0,90000,0,90000,포스텐,생활용품/차량용품/마스크,할인불가
[미온바이오] 당하식한끼 1box 25포,2023,65000,6,0,0.0,390000,0,390000,미온바이오,Unknown,Unknown
[심플라이프] 유연사 30수 코튼 호텔수건 엔켈타월 5개입,2023,39500,6,1,16.666666666666664,237000,39500,197500,심플라이프,생활,할인불가
"[오랄비] 구강케어 치실, 전동칫솔, 교정용칫솔 모음전",2023,7200,6,0,0.0,43200,0,43200,오랄비,욕실/세정/위생용품,할인불가
[뉴트리케어] 돌외잎주정추출물 리턴투다이어트,2023,121300,6,1,16.666666666666664,727800,149000,578800,뉴트리케어,뷰티/다이어트,할인불가
[마리질랭] 편안하면서 트렌디한 데일리 에코백 12종,2023,15687,6,0,0.0,94120,0,94120,마리질랭,패션/잡화,할인불가
[아이프리] 자외선 차단과 쿨링효과 골프패치 5회분,2023,19000,6,0,0.0,114000,0,114000,아이프리,뷰티/다이어트,회원
[라씨에뜨] 국내생산 수작업 공예 이브로 수저세트 5pcs,2023,40000,6,1,16.666666666666664,240000,40000,200000,라씨에뜨,수저/양식기,회원
[돌핀웨이브] 스테디한 디자인의 선글라스 2종,2023,69333,6,1,16.666666666666664,416000,70000,346000,돌핀웨이브,패션/잡화,회원
"[에스모도] 886 슬림형 보조배터리 5,000mAh",2023,12300,6,0,0.0,73800,0,73800,에스모도,생활가전,할인불가
[월드바이오팜] 내몸애 우슬담은 녹용 진액 선물세트,2023,49000,6,0,0.0,294000,0,294000,월드바이오팜,건강식품,회원
[바베큐아저씨] 양념벌집 돼지껍데기 200g,2023,4300,6,0,0.0,25800,0,25800,바베큐아저씨,밥/반찬/요리,할인불가
[쿨린] 110 초음파 미니 가습기 1L,2023,62000,6,1,16.666666666666664,372000,62000,310000,쿨린,계절가전/계절용품,회원
[더프레스카랩] 리페어 재생크림 (민감성/건성) 100g,2023,47000,6,0,0.0,282000,0,282000,더프레스카랩,뷰티/다이어트,회원
[루셀렌] 스와로브스키 크리스털 블리스원 귀걸이,2023,15500,6,1,16.666666666666664,93000,15500,77500,루셀렌,패션/잡화,할인불가
[유기농샵] 국내산 유기농 새싹보리분말 50g,2023,8900,6,0,0.0,53400,0,53400,유기농샵,Unknown,Unknown
[통영닭곱새] 얼큰 칼칼한 닭곱새 1.3kg,2023,30800,6,0,0.0,184800,0,184800,통영닭곱새,밥/반찬/요리,회원
[천호엔케어] 더블랙 흑마늘,2023,99000,6,0,0.0,594000,0,594000,천호엔케어,건강식품,회원
[모든스토리] 지워진 우리들의 날,2023,14000,6,0,0.0,84000,0,84000,모든스토리,도서,회원
[아렌시아] 솔리드 프라그랑스 고체 방향제 3종,2023,19000,6,1,16.666666666666664,114000,19000,95000,아렌시아,생활용품/차량용품/마스크,회원
[바이마르] 버닝 인덕션 편수냄비 18cm,2023,16400,6,0,0.0,98400,0,98400,바이마르,냄비/팬/솥,할인불가
[전북김제산] 22년 국산 서리태콩,2023,27867,6,0,0.0,167200,0,167200,전북김제산,농축산/과일/계란,할인불가
[설가츠] 촉촉한 무항생제 치킨 안심가츠,2023,21000,6,0,0.0,126000,0,126000,설가츠,밥/반찬/요리,회원
[강한별] 시간은 되돌릴 수 없고 인생은 한번뿐,2023,16000,6,0,0.0,96000,0,96000,강한별,도서,회원
[플레이버] 영양을 가득 담은 스윗 바나나,2023,46733,6,0,0.0,280400,0,280400,플레이버,농축산/과일/계란,할인불가
[루즈노즈케어] 알레르기성 비염 치료기,2023,260000,6,0,0.0,1560000,0,1560000,루즈노즈케어,건강용품,회원
[올리] 인테리어 자동급수 저면관수 화분 4종,2023,68000,6,3,50.0,408000,204000,204000,올리,가구/인테리어,회원
[어나더푸르츠] 말랑말랑 새콤달콤 열대과일 믹스,2023,26600,6,0,0.0,159600,0,159600,어나더푸르츠,과자/간식/안주,회원
[경영푸드] 국내산 무안 저장용 만생 양파,2023,19000,6,0,0.0,114000,0,114000,경영푸드,농축산/과일/계란,할인불가
[바스틀리] 천연 밀짚 펄프 키친타올 점보롤,2023,14900,6,0,0.0,89400,0,89400,바스틀리,주방잡화/용품,할인불가
[이로웁다] 붙이는 지방 관리! 셀룰라이트 바디컷패치,2023,36900,6,6,100.0,221400,221400,0,이로웁다,뷰티/다이어트,회원
[경영푸드] 민어포/참조기포/동태포/절단오징어 전감 모음전,2023,22333,6,0,0.0,134000,0,134000,경영푸드,수산/건어물/김,할인불가
[상아제약] 상아데일리 멀티비타민 42g(700mg*60정),2023,17900,6,2,33.33333333333333,107400,35800,71600,상아제약,건강식품,회원
[동아제약] 탱글한 식감으로 더욱 맛있는 박카스맛 탱글 젤리,2023,14900,6,0,0.0,89400,0,89400,동아제약,과자/간식/안주,할인불가
전남 영광 법성포 보리굴비 10미,2023,120000,5,1,20.0,600000,120000,480000,Unknown,Unknown,Unknown
[케이맥스] 붙이는 자동 소화기 2p x 10개,2023,20000,5,0,0.0,100000,0,100000,케이맥스,생활용품/차량용품/마스크,할인불가
[드림하트] 100% 천연 라텍스 기능성 깔창 인솔&패드,2023,18000,5,0,0.0,90000,0,90000,드림하트,패션/잡화,할인불가
[제주어멍] 제주 간고등어 선물세트 (대/특대),2023,70400,5,0,0.0,352000,0,352000,제주어멍,수산/건어물/김,할인불가
[제주어멍] 제주 갈치 선물세트 (중/대/특대),2023,167400,5,0,0.0,837000,0,837000,제주어멍,수산/건어물/김,할인불가
[모비로버] 튼튼한 메탈 스마트폰 태블릿 거치대,2023,26900,5,0,0.0,134500,0,134500,모비로버,생활용품/차량용품/마스크,회원
[오늘13:07] 정성 가득 수제 파운드케이크 7종 / 르뱅쿠키 2종,2023,8800,5,0,0.0,44000,0,44000,오늘13:07,유제품/베이커리/떡,할인불가
[브로커] 언제 어디서나 편안한 데일리 라운드 안경테,2023,39900,5,1,20.0,199500,39900,159600,브로커,패션/잡화,회원
[알로하케이크] 무방부제 미니 수제 파이 5종 세트,2023,21900,5,0,0.0,109500,0,109500,알로하케이크,유제품/베이커리/떡,할인불가
[동우리빙] 가성비가 뛰어난 양면 솥뚜껑 그리들팬 (대나무젓가락증정),2023,37100,5,1,20.0,185500,38500,147000,동우리빙,냄비/팬/솥,할인불가
[에코] 매일 깨끗해지는 카라&소매 세척제,2023,13760,5,0,0.0,68800,0,68800,에코,욕실/세정/위생용품,회원
[퀸나] 강력하게 분사되는 고온 고압 스팀청소기,2023,88000,5,0,0.0,440000,0,440000,퀸나,생활가전,회원
[빙고씨푸드] 쫀득 매콤 순살 코다리바베큐 밀키트,2023,15900,5,0,0.0,79500,0,79500,빙고씨푸드,밥/반찬/요리,회원
[앙팡] 멀티비타민미네랄 1200mg x 60정,2023,29800,5,0,0.0,149000,0,149000,앙팡,건강식품,회원
[마켓프로즌] 에어프라이어 후라이드치킨 한마리,2023,12900,5,0,0.0,64500,0,64500,마켓프로즌,과자/간식/안주,회원
"[알럽스킨] 속이 시원한 이런,시원한 파스",2023,14900,5,4,80.0,74500,59600,14900,알럽스킨,건강용품,할인불가
[바리브] 제트소닉 퀵 드라이어 1800W,2023,79000,5,0,0.0,395000,0,395000,바리브,욕실/세정/위생용품,회원
[연미향]흑임자앙금 가래떡 1.6kg,2023,33900,5,0,0.0,169500,0,169500,연미향,유제품/베이커리/떡,할인불가
[라이프드림] 멈출 수 없는 라면스낵 쏘이땅 10개입,2023,21080,5,1,20.0,105400,22000,83400,라이프드림,식품,회원
[플레이버] 총명토끼 깡총부럼 4종세트,2023,15140,5,0,0.0,75700,0,75700,플레이버,과자/간식/안주,회원
[스마트바이오] 오늘의 건강 콘드로이친 스트롱,2023,24800,5,2,40.0,124000,49600,74400,스마트바이오,건강식품,할인불가
[썬키스트] 상큼함 폭발! 비타민 팬시 레몬,2023,25080,5,1,20.0,125400,33000,92400,썬키스트,농축산/과일/계란,할인불가
[바른미인] 유해물질 없는 사방 세라믹 괄사,2023,49000,5,0,0.0,245000,0,245000,바른미인,뷰티/다이어트,할인불가
[온니포유] 의사가 만든 질 건강 유산균 와이라노,2023,68000,5,0,0.0,340000,0,340000,온니포유,건강식품,할인불가
[오성] 방향성이 좋은 야광 멀티 골프 티,2023,18000,5,0,0.0,90000,0,90000,오성,패션/잡화,회원
[베드스크런치] 짱짱한 침대 시트 고정 밴드,2023,69800,5,5,100.0,349000,349000,0,베드스크런치,가구/인테리어,회원
[리보네이처] 위와 장을 위한 맛있는 발효 키위,2023,43000,5,1,20.0,215000,43000,172000,리보네이처,음료/차,회원
[보랄] 버튼식 USB충전 무선 날개 없는 선풍기,2023,199000,5,1,20.0,995000,199000,796000,보랄,계절가전/계절용품,회원
[보랄] 독일 스마트 센서 휴지통 2종,2023,190000,5,1,20.0,950000,190000,760000,보랄,생활가전,회원
[쫀슐랭] 파기름 비빔국수와 납작만두,2023,32000,5,0,0.0,160000,0,160000,쫀슐랭,국/탕/찌개/면,회원
[쉬젤] 엘레강스 통원목 도마&나이프 세트,2023,47400,5,0,0.0,237000,0,237000,쉬젤,조리도구,할인불가
[네이처파트너스] 프리미엄 하프물범 오메가3 셀올예 세트,2023,101500,5,0,0.0,507500,0,507500,네이처파트너스,건강,회원
[케이앤에이치] 친환경 1등급 간편 바베큐용 홍탄숯,2023,15800,5,0,0.0,79000,0,79000,케이앤에이치,생활용품/차량용품/마스크,할인불가
[플레이버] 명절 과일 혼합선물세트 7,2023,125000,5,0,0.0,625000,0,625000,플레이버,식품,회원
[코오롱제약] 유기농 프리바이오틱스,2023,20520,5,0,0.0,102600,0,102600,코오롱제약,건강식품,회원
[블루워시] 전성분 EWG 올그린등급 캡슐세제,2023,30820,5,0,0.0,154100,0,154100,블루워시,욕실/세정/위생용품,할인불가
[NK타히보] 530 삼각티백 타히보차 티백 1box[30포],2023,59800,4,2,50.0,239200,119600,119600,NK타히보,건강식품,할인불가
[바인하우스] 전자파안심 플렉스 전기요 전기장판,2023,116500,4,3,75.0,466000,337000,129000,바인하우스,계절가전/계절용품,회원
[밥도둑푸드] 장흥식 소고기 삼합 구이세트 2인,2023,30000,4,0,0.0,120000,0,120000,밥도둑푸드,밥/반찬/요리,회원
[제주네이쳐] 알로에하영 30포,2023,35250,4,0,0.0,141000,0,141000,제주네이쳐,건강식품,할인불가
[포스텐] 셰프라인 듀얼레이어 무선 전기주전자 2L,2023,18500,4,2,50.0,74000,37000,37000,포스텐,주방가전,할인불가
[모미건] 튀기지 않고 구워만든 건강스낵 현미칩&콘칩 200g,2023,24000,4,0,0.0,96000,0,96000,모미건,과자/간식/안주,회원
"[비타푸즈] 구수하고 건강한 수분충천, 청춘숭늉",2023,32000,4,1,25.0,128000,18000,110000,비타푸즈,밥/반찬/요리,할인불가
[초의차] 세상을 향기롭게 하는 초의꽃차 6종 세트,2023,35000,4,0,0.0,140000,0,140000,초의차,음료/차,할인불가
"[란나] 수면제습, 피로완화 태국 정품 란나 풋 패치",2023,18900,4,0,0.0,75600,0,75600,란나,뷰티/다이어트,할인불가
[링크페어] 304스텐 초고압 압력솥 3.0L,2023,598000,4,0,0.0,2392000,0,2392000,링크페어,주방가전,회원 + 비회원
[먹쉬돈나] 삼청동 즉석떡볶이 성민이네 떡볶이,2023,7900,4,4,100.0,31600,31600,0,먹쉬돈나,과자/간식/안주,할인불가
"[오메오메] 통 과육과 크림가득, 제주 아이스 오메기떡",2023,37000,4,1,25.0,148000,37000,111000,오메오메,유제품/베이커리/떡,할인불가
[명품식탁] 제주 한라산 생 고사리,2023,25000,4,0,0.0,100000,0,100000,명품식탁,농축산/과일/계란,할인불가
[안동] 포슬포슬하고 고소한 산지 직송 햇감자 5kg,2023,21900,4,0,0.0,87600,0,87600,안동,농축산/과일/계란,할인불가
[웰로스] 신선 식품용 지퍼백 30매,2023,28900,4,0,0.0,115600,0,115600,웰로스,주방잡화/용품,회원
[오엘라] 빛이 필요한 곳 어디든 간편하게 LED 무선 센서등 4종,2023,40000,4,1,25.0,160000,39400,120600,오엘라,생활용품/차량용품/마스크,할인불가
"[에스모도] 889 듀얼케이블 일체형 10,000mAh 보조배터리",2023,24400,4,0,0.0,97600,0,97600,에스모도,생활가전,할인불가
[프리타임마이타임] 데일리 벨크로 남녀 공용 샌들,2023,21500,4,0,0.0,86000,0,86000,프리타임마이타임,패션/잡화,회원
[제주네이쳐] 달콤함을 담은 제주과자 4종,2023,29500,4,0,0.0,118000,0,118000,제주네이쳐,과자/간식/안주,할인불가
[퀸즈] 내츄럴코튼 시그니처 뉴 오가닉 생리대,2023,91500,4,0,0.0,366000,0,366000,퀸즈,생활용품/차량용품/마스크,회원
[다온] 100%국내산 쌀로 만든 명품송편 2종,2023,10900,4,0,0.0,43600,0,43600,다온,유제품/베이커리/떡,할인불가
[강개상인] 피부속부터 건강하게  홍삼석류콜라겐,2023,99000,4,1,25.0,396000,99000,297000,강개상인,건강식품,회원
[진가] 진생용셰프의 전통 사천요리 마파두부/마라두부,2023,11800,4,1,25.0,47200,11800,35400,진가,밥/반찬/요리,회원
[바베큐아저씨] 국내산 부산아귀포 150g,2023,10400,4,0,0.0,41600,0,41600,바베큐아저씨,과자/간식/안주,할인불가
[참cham] 간장 계란밥용 뿜뿜 소스 185g*3개,2023,9900,4,0,0.0,39600,0,39600,참cham,잼/오일/조미/장,회원
[스페이스랙] 공간효율200% 멀티선반 (2color),2023,46900,4,1,25.0,187600,38900,148700,스페이스랙,가구/인테리어,회원
[로얄식당] 화덕 난에 싸먹는 마라불닭 690g,2023,14900,4,0,0.0,59600,0,59600,로얄식당,밥/반찬/요리,할인불가
[이젠슬림] 껍질 없는 통통 미니 군고구마,2023,18850,4,0,0.0,75400,0,75400,이젠슬림,과자/간식/안주,할인불가
[화이트크래프트] 슬로우 라이프 컨버스화,2023,79000,4,0,0.0,316000,0,316000,화이트크래프트,패션/잡화,회원
[파우더쉐프] 이장우x쯔양 다용도 맛능가루,2023,10900,4,2,50.0,43600,21800,21800,파우더쉐프,잼/오일/조미/장,할인불가
[콕스타] 프리미엄 오븐형 에어프라이어 24L 대용량,2023,399000,4,0,0.0,1596000,0,1596000,콕스타,주방가전,회원
[프란델리] 프레스카 통주물 멀티팬 28,2023,109000,4,0,0.0,436000,0,436000,프란델리,냄비/팬/솥,회원
[루셀렌] 스와로브스키 크리스털 엔틱루시아 귀걸이,2023,32800,4,0,0.0,131200,0,131200,루셀렌,패션/잡화,할인불가
[다참푸드] 프리미엄 은대구 구이/스테이크,2023,31350,4,0,0.0,125400,0,125400,다참푸드,밥/반찬/요리,할인불가
[초이스카페] 유명 브랜드 드립캡슐 커피&티 12종,2023,16000,4,0,0.0,64000,0,64000,초이스카페,음료/차,회원
[초이스카페] 드립캡슐머신 + 드립캡슐 60캡슐 세트,2023,169300,4,1,25.0,677200,186300,490900,초이스카페,생활가전,회원
[레노마] 실크처럼 부드러운 컬러핏 립스틱 10종,2023,9900,4,0,0.0,39600,0,39600,레노마,뷰티/다이어트,할인불가
[레노마] 촉촉한 고광택 컬러핏 립글로즈 10종,2023,9900,4,0,0.0,39600,0,39600,레노마,뷰티/다이어트,할인불가
[아이더테크] 환경부가 인정한 살균광택제 이지샤인,2023,15000,4,0,0.0,60000,0,60000,아이더테크,생활용품/차량용품/마스크,회원 + 비회원
[바스틀리] 천연 밀짚 펄프 물티슈,2023,3900,4,0,0.0,15600,0,15600,바스틀리,욕실/세정/위생용품,할인불가
[합정상회] 스테이 포지티브 팔로산토 스머지스틱,2023,15075,4,0,0.0,60300,0,60300,합정상회,가구/인테리어,할인불가
[아렌시아] 프리미엄 보라보라 드림 라벤더 샴푸바,2023,10900,4,0,0.0,43600,0,43600,아렌시아,욕실/세정/위생용품,할인불가
[코코리찌] 스와로브스키 크리스탈 진주 풀4종 세트,2023,410000,4,0,0.0,1640000,0,1640000,코코리찌,패션/잡화,회원
[과채연구소] NFC 착즙 100% 건강즙 자색당근 ABC 주스,2023,52650,4,0,0.0,210600,0,210600,과채연구소,음료/차,회원
[바스틀리] 천연 밀짚 펄프 소프트 키친타올,2023,17900,4,0,0.0,71600,0,71600,바스틀리,주방잡화/용품,할인불가
[서초김] 곱창김100% 도시락김/전장김,2023,22700,4,0,0.0,90800,0,90800,서초김,수산/건어물/김,회원
[상아제약] 고려천수 공진보대환 선물세트,2023,132000,4,0,0.0,528000,0,528000,상아제약,건강,회원
[상아제약] 생기충전 상아공진보 선물세트,2023,329900,4,0,0.0,1319600,0,1319600,상아제약,건강,회원
[상아제약] 케어플러스+비타민B 컴플렉스 21g(700mg*30정),2023,9900,4,0,0.0,39600,0,39600,상아제약,건강식품,회원
[경영푸드] 국내산 반건조 통치 민어 5마리,2023,35000,4,0,0.0,140000,0,140000,경영푸드,식품,할인불가
탈모완화 기능성 샴푸 털털샴푸 400ml,2023,48133,3,0,0.0,144400,0,144400,Unknown,Unknown,Unknown
[가득찬푸드] 매콤 쭈꾸미만두 350g,2023,7300,3,0,0.0,21900,0,21900,가득찬푸드,밥/반찬/요리,회원
[포스텐] 올케이 국내산 스텐 사각 채반 바구니 2종세트 (대+소),2023,17900,3,0,0.0,53700,0,53700,포스텐,조리도구,할인불가
[포스텐] 키친아트 타원형 생선구이 그릴팬,2023,16900,3,0,0.0,50700,0,50700,포스텐,냄비/팬/솥,할인불가
[포스텐] 키친아트 뉴 네오 통 5중 스텐냄비 7종,2023,29000,3,0,0.0,87000,0,87000,포스텐,냄비/팬/솥,할인불가
[토우축산] 냉장 한돈 깨끗한 암퇘지 생삼겹살,2023,36400,3,0,0.0,109200,0,109200,토우축산,Unknown,Unknown
[토우축산] 냉장 한돈 깨끗한 암퇘지 생목살,2023,29200,3,0,0.0,87600,0,87600,토우축산,Unknown,Unknown
[돌베개] 유시민 거꾸로 읽는 세계사,2023,17500,3,0,0.0,52500,0,52500,돌베개,도서,회원
[제주의맛] 제주 자연산 톳 뿔소라 장 세트,2023,35000,3,0,0.0,105000,0,105000,제주의맛,밥/반찬/요리,할인불가
[비타푸즈] 속편하게 쪽! 짜먹는 간편 죽 3종,2023,13800,3,2,66.66666666666666,41400,27600,13800,비타푸즈,밥/반찬/요리,할인불가
"[돌핀웨이브] 머리,손목에 탁! 레저 패션 클랩&와이드 선글라스",2023,69000,3,1,33.33333333333333,207000,69000,138000,돌핀웨이브,패션/잡화,회원
"[함께북스] 너무 다른, 너무 같은 두 남자 이야기",2023,15000,3,0,0.0,45000,0,45000,함께북스,도서,회원
[푸르낵] 과일 그 이상 제주산 100% 감귤스낵,2023,12000,3,0,0.0,36000,0,36000,푸르낵,과자/간식/안주,할인불가
[아이프리] PTC 저소음 미니온풍기,2023,79000,3,0,0.0,237000,0,237000,아이프리,계절가전/계절용품,회원
[키친그듸] 톳과 활전복이 가득한 간편 영양 제주전복톳밥 300g,2023,29133,3,0,0.0,87400,0,87400,키친그듸,밥/반찬/요리,할인불가
[가지산돼지국밥] 진하고 깔끔한 가지산 돼지국밥,2023,40667,3,0,0.0,122000,0,122000,가지산돼지국밥,국/탕/찌개/면,할인불가
[제주의맛] 100% 자연산 프리미엄 성게알,2023,44700,3,0,0.0,134100,0,134100,제주의맛,수산/건어물/김,할인불가
[칼라테레비] 스펀지공 발사놀이 귀여운 애니멀 퐁,2023,13007,3,0,0.0,39020,0,39020,칼라테레비,유아동/완구/매트,할인불가
[링크페어] 아론 포스코 304스텐 냄비세트 3종 세트,2023,398000,3,0,0.0,1194000,0,1194000,링크페어,냄비/팬/솥,회원
[슈엘로] 볼케이노 VC바디 슬리밍 탄력크림,2023,99000,3,0,0.0,297000,0,297000,슈엘로,뷰티/다이어트,할인불가
[팔도식당] 강레오 셰프의 레시피 곡성 깨비정식 흑돼지 석쇠구이,2023,30800,3,0,0.0,92400,0,92400,팔도식당,밥/반찬/요리,회원
[마켓프로즌] 초간편 튀겨나온 치즈스틱,2023,12900,3,2,66.66666666666666,38700,25800,12900,마켓프로즌,과자/간식/안주,회원
[하얀] 마법같은 때밀이! 요술때장갑 싹싹이 1+1,2023,7900,3,0,0.0,23700,0,23700,하얀,욕실/세정/위생용품,할인불가
[판판] 감자칩의 정석 판판 포테이토칩 4종,2023,7500,3,3,100.0,22500,22500,0,판판,과자/간식/안주,할인불가
[깔끔대장] 만능 고무장갑 안전하손 (S/M/L),2023,15233,3,0,0.0,45700,0,45700,깔끔대장,주방잡화/용품,회원
[에스모도] 008 무선 S 플립팬 선풍기 (리모컨형),2023,55700,3,0,0.0,167100,0,167100,에스모도,생활가전,할인불가
[피톤치드] 프리미엄 천연 탈취제 피톤치드 수,2023,20833,3,0,0.0,62500,0,62500,피톤치드,욕실/세정/위생용품,할인불가
농협안심 한우 등심+안심+채끝살 선물세트,2023,400000,3,0,0.0,1200000,0,1200000,Unknown,Unknown,Unknown
[느리게걷는농장] 제주 천혜향 주스/밀감 주스,2023,30833,3,0,0.0,92500,0,92500,느리게걷는농장,음료/차,할인불가
[오버랩] 시티 하이크 스니커즈 아우트로 V2,2023,139000,3,0,0.0,417000,0,417000,오버랩,패션/잡화,회원
[염라대왕] 지옥에서 온 스윗&스파이시 스낵,2023,6000,3,0,0.0,18000,0,18000,염라대왕,과자/간식/안주,회원
[바베큐아저씨] 오징어160g+복어포200g 왕복세트,2023,19800,3,0,0.0,59400,0,59400,바베큐아저씨,과자/간식/안주,할인불가
[치즈가든] 부드러운 스위트크림치즈,2023,20000,3,0,0.0,60000,0,60000,치즈가든,잼/오일/조미/장,회원
[아임필터] 녹물제거 샤워헤드/세디먼트&비타민 필터,2023,13100,3,0,0.0,39300,0,39300,아임필터,욕실/세정/위생용품,회원
[필드발란스] 골프영양보조제 니어&롱기 매직,2023,48000,3,0,0.0,144000,0,144000,필드발란스,건강식품,회원
[플레이버] 와인안주 플래터 선물세트,2023,45800,3,0,0.0,137400,0,137400,플레이버,식품,회원
[경남제약] 갑상선 영양제 그린요오드,2023,66000,3,1,33.33333333333333,198000,66000,132000,경남제약,건강식품,회원
[이신우] 그래핀 기능형 발열토퍼 퀸사이즈 (150X200),2023,110000,3,0,0.0,330000,0,330000,이신우,계절가전/계절용품,회원
[루베크] 304 다용도 멀티 쿠커 2.5L,2023,79000,3,0,0.0,237000,0,237000,루베크,냄비/팬/솥,회원
[루셀렌] 스와로브스키 크리스털 트리플펄 스터드 이어링,2023,28900,3,0,0.0,86700,0,86700,루셀렌,패션/잡화,할인불가
[노포식당] 닭갈비/고추장제육/간장제육 3종 세트 2.4kg,2023,50000,3,0,0.0,150000,0,150000,노포식당,밥/반찬/요리,회원
[유기농샵] 국내산 유기농 양배추 2kg,2023,14200,3,0,0.0,42600,0,42600,유기농샵,Unknown,Unknown
[초의차] 명인의 진향&연향 100티백,2023,50000,3,0,0.0,150000,0,150000,초의차,음료/차,회원
[다참푸드] 프리미엄 던지네스 던전 크랩 800g,2023,79000,3,0,0.0,237000,0,237000,다참푸드,밥/반찬/요리,할인불가
[한삼인] 농협홍삼 발효홍삼고 골드 240g,2023,247500,3,0,0.0,742500,0,742500,한삼인,Unknown,Unknown
[양구] 대암산 고랭지 꿀 부사사과 특/특대 5kg 선물세트,2023,63500,3,0,0.0,190500,0,190500,양구,농축산/과일/계란,할인불가
[초신선] 저온로스팅 국내산 들기름+참깨 선물세트,2023,50000,3,0,0.0,150000,0,150000,초신선,식품,회원
[딥롤러] 전신을 풀어주는 스트레칭 웻지,2023,178000,3,0,0.0,534000,0,534000,딥롤러,건강용품,회원
[아렌시아] 프리미엄 더 새틴 윈터그린잎 린스바,2023,10900,3,0,0.0,32700,0,32700,아렌시아,욕실/세정/위생용품,할인불가
[션리] 유브이 컷 선패치 내추럴,2023,44067,3,0,0.0,132200,0,132200,션리,패션/잡화,회원 + 비회원
[닥터필] 우리 아이 뼈건강을 지키는 비타민D키즈,2023,45667,3,0,0.0,137000,0,137000,닥터필,건강식품,회원
[AGK노르딕] 리모컨 에어맥스 팬큘레이터 선풍기,2023,179000,3,1,33.33333333333333,537000,179000,358000,AGK노르딕,Unknown,Unknown
[이태리 로시] IH투톤레드 냄비 4종,2023,61933,3,0,0.0,185800,0,185800,이태리 로시,냄비/팬/솥,할인불가
[독일 비스카] 조리와 식사를 동시에! 2in1멀티쿠커,2023,128000,3,0,0.0,384000,0,384000,독일 비스카,냄비/팬/솥,회원
[쉬젤] 엘레강스 키친툴 7종 세트,2023,29000,3,0,0.0,87000,0,87000,쉬젤,조리도구,할인불가
[리턴투네이처] 생분해 향균 PLA 망사/일회용 수세미 2종,2023,28000,3,0,0.0,84000,0,84000,리턴투네이처,주방잡화/용품,회원
[경영푸드] 반건조생선 선물세트 10종,2023,86667,3,0,0.0,260000,0,260000,경영푸드,식품,할인불가
[보나크] 안전하고 간편한 1구 인덕션,2023,99000,3,0,0.0,297000,0,297000,보나크,주방,회원
[퓨어초이스] 엑스트라버진  아보카도오일 250ml,2023,38900,3,0,0.0,116700,0,116700,퓨어초이스,잼/오일/조미/장,회원
[경영푸드] 국내산 반건조 우럭 3마리,2023,45000,3,0,0.0,135000,0,135000,경영푸드,식품,할인불가
[칼라테레비] 빈티지 고양이 블랭킷,2023,29800,3,1,33.33333333333333,89400,29800,59600,칼라테레비,가구/인테리어,할인불가
[가득찬푸드] 잎새 꿩만두 600g,2023,9900,2,0,0.0,19800,0,19800,가득찬푸드,밥/반찬/요리,회원
[포스텐] 크루거 차이니스 셰프 나이프,2023,21000,2,1,50.0,42000,21000,21000,포스텐,조리도구,할인불가
[포스텐] 키친아트 황금복돼지 티타늄 수저세트 컬러박스,2023,26000,2,0,0.0,52000,0,52000,포스텐,수저/양식기,할인불가
[칼라테레비] 따뜻하고 포근한 누빔 겨울 실내 슬리퍼 2족 세트,2023,9900,2,0,0.0,19800,0,19800,칼라테레비,패션/잡화,할인불가
[유자네] 내장제거 전자렌지용 찜 보리굴비 9미,2023,76000,2,0,0.0,152000,0,152000,유자네,수산/건어물/김,할인불가
[키친아트] 달고나 세트 올스텐 국내제작 100% 인덕션겸용,2023,22000,2,0,0.0,44000,0,44000,키친아트,주방잡화/용품,할인불가
[제주어멍] 제주 갈치/고등어/옥돔 선물세트,2023,173000,2,0,0.0,346000,0,346000,제주어멍,수산/건어물/김,할인불가
[제로퍼센트] 하향식분사 특허 프리미엄 휴대용 손소독제,2023,7450,2,2,100.0,14900,14900,0,제로퍼센트,욕실/세정/위생용품,회원
[에드워드권] 셰프의 닭발 오돌뼈 야식 5종 골라담기,2023,7900,2,2,100.0,15800,15800,0,에드워드권,과자/간식/안주,할인불가
[씨가드] 의사가 만든 바른자세와 편안함 씨가드 휴대용 목베개,2023,78000,2,0,0.0,156000,0,156000,씨가드,생활,할인불가
[풀무원] 내몸을 위한 건강한 발효 탄산 레몬 톡스 콤부차,2023,54400,2,0,0.0,108800,0,108800,풀무원,음료/차,회원 + 비회원
[생활덕후] 깔끄미 신발 클리너 티슈,2023,16600,2,0,0.0,33200,0,33200,생활덕후,욕실/세정/위생용품,할인불가
[뷰니스] 우리 몸을 생각한 다이어트 컨트롤V,2023,65000,2,1,50.0,130000,65000,65000,뷰니스,뷰티/다이어트,회원
[메이크힐] 마사지까지 완벽한 NEW V세라 멀티밤,2023,34750,2,0,0.0,69500,0,69500,메이크힐,뷰티/다이어트,할인불가
[쩡이네] 최상급 한돈 눈꽃 삼겹살,2023,26000,2,2,100.0,52000,52000,0,쩡이네,농축산/과일/계란,회원
[아토와이즈] 뉴질랜드 천연원료 누 더마 크림,2023,29800,2,0,0.0,59600,0,59600,아토와이즈,뷰티/다이어트,할인불가
[올리닉] 울트라 비타액션 올인원 멀티비타민,2023,30000,2,2,100.0,60000,60000,0,올리닉,건강식품,회원
[우리두리] 우리쌀로 만든 쌀/단호박 식혜 선물세트,2023,40000,2,1,50.0,80000,40000,40000,우리두리,음료/차,할인불가
[순창 고익마] 장건강에 좋은 청국장 스낵 청순바이츠,2023,8500,2,0,0.0,17000,0,17000,순창 고익마,과자/간식/안주,할인불가
[홈니즈] 1+1 핸디형 선풍기 GT-SF5000H,2023,59900,2,0,0.0,119800,0,119800,홈니즈,Unknown,Unknown
[빌리빈] 두가지 요리를 동시에! 미니 멀티 그릴,2023,34000,2,1,50.0,68000,34000,34000,빌리빈,주방가전,할인불가
[메이튼] 아늑한 분위기에 실용성까지 더한 블루투스 랜턴 스피커,2023,62000,2,0,0.0,124000,0,124000,메이튼,가구/인테리어,할인불가
[아이프리] 이제부터 냄새 걱정은 끝 신발 살균 건조기,2023,59000,2,0,0.0,118000,0,118000,아이프리,생활가전,회원
[국개대표] 바삭한 연어와 닭고기로 만든 살몬 스틱 70g 내외,2023,9800,2,0,0.0,19600,0,19600,국개대표,사료/간식,회원
[국개대표] 100% 국내산 치킨가슴살육포  70g 내외,2023,8500,2,0,0.0,17000,0,17000,국개대표,사료/간식,회원
[바치] 저소음 절전형 초경량 모기사냥,2023,69800,2,2,100.0,139600,139600,0,바치,계절가전/계절용품,회원
[오엘라] 저소음 흡입식 2종 블레이드 애견 이발기,2023,32900,2,0,0.0,65800,0,65800,오엘라,위생/케어/패드,할인불가
[스위스밀리터리] 블루투스 스피커형 무선 눈 마사지기,2023,110000,2,0,0.0,220000,0,220000,스위스밀리터리,건강용품,회원
[비아북] 35년 1~7 세트 - 전7권,2023,101000,2,0,0.0,202000,0,202000,비아북,도서,회원
[김녕해녀마을] 쫄깃쫄깃 탱글탱글 제주 마늘 전복장 600g,2023,24000,2,0,0.0,48000,0,48000,김녕해녀마을,밥/반찬/요리,할인불가
[의령황금메밀] 쫄깃쫄깃 건강한 쓴메밀 생면/칼국수면,2023,11000,2,0,0.0,22000,0,22000,의령황금메밀,국/탕/찌개/면,회원
[산들해] 동물복지 무항생제 깨시민란 30구,2023,18000,2,0,0.0,36000,0,36000,산들해,농축산/과일/계란,할인불가
[쿨린] MAX 대용량 보조배터리 3만/5만mAh 2종,2023,40800,2,0,0.0,81600,0,81600,쿨린,생활가전,할인불가
[채움] 신체항상성과 건강증진 아르기닌진 6000,2023,18000,2,0,0.0,36000,0,36000,채움,건강식품,회원
[델피아] 럭셔리 프리미엄 머스크메론 선물세트,2023,110000,2,0,0.0,220000,0,220000,델피아,농축산/과일/계란,회원
[정담푸드] 프리미엄 상황버섯진액 선물세트,2023,135000,2,0,0.0,270000,0,270000,정담푸드,건강식품,회원
[렉스퀸] 다양한 브랜드 호환가능 스탠드형 만능 청소기 거치대,2023,30000,2,0,0.0,60000,0,60000,렉스퀸,생활가전,회원
[프레시온] 원터치 대용량 쌀통 보관함 10kg,2023,34900,2,0,0.0,69800,0,69800,프레시온,주방잡화/용품,회원
[키토그린] 건강한 삶을 위한 그래놀라 시그니처 200g,2023,14800,2,0,0.0,29600,0,29600,키토그린,건강식품,할인불가
[레드아일랜드] 엔조이 커플 스파이시 감바스,2023,13800,2,0,0.0,27600,0,27600,레드아일랜드,밥/반찬/요리,할인불가
[비퓨어] 향균과 탈취를 한번에! 패브릭 미스트,2023,27500,2,0,0.0,55000,0,55000,비퓨어,욕실/세정/위생용품,회원 + 비회원
[박막례x프레시지] 오징어 비빔국수 2팩(4인분),2023,35000,2,1,50.0,70000,35000,35000,박막례x프레시지,국/탕/찌개/면,회원
[THE팔당] 맛있게 매콤한 오징어볶음 350g*2팩,2023,21000,2,0,0.0,42000,0,42000,THE팔당,밥/반찬/요리,회원
[앙팡] 다이노비타민C 1.2g x 500정,2023,29800,2,0,0.0,59600,0,59600,앙팡,건강식품,회원
[뷰니스] 디톡스 콤부차 스틱 (샤인머스켓/자몽),2023,45000,2,0,0.0,90000,0,90000,뷰니스,음료/차,회원
[에볼루션] 아놀드홍 파워 웨이90 초코맛 500g,2023,25000,2,2,100.0,50000,50000,0,에볼루션,건강식품,할인불가
[쿨린] 410T IoT 분리세척 대용량 가습기 4L,2023,125000,2,0,0.0,250000,0,250000,쿨린,계절가전/계절용품,회원
[리잇] 간편한 만능 간장/비빔장 소스,2023,9400,2,0,0.0,18800,0,18800,리잇,잼/오일/조미/장,할인불가
[칼라테레비] 겨울 털신 소프트 슬리퍼 1+1,2023,12500,2,0,0.0,25000,0,25000,칼라테레비,패션/잡화,할인불가
[칼라테레비] 겨울 털신 스트라이프 슬리퍼 1+1,2023,15600,2,0,0.0,31200,0,31200,칼라테레비,패션/잡화,할인불가
[칼라테레비] 겨울 털신 베이직 슬리퍼 1+1,2023,12500,2,0,0.0,25000,0,25000,칼라테레비,패션/잡화,할인불가
[바리브] 모던 파스텔 2인/4인 그릇세트,2023,99000,2,0,0.0,198000,0,198000,바리브,수저/양식기,회원
[테팔] 에센셜 매직핸즈 멀티팬 3p,2023,160000,2,0,0.0,320000,0,320000,테팔,냄비/팬/솥,회원
[코렐] 실버트리 식기 세트,2023,210000,2,2,100.0,420000,420000,0,코렐,수저/양식기,회원
[코렐] 몬테베르데 산호세 식기 세트,2023,134000,2,1,50.0,268000,130000,138000,코렐,수저/양식기,회원
[노플라스틱] 천연 펄프 종이수세미,2023,20000,2,1,50.0,40000,10000,30000,노플라스틱,주방잡화/용품,할인불가
[강원도의힘] 더덕향기채반,2023,128800,2,0,0.0,257600,0,257600,강원도의힘,Unknown,Unknown
[착한농부] 차를 만들다 TEA 3종 세트,2023,13500,2,0,0.0,27000,0,27000,착한농부,음료/차,할인불가
[아임스틸뷰티풀X아꼬제] 이프낫나우웬 콜라비 크림,2023,38000,2,0,0.0,76000,0,76000,아임스틸뷰티풀X아꼬제,뷰티/다이어트,회원
[퍼팅하이웨이] 휴대용 골프 퍼팅 연습기,2023,23000,2,0,0.0,46000,0,46000,퍼팅하이웨이,패션/잡화,할인불가
[LOML] 냄새차단 대용량 휴지통 29L,2023,60300,2,0,0.0,120600,0,120600,LOML,생활용품/차량용품/마스크,회원
[바스틀리] 천연 대나무 펄프 게런티트 키친타월,2023,6300,2,0,0.0,12600,0,12600,바스틀리,주방잡화/용품,할인불가
[딥롤러] 미세진동 마사지 스트레칭 롤러 엑티베이터,2023,250000,2,1,50.0,500000,250000,250000,딥롤러,건강용품,회원
[아렌시아] 프리미엄 두피& 피부용 벨루어바 올인원바,2023,13500,2,0,0.0,27000,0,27000,아렌시아,욕실/세정/위생용품,할인불가
[플레이버] 안심한우 (1+등급) 모듬구이 선물세트 1kg,2023,189000,2,0,0.0,378000,0,378000,플레이버,농축산/과일/계란,회원
[랩투엘브] 7가지 기능을 하나로! 멀티 스타일러 고데기,2023,59900,2,0,0.0,119800,0,119800,랩투엘브,뷰티/다이어트,회원
[과채연구소] NFC 착즙 100% 건강즙 자색당근 석류콜라겐 주스,2023,51900,2,0,0.0,103800,0,103800,과채연구소,음료/차,회원
[아이랩] 리모컨 3D입체 공기순환 서큘레이터 선풍기,2023,90000,2,1,50.0,180000,90000,90000,아이랩,Unknown,Unknown
[보랄] 리모컨 무선 에어써큘레이터 선풍기,2023,199000,2,0,0.0,398000,0,398000,보랄,계절가전/계절용품,회원
[신일] 리모컨 무선 BLDC 폴딩 DC팬 선풍기,2023,194000,2,0,0.0,388000,0,388000,신일,Unknown,Unknown
[바스틀리] 천연 대나무 펄프 게런티드 로션 페이셜 티슈,2023,13200,2,0,0.0,26400,0,26400,바스틀리,바스틀리,할인불가
[솔바로] 자가맞춤형 코골이방지 의료기기 스노락 세트,2023,198000,2,0,0.0,396000,0,396000,솔바로,건강용품,회원
[야마야] 정통 하카타 모츠나베 밀키트 3종,2023,37650,2,0,0.0,75300,0,75300,야마야,밥/반찬/요리,회원
[플레이버] 명절 과일 혼합선물세트 1,2023,180000,2,0,0.0,360000,0,360000,플레이버,식품,회원
[상아제약] 로얄 프로폴리스 108g(1200mg*90정),2023,10800,2,0,0.0,21600,0,21600,상아제약,건강식품,회원
[경영푸드] 반건조 부세조기 3마리,2023,33000,2,0,0.0,66000,0,66000,경영푸드,식품,할인불가
[셀핀다] 숙취해소제 스테이 STEI 1box 10포,2023,30000,1,0,0.0,30000,0,30000,셀핀다,건강,회원
[바인하우스] 키누조 슈퍼소닉 헤어드라이어,2023,259000,1,0,0.0,259000,0,259000,바인하우스,생활가전,회원
[희재농원] 김천 건조표고버섯 3종,2023,95000,1,0,0.0,95000,0,95000,희재농원,농축산/과일/계란,할인불가
[제주네이쳐] 유기농 레드비트 진액 30포,2023,25500,1,0,0.0,25500,0,25500,제주네이쳐,건강식품,할인불가
[포스텐] 키친아트 국내산 스텐 원형 볼바구니 3종세트,2023,18900,1,0,0.0,18900,0,18900,포스텐,조리도구,할인불가
[포스텐] 리빙아트 접이식 무선 전기주전자 0.6L,2023,19500,1,1,100.0,19500,19500,0,포스텐,주방가전,할인불가
[욕실의여왕] 무선 욕실청소기,2023,99000,1,0,0.0,99000,0,99000,욕실의여왕,욕실/세정/위생용품,회원
[코벤] 하루 20분! 스마트 훌라우프,2023,23900,1,0,0.0,23900,0,23900,코벤,건강용품,할인불가
[딘코] 공간창의력 사고력 발달 30만가지 해답 큐브퍼즐,2023,17100,1,0,0.0,17100,0,17100,딘코,유아동/완구/매트,할인불가
[제주의맛] 직접 낚아올린 자연산 제주 한치,2023,44800,1,0,0.0,44800,0,44800,제주의맛,수산/건어물/김,회원
[요리반상회] 미슐랭가이드 국산 황금콩밭 콩국수 2인분,2023,19800,1,1,100.0,19800,19800,0,요리반상회,국/탕/찌개/면,할인불가
[나물캐는곰] 강원도 인제 프리미엄 황태껍질부각,2023,9500,1,0,0.0,9500,0,9500,나물캐는곰,과자/간식/안주,할인불가
[피터앤폴큐어스] 내 피부와 같은 편안한 상처밴드 3종,2023,30000,1,0,0.0,30000,0,30000,피터앤폴큐어스,건강용품,할인불가
[생각의길] 어떻게 살 것인가,2023,15000,1,0,0.0,15000,0,15000,생각의길,도서,회원
[제주어멍] 제주 갈치/굴비 선물세트,2023,109000,1,0,0.0,109000,0,109000,제주어멍,수산/건어물/김,할인불가
[토우축산] 한우 모듬 정육 명절선물세트,2023,180000,1,0,0.0,180000,0,180000,토우축산,Unknown,Unknown
[토우축산] 한우 몸보신 사골 명절선물세트,2023,60000,1,0,0.0,60000,0,60000,토우축산,Unknown,Unknown
[퍼스트글라스] 풀 티타늄 프리미엄 안경테,2023,115000,1,0,0.0,115000,0,115000,퍼스트글라스,패션/잡화,회원
[참이누리] 초소형 유아용 마스크 20매,2023,18500,1,0,0.0,18500,0,18500,참이누리,생활용품/차량용품/마스크,할인불가
[코카콜라] 50주년 기념 한정판 캡모자,2023,30000,1,1,100.0,30000,30000,0,코카콜라,패션/잡화,회원
[트렌톤] 감각적인 도자기 식기 2인 4인 세트,2023,59900,1,0,0.0,59900,0,59900,트렌톤,주방잡화/용품,할인불가
"[미래북] 사랑하라, 오늘이 마지막인 것처럼",2023,14000,1,0,0.0,14000,0,14000,미래북,도서,회원
[아이프리] 모자 스팀 살균 건조 스타일러 캡스타일리쉬,2023,149000,1,0,0.0,149000,0,149000,아이프리,생활,할인불가
[쉐입쉐입] 빅사이즈 베타티타늄 라운드 안경,2023,138000,1,1,100.0,138000,138000,0,쉐입쉐입,패션/잡화,회원
[메디타임] 피부시간을 거스르는 보탈리늄 박해진 앰플 1box,2023,398000,1,1,100.0,398000,398000,0,메디타임,뷰티/다이어트,회원
[미스드래곤] 진정에 보습을 더한 와사비 캐모마일 마스크팩,2023,27000,1,0,0.0,27000,0,27000,미스드래곤,뷰티/다이어트,할인불가
[함께북스] 나를 위한 하루 선물 - 365 매일매일,2023,16000,1,0,0.0,16000,0,16000,함께북스,도서,회원
[뷰니스] 피부를 완성하는 생기케어 저분자 콜라겐,2023,112000,1,1,100.0,112000,112000,0,뷰니스,뷰티/다이어트,할인불가
"[팹브리지] 무중력의 편안함, 챔피온 안마기",2023,339000,1,0,0.0,339000,0,339000,팹브리지,생활가전,회원
[쿠비녹스] 리모컨형 스탠드 써큘레이터 선풍기 CX-224RC,2023,139000,1,0,0.0,139000,0,139000,쿠비녹스,Unknown,Unknown
[쿠비녹스] 휴대용 클립형 요가 선풍기 CX-216CF,2023,49900,1,0,0.0,49900,0,49900,쿠비녹스,Unknown,Unknown
[왕눈이] 서해에서 잡아온 급냉 갑오징어,2023,30900,1,0,0.0,30900,0,30900,왕눈이,수산/건어물/김,회원
[맘스품] 3D 에어 매쉬 풍기인견 쿨매트,2023,118000,1,0,0.0,118000,0,118000,맘스품,Unknown,Unknown
[어반컴포트] 피로감 제로 EVA 슬리퍼 5 color,2023,6300,1,0,0.0,6300,0,6300,어반컴포트,패션/잡화,할인불가
[차연] 약산성 그린티 데일리 토너패드,2023,33600,1,0,0.0,33600,0,33600,차연,뷰티/다이어트,할인불가
[카타민] 유종무관! 친환경 엔진영양제 카타민 메가파워,2023,25620,1,0,0.0,25620,0,25620,카타민,생활용품/차량용품/마스크,할인불가
[이레미디어] 시장의 마법사들,2023,26000,1,0,0.0,26000,0,26000,이레미디어,도서,회원
[삼정바이오] 예쁘면서 맛있게 멜팅컷티,2023,36500,1,0,0.0,36500,0,36500,삼정바이오,뷰티/다이어트,회원
[노블러스] 정제수 없는 100% 농축액 Always 홍삼천마,2023,162800,1,0,0.0,162800,0,162800,노블러스,건강식품,회원
[국개대표] 올바른끼니 소고기 사료 본품 1.2kg,2023,38000,1,0,0.0,38000,0,38000,국개대표,사료/간식,회원
[애니샷] 한 손에 쏙! 니트로 프리미엄 콜드브루 (11ml x 10개입),2023,44000,1,0,0.0,44000,0,44000,애니샷,Unknown,Unknown
[국개대표] 올바른끼니 오리 사료 본품 1.2kg,2023,38000,1,0,0.0,38000,0,38000,국개대표,사료/간식,회원
[에버홈] 쾌적한 실내생활 오감 미니 제습기,2023,59000,1,1,100.0,59000,59000,0,에버홈,계절가전/계절용품,회원
[스위스밀리터리] 피로를 날려버리는 간편한 접이식 족욕기,2023,80000,1,1,100.0,80000,80000,0,스위스밀리터리,생활가전,회원
[디볼베르] 에탄올 70% 함유 강력한 손소독제 500ml,2023,12400,1,0,0.0,12400,0,12400,디볼베르,욕실/세정/위생용품,할인불가
[대웅생명과학] 모기퇴치 멀티훈증기 리퀴드&패드 세트,2023,15900,1,1,100.0,15900,15900,0,대웅생명과학,계절가전/계절용품,회원
[쿨린] 870 공기청정 무선 써큘레이터,2023,146100,1,0,0.0,146100,0,146100,쿨린,계절가전/계절용품,할인불가
[쿨린] 005 허니콤 6인치 무선 선풍기,2023,25300,1,0,0.0,25300,0,25300,쿨린,계절가전/계절용품,회원
[쿨린] 004 6인치 탁상형 무선선풍기,2023,29900,1,0,0.0,29900,0,29900,쿨린,계절가전/계절용품,회원
[쉐입쉐입] 아세테이트 오버사이즈 뿔테 선글라스 4컬러,2023,128000,1,1,100.0,128000,128000,0,쉐입쉐입,패션/잡화,회원
[서해문집] 거의 모든 전쟁의 역사,2023,19500,1,0,0.0,19500,0,19500,서해문집,도서,회원
[300야드] 비거리 증가 발란스 인솔,2023,65500,1,0,0.0,65500,0,65500,300야드,패션/잡화,할인불가
[스위스밀리터리] 강력한 흡입력 아이봇 로봇청소기,2023,350000,1,0,0.0,350000,0,350000,스위스밀리터리,생활가전,회원
[위미] 인바디 체크용 그립핏 스마트 체중계,2023,85200,1,0,0.0,85200,0,85200,위미,건강용품,할인불가
[까사맘] 음식물 쓰레기 냉장고 3.5L,2023,198000,1,1,100.0,198000,198000,0,까사맘,주방가전,회원
[제스프리] 제주산 제스프리 골드키위선물세트,2023,40000,1,1,100.0,40000,40000,0,제스프리,농축산/과일/계란,회원
[온미당] 더욱 건강한 한과 선물세트,2023,64000,1,0,0.0,64000,0,64000,온미당,과자/간식/안주,회원
[용궁블루스] 연평도 숙성간장 암꽃게장 2-3미,2023,59000,1,0,0.0,59000,0,59000,용궁블루스,밥/반찬/요리,회원
[동원] 오메가 369 건강한 참치 선물세트 2종,2023,60000,1,0,0.0,60000,0,60000,동원,밥/반찬/요리,회원
농협안심 한우 등심 선물세트,2023,208000,1,0,0.0,208000,0,208000,Unknown,Unknown,Unknown
[SFC바이오] 소화흡수 프로젝트 닥터헬리파,2023,87000,1,1,100.0,87000,87000,0,SFC바이오,건강식품,회원
[염라대왕] 지옥에서 온 불타는 매운 라면,2023,11400,1,1,100.0,11400,11400,0,염라대왕,국/탕/찌개/면,회원
[제주의맛] 청정 제주 자연산 돌미역,2023,22000,1,0,0.0,22000,0,22000,제주의맛,수산/건어물/김,할인불가
[씨즐] 프리미엄 차돌박이 전복 관자 삼합구이 밀키트,2023,69000,1,0,0.0,69000,0,69000,씨즐,밥/반찬/요리,회원
[바베큐아저씨] 독일식 족발 슈바이네 학센,2023,22900,1,0,0.0,22900,0,22900,바베큐아저씨,밥/반찬/요리,할인불가
[앙팡] 츄어블 비타민D 1000 IU 130mg x 90정,2023,34900,1,0,0.0,34900,0,34900,앙팡,건강식품,회원
[액티브유] 터질듯한 자신감! 풀발373,2023,120000,1,1,100.0,120000,120000,0,액티브유,건강식품,회원
[이젠슬림] 저칼로리 건강한 도시락 쉐프의 혼밥 6종 세트,2023,79000,1,0,0.0,79000,0,79000,이젠슬림,밥/반찬/요리,할인불가
[리잇X밥애] 맛있게 짓는 밥 곤드레 쏙,2023,25000,1,0,0.0,25000,0,25000,리잇X밥애,농축산/과일/계란,회원
[굳닭] 부담없는 칼로리 닭가슴살 곤약 순대 200g,2023,17300,1,0,0.0,17300,0,17300,굳닭,밥/반찬/요리,회원
[EMPORIO ARMANI] 아르마니 기내용 캐리어 21인치,2023,225000,1,1,100.0,225000,225000,0,EMPORIO ARMANI,패션/잡화,회원
[칼라테레비] 슬라이드 수납함+양념통 SET,2023,10800,1,0,0.0,10800,0,10800,칼라테레비,주방잡화/용품,할인불가
[아이앤어스] New 3챔버 캡슐세제 50개입,2023,43000,1,1,100.0,43000,43000,0,아이앤어스,욕실/세정/위생용품,회원
[한일의료기] 코지아 인공지능 EMF 전기요,2023,149000,1,0,0.0,149000,0,149000,한일의료기,계절가전/계절용품,회원
[바리브] 드럼통 3in1 회전형 채칼,2023,49900,1,0,0.0,49900,0,49900,바리브,조리도구,회원
[에어드림] 7자형 매직 구름베개,2023,99000,1,1,100.0,99000,99000,0,에어드림,생활용품/차량용품/마스크,회원 + 비회원
[에코그린] 얇고 가벼운 충전식 카본 발열조끼,2023,69000,1,1,100.0,69000,69000,0,에코그린,패션/잡화,회원
[알레르망] 프리미엄 데런2 차렵이불,2023,330000,1,1,100.0,330000,330000,0,알레르망,생활용품/차량용품/마스크,회원
[알레르망] 프리미엄 에일2 차렵이불,2023,230000,1,0,0.0,230000,0,230000,알레르망,생활용품/차량용품/마스크,회원
[아모제] 겉바속촉 땅콩/고구마 맛탕,2023,24500,1,1,100.0,24500,24500,0,아모제,과자/간식/안주,회원
[잇디스낫댓] 고기함량 65% 치즈 미트볼 500g,2023,15000,1,0,0.0,15000,0,15000,잇디스낫댓,밥/반찬/요리,회원
[연미향]고구마앙금 가래떡 1.6kg,2023,33900,1,0,0.0,33900,0,33900,연미향,유제품/베이커리/떡,할인불가
[잉코] 뉴 프리미엄 슬림핏 온열 찜질기,2023,49900,1,0,0.0,49900,0,49900,잉코,계절가전/계절용품,회원
[수박상회] 리얼 100% 수박칩,2023,61500,1,1,100.0,61500,61500,0,수박상회,과자/간식/안주,회원
[코렐] 미스틱 그레이 식기 세트,2023,135500,1,0,0.0,135500,0,135500,코렐,수저/양식기,회원
[코렐] 트리버드 식기 세트,2023,56000,1,0,0.0,56000,0,56000,코렐,수저/양식기,회원
[핏테라] 무선고압 모터식 물대포 쏘고쏘고365,2023,198000,1,0,0.0,198000,0,198000,핏테라,생활용품/차량용품/마스크,회원
[란체티] 여성용 겨울 스포츠레져 방한장갑,2023,15900,1,0,0.0,15900,0,15900,란체티,패션/잡화,회원
[한삼인] 농협홍삼 발효홍삼 파워골드 50ml*20포,2023,195000,1,1,100.0,195000,195000,0,한삼인,Unknown,Unknown
[본죽] 냉장 파우치 200g*5개 세트(4종 선택),2023,26500,1,0,0.0,26500,0,26500,본죽,Unknown,Unknown
[서일농원] 서금례 명인의 프리미엄 청국장 3종 선물세트,2023,69000,1,0,0.0,69000,0,69000,서일농원,잼/오일/조미/장,회원
[비아북] 도리도리,2023,16000,1,0,0.0,16000,0,16000,비아북,도서,회원
[생각의길] 너무 재밌어서 잠 못 드는 해적의 세계사,2023,15800,1,0,0.0,15800,0,15800,생각의길,도서,회원
[창비] 아버지의 해방일지,2023,15000,1,0,0.0,15000,0,15000,창비,도서,회원
[힐링만세] 자연인에게 좋은 장신환,2023,498000,1,0,0.0,498000,0,498000,힐링만세,건강식품,회원 + 비회원
[포레스트북스] 그대 늙어가는 것이 아니라 익어가는 것이다,2023,15800,1,0,0.0,15800,0,15800,포레스트북스,도서,회원
[딥롤러] 고밀도 탑클래스 스트레칭 롤러 PU95 3종,2023,99000,1,0,0.0,99000,0,99000,딥롤러,건강용품,회원
[아렌시아] 두피& 피부용 크렘바 올인원바,2023,19500,1,0,0.0,19500,0,19500,아렌시아,욕실/세정/위생용품,할인불가
[미래북] 사랑의 결,2023,17000,1,0,0.0,17000,0,17000,미래북,도서,회원
[북로망스] 작은 별이지만 빛나고 있어,2023,15000,1,0,0.0,15000,0,15000,북로망스,도서,회원
[플레이버] 안심한우 (1++) 투플러스 등심 정육 세트 1.2kg,2023,99000,1,0,0.0,99000,0,99000,플레이버,농축산/과일/계란,회원
[우리아이키앤] 성장기 키크는 영양제 60포,2023,220000,1,0,0.0,220000,0,220000,우리아이키앤,건강식품,회원
[과채연구소] NFC 착즙 100% 건강즙 자색당근 주스,2023,93000,1,0,0.0,93000,0,93000,과채연구소,음료/차,회원
[마이프랜드] 리모컨 BLDC 에어로 타워팬 선풍기,2023,350000,1,0,0.0,350000,0,350000,마이프랜드,Unknown,Unknown
[보랄] 리모컨 3D 입체 에어써큘레이터 선풍기,2023,299000,1,0,0.0,299000,0,299000,보랄,계절가전/계절용품,회원
[비스카] 기계식 쿨 에어써큘레이터 선풍기,2023,119000,1,0,0.0,119000,0,119000,비스카,Unknown,Unknown
[이태리 로시] IH투톤레드 후라이팬 5종,2023,29900,1,0,0.0,29900,0,29900,이태리 로시,냄비/팬/솥,할인불가
[독일 세바메드] 리퀴드 페이스 앤 바디워시,2023,19800,1,0,0.0,19800,0,19800,독일 세바메드,세바메드,할인불가
[독일 세바메드] 페미닌 인티메이트 워시 Ph3.8,2023,9300,1,0,0.0,9300,0,9300,독일 세바메드,세바메드,할인불가
[독일 세바메드] 베이비 버블 바스,2023,11800,1,0,0.0,11800,0,11800,독일 세바메드,세바메드,할인불가
[독일 비스카] 진동 파동 초음파 세척기,2023,179800,1,1,100.0,179800,179800,0,독일 비스카,생활가전,회원
[에버홈] 듀얼 마늘 야채 다지기,2023,79000,1,0,0.0,79000,0,79000,에버홈,주방잡화/용품,회원
[야마야] 시그니처 소대창 미소볶음 밀키트,2023,27000,1,0,0.0,27000,0,27000,야마야,밥/반찬/요리,회원
[엔아이에프] 향미 가득 블랙트러플오일,2023,46800,1,0,0.0,46800,0,46800,엔아이에프,잼/오일/조미/장,할인불가
[상아제약] 6년근 상아녹용홍삼정 선물세트,2023,73800,1,0,0.0,73800,0,73800,상아제약,건강,회원
[플레이버] 배 선물세트,2023,89000,1,0,0.0,89000,0,89000,플레이버,식품,회원
[플레이버] 제스프리 골드키위 선물세트,2023,39800,1,1,100.0,39800,39800,0,플레이버,식품,회원
[플레이버] 제스프리 골드키위 선물세트,2023,39800,1,1,100.0,39800,39800,0,플레이버,식품,회원
[김녕해녀마을] 제주 수산물 선물세트 6종,2023,83000,1,0,0.0,83000,0,83000,김녕해녀마을,식품,할인불가
[플레이버] 명절 과일 혼합선물세트 8,2023,149000,1,0,0.0,149000,0,149000,플레이버,식품,회원
[플레이버] 명절 과일 혼합선물세트 5,2023,99000,1,0,0.0,99000,0,99000,플레이버,식품,회원
[경영푸드] 국내산 한돈 선물세트 2종,2023,60000,1,0,0.0,60000,0,60000,경영푸드,농축산/과일/계란,할인불가
[아임굿] '간'편한 기력회복 숙취해소 특허받은 과채음료,2024,239380,2734,90,3.291880029261156,654466100,22697300,631768800,아임굿,건강식품,회원
[전원집감자탕] 전주 유명 전원집 시래기 감자탕,2024,26240,2655,52,1.9585687382297552,69666000,1367600,68298400,전원집감자탕,국/탕/찌개/면,할인불가
[밥도둑푸드] 특허상품 노니 순살고등어 1팩 160g 내외,2024,5000,2001,28,1.3993003498250876,10005000,140000,9865000,밥도둑푸드,수산/건어물/김,회원
[밥도둑푸드] 간편한 전라도 우거지 된장 4인분 250g,2024,3500,1437,16,1.1134307585247043,5029500,56000,4973500,밥도둑푸드,국/탕/찌개/면,할인불가
[엔닥터스] 지리산 산양삼 추출원액 순 100% 산삼순백 1+1,2024,600000,1390,37,2.661870503597122,834000000,22200000,811800000,엔닥터스,건강,회원
[★새날] 기억하자! 이채양명주 디퓨저,2024,19900,1389,12,0.8639308855291578,27641100,238800,27402300,★새날,Unknown,Unknown
[웰스앤헬스] 국내산 토종 흑염소진액,2024,93960,1372,36,2.623906705539359,128913000,2997800,125915200,웰스앤헬스,건강,할인불가
[밥도둑푸드] 상큼한 밥도둑 양념 달래장 300g,2024,9900,1326,36,2.7149321266968327,13127400,356400,12771000,밥도둑푸드,밥/반찬/요리,회원
[명지명가] 가마솥 오곡 수제 누룽지,2024,24211,1280,19,1.484375,30990000,487000,30503000,명지명가,식품,할인불가
[웰스앤헬스] 식후 당관리 액상차 당당때문에,2024,78172,1233,19,1.5409570154095702,96386000,1403600,94982400,웰스앤헬스,건강,할인불가
[밥도둑푸드] 여수 가정식 열무 물김치 2종 3.5kg,2024,20800,1220,13,1.0655737704918031,25376000,270400,25105600,밥도둑푸드,김치/젓갈,할인불가
[방가네] 어머니의 정성과 손맛을 그대로 가마솥 국밥 4종,2024,10243,1058,20,1.890359168241966,10837600,210600,10627000,방가네,국/탕/찌개/면,회원
[제주네이쳐] 맛있는 양배추즙 30포,2024,42645,941,18,1.9128586609989373,40129350,794250,39335100,제주네이쳐,건강,할인불가
[셀핀다] 고순도 프리미엄 발효가바 100% 1500mg,2024,94121,750,13,1.7333333333333332,70591000,1395000,69196000,셀핀다,건강,회원
[찬스푸드] 푸짐하게 담아낸 명품 갈비탕 2종,2024,8112,688,0,0.0,5581300,0,5581300,찬스푸드,국/탕/찌개/면,회원
[뷰리앤헬스] 백세통밀 저칼로리 통곡물빵,2024,10287,650,4,0.6153846153846154,6686300,45500,6640800,뷰리앤헬스,건강식품,할인불가
[팔공산냉면] 대구 명물 팔공산 물냉면 비빔냉면 10인분,2024,8635,612,8,1.30718954248366,5284800,67200,5217600,팔공산냉면,국/탕/찌개/면,할인불가
[플레이버] 향긋하고 달콤한 산지직송 신선복숭아 신비복숭아,2024,27575,587,10,1.7035775127768311,16186300,266000,15920300,플레이버,식품,할인불가
[아리아나] 신이 내린 과일 석류 진액,2024,71600,568,14,2.464788732394366,40668800,1002400,39666400,아리아나,건강,회원
[대도] 깔끔 담백 국산 포기김치,2024,22498,502,8,1.593625498007968,11293800,172200,11121600,대도,김치/젓갈,할인불가
[밥도둑푸드] 싱싱한 전라도식 굴무침 600g,2024,40000,419,16,3.818615751789976,16760000,640000,16120000,밥도둑푸드,밥/반찬/요리,회원
[설잠수] 실키 프로바이오틱스 100억 유산균,2024,57682,390,8,2.051282051282051,22496000,453200,22042800,설잠수,건강,회원
[미녀마켓] 간편하게 즐기는 소(곱창/대창/막창/염통),2024,9692,354,2,0.5649717514124294,3430800,75800,3355000,미녀마켓,밥/반찬/요리,할인불가
[김덕수농가] 부산 대저 짭짤이 토마토,2024,27503,341,10,2.932551319648094,9378600,263600,9115000,김덕수농가,식품,할인불가
[국왕푸드] 20년 전통 이부자 갈비탕/한우국밥,2024,9821,336,4,1.1904761904761905,3300000,32000,3268000,국왕푸드,국/탕/찌개/면,회원
[이지마인드] 남성올인원 남한크림 100ml,2024,8500,333,2,0.6006006006006006,2830500,17000,2813500,이지마인드,뷰티/다이어트,할인불가
[명란시대] 프리미엄 명란 선물세트,2024,48790,324,9,2.7777777777777777,15807900,579400,15228500,명란시대,식품,회원
[대웅생명과학] 건강 관리의 모든 것 알티지오메가3 쏘팔메토 루테인 3종,2024,12832,323,9,2.786377708978328,4144700,122100,4022600,대웅생명과학,건강식품,할인불가
[밥도둑푸드] 전라도 가정식 파김치 1kg,2024,20000,322,5,1.5527950310559009,6440000,100000,6340000,밥도둑푸드,김치/젓갈,회원
[황석정꽃집] 3년생 왜성붓들레아 버터플라이 캔디 묘목,2024,45000,309,13,4.207119741100324,13905000,585000,13320000,황석정꽃집,가구/인테리어,회원
[다해농수산] 특별한 빛깔의 건강떡 무지개꽃 떡국떡,2024,6900,302,52,17.218543046357617,2083800,358800,1725000,다해농수산,유제품/베이커리/떡,할인불가
[김영사] 밥을 지어요,2024,17800,297,11,3.7037037037037033,5286600,195800,5090800,김영사,도서,회원
[셀핀다] 고순도 프리미엄 발효가바 100% 750mg,2024,52338,287,2,0.6968641114982579,15021000,78000,14943000,셀핀다,건강,회원
[제주네이쳐] 제주 프리미엄 흑돈으로 탄생시킨 정통 독일식 소시지,2024,5900,285,5,1.7543859649122806,1681500,29500,1652000,제주네이쳐,과자/간식/안주,할인불가
[엔닥터스] 지리산 산양삼 100% 산삼시대 1+1,2024,330000,277,6,2.166064981949458,91410000,1980000,89430000,엔닥터스,건강식품,회원
[고양진] 소문난 맛집 레시피로 만든 김치찌개 2~3인분,2024,22110,261,7,2.681992337164751,5770700,128500,5642200,고양진,국/탕/찌개/면,회원
[자연향기] 하동 녹차 명란김 24봉,2024,18000,248,7,2.82258064516129,4464000,126000,4338000,자연향기,수산/건어물/김,회원
[쥬빌레푸드] 국내산 쌀로만든 공주 알밤식빵,2024,21573,248,5,2.0161290322580645,5350200,114500,5235700,쥬빌레푸드,유제품/베이커리/떡,회원
[청국장명가] 30년 전통의 노하우 국산 청국장 된장 고추장 4종,2024,17276,239,10,4.184100418410042,4129000,163000,3966000,청국장명가,잼/오일/조미/장,할인불가
[밥도둑푸드] 만능양념파장 300g,2024,6700,234,1,0.4273504273504274,1567800,6700,1561100,밥도둑푸드,밥/반찬/요리,할인불가
[대도] 전라도 열무김치,2024,19832,232,7,3.0172413793103448,4601000,130000,4471000,대도,김치/젓갈,할인불가
[찬스푸드] 사위사랑 가득찬 닭다리 삼계탕,2024,8900,221,2,0.904977375565611,1966900,17800,1949100,찬스푸드,밥/반찬/요리,회원
[쿨나잇] 열대야를 잊다 엠보싱 냉감패드,2024,102600,220,5,2.272727272727273,22572000,532000,22040000,쿨나잇,계절가전/계절용품,회원
[무등산식당] 국내산 돼지갈비 묵은지 김치찜 1.2kg,2024,21156,216,6,2.7777777777777777,4569800,130000,4439800,무등산식당,국/탕/찌개/면,회원
[쥬빌레푸드] 하늘을 우러러 부끄럽지 않은 한우 편육,2024,20900,210,0,0.0,4389000,0,4389000,쥬빌레푸드,과자/간식/안주,회원
[찬스푸드] 손자사랑 도가니탕 600g,2024,9261,196,5,2.5510204081632653,1815200,43000,1772200,찬스푸드,식품,회원
[아이더테크] 다이어트엔 쾌변 플러스 10포,2024,42000,195,1,0.5128205128205128,8190000,42000,8148000,아이더테크,뷰티/다이어트,회원
[동추원] 육류명인이 만든 100% 한우보신국밥,2024,14522,195,12,6.153846153846154,2831700,123600,2708100,동추원,국/탕/찌개/면,회원
[무등산식당] 수제 양념 꽃갈비 LA갈비 800g,2024,28908,189,3,1.5873015873015872,5463600,90000,5373600,무등산식당,밥/반찬/요리,할인불가
[계백미트] 육즙팡팡 프리미엄 100% 소본갈비살,2024,32366,189,0,0.0,6117100,0,6117100,계백미트,농축산/과일/계란,회원
[엔닥터스] 금보다 귀한 산양산삼침향환-天壽천수 1+1,2024,600000,186,10,5.376344086021505,111600000,6000000,105600000,엔닥터스,건강,회원
[장수곰탕] 대전 유성 한우 장수 진곰탕국물,2024,29772,184,5,2.717391304347826,5478000,140000,5338000,장수곰탕,식품,회원
[이금선명인] 강원도 프리미엄 젓갈 7종,2024,25135,178,2,1.1235955056179776,4474000,50000,4424000,이금선명인,김치/젓갈,회원
[대도] 전라도 총각김치,2024,21145,166,4,2.409638554216868,3510000,71000,3439000,대도,김치/젓갈,할인불가
[빵굽는오남매] 41년 군산 명물 속편한 흰찰쌀보리 빵,2024,15810,161,2,1.2422360248447204,2545460,19500,2525960,빵굽는오남매,유제품/베이커리/떡,할인불가
[금강수림] 전통육개장 1kg 3인분,2024,15239,159,3,1.8867924528301887,2423000,45000,2378000,금강수림,국/탕/찌개/면,할인불가
[밥도둑푸드] 여수맛집 딱새우 된장찌개 2-3인분,2024,7700,149,2,1.342281879194631,1147300,15400,1131900,밥도둑푸드,국/탕/찌개/면,회원
[제주네이쳐] 두툼한 고기의 맛을 느낄 수 있는 프리미엄 수제돈까스,2024,5678,146,0,0.0,829000,0,829000,제주네이쳐,밥/반찬/요리,할인불가
[참도깨비어시장] 맑은 제주 바다에서 온 제주산 토막 은갈치,2024,11900,144,4,2.7777777777777777,1713600,47600,1666000,참도깨비어시장,수산/건어물/김,회원
[리만월] 40년전통 리만월 수제 쌀 소금빵 2종,2024,8654,138,0,0.0,1194200,0,1194200,리만월,유제품/베이커리/떡,할인불가
[사또건어물] 술을 부르는 마른안주 9종,2024,3988,137,8,5.839416058394161,546400,31200,515200,사또건어물,수산/건어물/김,할인불가
[플레이버] 향긋하고 달콤한 산지직송 대극천 납작 복숭아,2024,34524,133,8,6.015037593984962,4591700,335200,4256500,플레이버,식품,할인불가
[쥬빌레푸드] 완주산 생강 재배 진짜배기 유기농 편강생강진액,2024,13418,132,2,1.5151515151515151,1771200,27600,1743600,쥬빌레푸드,수산/건어물/김,할인불가
[이지마인드] 100시간 보습 달팽이크림 70ml,2024,12500,128,2,1.5625,1600000,25000,1575000,이지마인드,뷰티/다이어트,할인불가
[쥬빌레푸드] 봄 철 기운나게 하는 오리주물럭,2024,15900,127,4,3.149606299212598,2019300,63600,1955700,쥬빌레푸드,밥/반찬/요리,회원
[경영푸드] 소한마리 두근두근 세트,2024,39000,121,4,3.3057851239669422,4719000,156000,4563000,경영푸드,식품,할인불가
[쥬빌레푸드] 한번 맛보면 멈출 수 없는 쭈꾸미슐랭,2024,25900,120,2,1.6666666666666667,3108000,51800,3056200,쥬빌레푸드,밥/반찬/요리,할인불가
[불파네] 기가막힌 수제 화덕 피자 4종,2024,10697,117,2,1.7094017094017095,1251500,21800,1229700,불파네,유제품/베이커리/떡,회원
[대도] 전라도 갓김치,2024,20743,113,2,1.7699115044247788,2344000,51000,2293000,대도,김치/젓갈,할인불가
[제주농장] 밤맛이 나는 제주 미니 밤호박,2024,27696,112,4,3.571428571428571,3102000,106500,2995500,제주농장,식품,할인불가
[다해농수산] 프리미엄 완도 두번 구운 곱창김 5봉 (50매),2024,14900,111,0,0.0,1653900,0,1653900,다해농수산,수산/건어물/김,할인불가
[귀빈정] 쫀득한 고기/김치/새우/왕/군 만두,2024,7738,111,0,0.0,858900,0,858900,귀빈정,과자/간식/안주,할인불가
[미녀마켓] 직화 무뼈닭발 닭목살 2종,2024,7903,109,0,0.0,861400,0,861400,미녀마켓,과자/간식/안주,할인불가
[대도] 전라도 묵은지,2024,22848,105,1,0.9523809523809524,2399000,29000,2370000,대도,김치/젓갈,할인불가
[앙쥬] 프로페셔날 노니 솔루션 헤어 샴푸 750ml,2024,109857,105,10,9.523809523809524,11535000,1170000,10365000,앙쥬,욕실/세정/위생용품,회원
[사옹원] 한입 아삭김치전/땡초부추전,2024,3900,104,6,5.769230769230769,405600,23400,382200,사옹원,밥/반찬/요리,할인불가
[대도] 전라도 보쌈김치,2024,22851,101,2,1.98019801980198,2308000,64000,2244000,대도,김치/젓갈,할인불가
[참자연] 송이버섯 담은 고체육수 육수잘알,2024,7900,100,5,5.0,790000,39500,750500,참자연,잼/오일/조미/장,할인불가
[수준당] 청주 명물 빵연구소 수준당 수제빵,2024,32010,98,1,1.020408163265306,3137000,35000,3102000,수준당,유제품/베이커리/떡,할인불가
[욜드리] 탈모완화 욜드리 시니어 샴푸,2024,50000,96,0,0.0,4800000,0,4800000,욜드리,뷰티/다이어트,회원
[슬립앤슬립] 순수 오가닉 바디베개,2024,99000,96,4,4.166666666666666,9504000,396000,9108000,슬립앤슬립,생활,회원
[밥도둑푸드] 전라도식 양념갈치젓갈 500g,2024,9900,94,0,0.0,930600,0,930600,밥도둑푸드,김치/젓갈,할인불가
[쿨나잇] 열대야를 잊다 냉감 베개 커버,2024,24351,86,5,5.813953488372093,2094200,122500,1971700,쿨나잇,계절가전/계절용품,회원
[뽕의도리] 소문난 뽕잎 편육,2024,15618,85,0,0.0,1327500,0,1327500,뽕의도리,밥/반찬/요리,할인불가
[제주농장] 아삭아삭 달큰한 맛 제주 구좌 당근,2024,23160,83,0,0.0,1922300,0,1922300,제주농장,식품,할인불가
[경영푸드] 활 해산물 해신탕 세트,2024,39000,82,2,2.4390243902439024,3198000,78000,3120000,경영푸드,수산/건어물/김,할인불가
[다누앤] 힐링맥스 T-1 슬리퍼 / M-1 크록스형,2024,64751,82,3,3.658536585365853,5309600,199400,5110200,다누앤,패션/잡화,회원
[촌드레푸드] 국내산 청양고추로 맛을낸 매콤 코다리 조림,2024,19800,80,2,2.5,1584000,39600,1544400,촌드레푸드,밥/반찬/요리,회원
[경영푸드] 국내산 서해안 자연산 반건조 두절조기,2024,17000,80,3,3.75,1360000,51000,1309000,경영푸드,식품,할인불가
[밥도둑푸드] 가정식 여수 순살 꼬막 무침,2024,11487,79,0,0.0,907500,0,907500,밥도둑푸드,밥/반찬/요리,할인불가
[플레이버] 봄 향기 가득한 성주 참외,2024,44142,79,0,0.0,3487200,0,3487200,플레이버,식품,할인불가
[한빛식품] 부산의 명물 유부주머니와 어묵의 만남 유부전골,2024,8300,78,0,0.0,647400,0,647400,한빛식품,국/탕/찌개/면,할인불가
[연미향] 30년 전통 혼례음식 전문 국민간식 방울떡 4종,2024,28371,76,4,5.263157894736842,2156200,127600,2028600,연미향,유제품/베이커리/떡,할인불가
[경영푸드] 참다랑어 한마리 회필렛,2024,59000,76,2,2.631578947368421,4484000,118000,4366000,경영푸드,식품,할인불가
[경영푸드] 국내산 생물 암꽃게,2024,44146,76,6,7.894736842105263,3355100,266700,3088400,경영푸드,식품,할인불가
[씨가드] 의사가 만든 3중구조 베개 닥터필로,2024,110333,75,4,5.333333333333334,8275000,346000,7929000,씨가드,건강,회원
[무등산식당] 야들야들 부드러운 양념 소불고기,2024,8059,75,0,0.0,604400,0,604400,무등산식당,밥/반찬/요리,회원
[이지마인드] 그린토마토 모공앰플 50ml,2024,12000,73,0,0.0,876000,0,876000,이지마인드,뷰티/다이어트,할인불가
[경영푸드] 국내산 자연산 민어회 400g,2024,33000,72,1,1.3888888888888888,2376000,33000,2343000,경영푸드,식품,할인불가
[경영푸드] 해남 두백감자 1박스(10kg),2024,19900,71,3,4.225352112676056,1412900,59700,1353200,경영푸드,식품,할인불가
[플레이버] 국내산 자연 그대로의 단맛 수박주스 & 망고스틱,2024,43706,70,1,1.4285714285714286,3059400,33000,3026400,플레이버,음료/차,회원
[스파클] 천연 미네랄이 풍부한 무라벨 생수,2024,9167,70,2,2.857142857142857,641700,16200,625500,스파클,음료/차,할인불가
[나잇유] 새콤달콤 햇 청사과 썸머킹 아오리사과,2024,17334,70,1,1.4285714285714286,1213400,13700,1199700,나잇유,농축산/과일/계란,할인불가
[방떡] 대구의 명물 방촌시장 방촌떡볶이와 납작만두,2024,16941,68,0,0.0,1152000,0,1152000,방떡,과자/간식/안주,회원
[다모애] 기능성 탈모 테라피 골드 샴푸 헤어토닉,2024,22751,67,0,0.0,1524300,0,1524300,다모애,뷰티/다이어트,할인불가
[쥬빌레푸드] 조치원 복숭아 백도 말랑이 / 딱딱이 4kg,2024,43606,67,1,1.4925373134328357,2921600,40900,2880700,쥬빌레푸드,농축산/과일/계란,회원
[온리제주] 제주 돌문어와 딱새우를 통째로 담은 올레마켓 문딱라면,2024,12000,65,0,0.0,780000,0,780000,온리제주,국/탕/찌개/면,회원
[패밀리푸드] 3대째 이어오는 숙성 대구돼지막창 500g,2024,9419,63,0,0.0,593400,0,593400,패밀리푸드,밥/반찬/요리,할인불가
[경영푸드] 국내산 참치(참다랑어) 회필렛,2024,33900,63,1,1.5873015873015872,2135700,33900,2101800,경영푸드,식품,할인불가
[밥도둑푸드] 20년 전통 어머니 레시피를 그대로 밥꾹 추어탕,2024,5900,62,4,6.451612903225806,365800,23600,342200,밥도둑푸드,국/탕/찌개/면,할인불가
[동추원] 뼈에서 톡 떨어지는 부드러운 갈비살의 완벽한 한 상 소갈비찜,2024,13800,60,2,3.333333333333333,828000,27600,800400,동추원,밥/반찬/요리,회원
[아이프리] 식약처 정식승인 굿필링 KF-94 마스크,2024,25358,59,0,0.0,1496100,0,1496100,아이프리,생활용품/차량용품/마스크,회원
[체리마을] 초여름 새콤달콤 제철과일 경주 체리,2024,40041,59,3,5.084745762711865,2362400,99600,2262800,체리마을,식품,할인불가
[백봉오골계] 청정지역 춘천 백봉오골계 초란&유정란,2024,46859,58,3,5.172413793103448,2717800,142900,2574900,백봉오골계,Unknown,Unknown
[이지마인드] 피부진정 시카수분크림 150ml,2024,10500,57,0,0.0,598500,0,598500,이지마인드,뷰티/다이어트,할인불가
[육개장터] 80년 전통 오랜 시간 이어온 육개장 맛집 7종,2024,7247,57,1,1.7543859649122806,413100,25000,388100,육개장터,국/탕/찌개/면,회원
[경영푸드] 설날 국내산 1등급 한우 선물세트,2024,79900,57,2,3.508771929824561,4554300,159800,4394500,경영푸드,식품,할인불가
[삼광] 찐한 콩을 그대로 담은 진짜 찐두유,2024,34875,56,0,0.0,1953000,0,1953000,삼광,음료/차,할인불가
[골든밥] 황금빛 맛과 영양의 현미 쌀 골든밥 95% 4kg,2024,35071,56,0,0.0,1964000,0,1964000,골든밥,농축산/과일/계란,회원
[경영푸드] 국내산 냉동 암꽃게 1.5kg,2024,18900,56,7,12.5,1058400,132300,926100,경영푸드,식품,할인불가
[더루츠] 2대째 이어온 소백산 여왕 벌꿀,2024,69732,56,2,3.571428571428571,3905000,187000,3718000,더루츠,식품,회원
[여수올림] 100% 자연산 짱뚱어탕,2024,7900,55,0,0.0,434500,0,434500,여수올림,국/탕/찌개/면,할인불가
[23년 특품] 전북 단야 마을 밥맛 좋은 신동진 햅쌀,2024,23900,54,3,5.555555555555555,1290600,71700,1218900,23년 특품,식품,할인불가
[경영푸드] 국내산 한우 1++(9) 투뿔나인 모음전,2024,87358,53,5,9.433962264150944,4630000,441000,4189000,경영푸드,식품,할인불가
[상아제약] 상아 올데이 365 유산균,2024,9800,51,0,0.0,499800,0,499800,상아제약,건강식품,회원
[쥬빌레푸드] msg 없이 깔끔한 프리미엄 건어물 건슐랭,2024,19814,51,0,0.0,1010500,0,1010500,쥬빌레푸드,수산/건어물/김,할인불가
[웰로스] 코랄 칼슘 필터 주방용 정수필터 / 녹물제거 샤워기,2024,14667,51,9,17.647058823529413,748000,141000,607000,웰로스,욕실/세정/위생용품,할인불가
[밥도둑푸드] 알싸하게 매운 중독성 강한 땡초멸치비빔 250g,2024,9900,51,2,3.92156862745098,504900,19800,485100,밥도둑푸드,밥/반찬/요리,할인불가
[대도] 전라도 깍두기,2024,11776,49,1,2.0408163265306123,577000,9000,568000,대도,김치/젓갈,할인불가
[제주의맛] 하늘이 내린 향기 유기농 제주 햇 천혜향,2024,47212,49,3,6.122448979591836,2313400,146500,2166900,제주의맛,식품,할인불가
[바이오라이트] 프리미엄 하이브리드 차량용 와이퍼 발수코팅 실리콘,2024,14037,49,0,0.0,687800,0,687800,바이오라이트,생활용품/차량용품/마스크,할인불가
[영호수산] 목포산지 직송 국산&흑산도 홍어,2024,54429,48,1,2.083333333333333,2612600,96000,2516600,영호수산,수산/건어물/김,회원
[쎄븐업플러스] 송가인 7년산 철갑상어 캐비어 건강즙 진액,2024,545583,48,3,6.25,26188000,1842000,24346000,쎄븐업플러스,건강,회원
[경영푸드] 자연산 광어 회필렛,2024,23900,48,2,4.166666666666666,1147200,47800,1099400,경영푸드,식품,할인불가
[일산비빔국수] 원조 일산/김치/들깨 수제비 밀키트,2024,16404,47,5,10.638297872340424,771000,88000,683000,일산비빔국수,국/탕/찌개/면,할인불가
[경영푸드] 구룡포 과메기 야채세트,2024,35000,47,0,0.0,1645000,0,1645000,경영푸드,식품,할인불가
[밥도둑푸드] 땡초비빔된장 500g,2024,9500,46,1,2.1739130434782608,437000,9500,427500,밥도둑푸드,밥/반찬/요리,할인불가
[상아제약] 케어플러스+멀티비타민 42g(700mg*60정),2024,7800,46,0,0.0,358800,0,358800,상아제약,건강식품,회원
[인생약과] 제주 명소 우리 밀로 만든 수제 약과,2024,30000,46,2,4.3478260869565215,1380000,60000,1320000,인생약과,식품,회원
[멘톨릭스] 천연오일 퓨어 마사지 밤,2024,18900,46,0,0.0,869400,0,869400,멘톨릭스,뷰티/다이어트,회원
[쥬빌레푸드] 풍부한 과즙 좋은 당도 김천 인생자두,2024,28328,46,1,2.1739130434782608,1303100,22900,1280200,쥬빌레푸드,농축산/과일/계란,회원
[제주의맛] 산지직송 극강의 달콤함 레드향,2024,45378,45,2,4.444444444444445,2042000,75000,1967000,제주의맛,식품,할인불가
[동원] 양반 즉석밥 쌀/현미/흑미 24개입,2024,17500,44,2,4.545454545454546,770000,35000,735000,동원,밥/반찬/요리,회원 + 비회원
[루핀] 시어버터 핸드&바디로션 500ml,2024,15900,44,0,0.0,699600,0,699600,루핀,뷰티/다이어트,할인불가
[다솔푸드] 불향 가득 담은 직화구이 6종,2024,7500,43,0,0.0,322500,0,322500,다솔푸드,과자/간식/안주,할인불가
[의령소바] 24년 전통 현지 맛집 메밀 호빵 3종,2024,17733,42,0,0.0,744800,0,744800,의령소바,유제품/베이커리/떡,회원
[대도] 겨울철 별미 동치미김치,2024,18000,41,0,0.0,738000,0,738000,대도,김치/젓갈,할인불가
[제스프리] 뉴질랜드 프리미엄 골드키위,2024,41051,41,2,4.878048780487805,1683100,56800,1626300,제스프리,식품,할인불가
[글랜무어] 연꽃추출물 RSB 엑티브 선크림,2024,56550,40,1,2.5,2262000,52000,2210000,글랜무어,뷰티/다이어트,회원
[길몽X모씨네] 당진 전통시장 맛집 진한 닭곰탕 밀키트,2024,26275,40,0,0.0,1051000,0,1051000,길몽X모씨네,국/탕/찌개/면,회원
[밥도둑푸드] 전라도식 양념 오징어 젓갈 500g,2024,12900,39,1,2.564102564102564,503100,12900,490200,밥도둑푸드,김치/젓갈,회원
[홍미] 전참시 연예인이 사랑한 매운 불 직화 홍미닭발,2024,9674,39,0,0.0,377300,0,377300,홍미,과자/간식/안주,할인불가
[쥬빌레푸드] 굽지 않고 바로 먹는 쫄쫄이 오징어,2024,30000,39,0,0.0,1170000,0,1170000,쥬빌레푸드,수산/건어물/김,할인불가
[길몽] 당진 맛집 여름 별미 초계국수 / 물비빔 초계국수,2024,19416,38,0,0.0,737800,0,737800,길몽,국/탕/찌개/면,회원
[젤라또야] 프리미엄 아이스크림 젤라또 4종,2024,24392,38,1,2.631578947368421,926900,22900,904000,젤라또야,식품,할인불가
[금강수림] 민물 새우탕 1kg 3인분,2024,15568,37,0,0.0,576000,0,576000,금강수림,국/탕/찌개/면,할인불가
[바른장어] 100% 국내산 바른 민물장어 초벌구이 1kg,2024,90000,37,3,8.108108108108109,3330000,270000,3060000,바른장어,수산/건어물/김,회원
[윌리엄] 무설탕 자일리톨 스톤 캔디 6종,2024,9227,37,0,0.0,341400,0,341400,윌리엄,과자/간식/안주,회원
[라인에비히] 당케 FGF 콜라겐 파워 앰플 50ml,2024,59000,36,1,2.7777777777777777,2124000,59000,2065000,라인에비히,뷰티/다이어트,회원
[사또건어물] 고소한 홍진미/백진미 200g,2024,6208,36,4,11.11111111111111,223500,27600,195900,사또건어물,수산/건어물/김,할인불가
[경영푸드] 설날 반건조생선 10미 선물세트,2024,59900,36,0,0.0,2156400,0,2156400,경영푸드,식품,할인불가
[기다려온] 혼자서도 편하게 염색하는 7분 염모제,2024,39450,36,1,2.7777777777777777,1420200,35000,1385200,기다려온,뷰티/다이어트,회원
[밥도둑푸드] 여수 국내산 알배기 암꽃게장 3미,2024,41100,35,0,0.0,1438500,0,1438500,밥도둑푸드,밥/반찬/요리,회원
[라인에비히] 콜라겐 진정 시카톡 크림미스트 100ml,2024,49000,35,5,14.285714285714285,1715000,245000,1470000,라인에비히,뷰티/다이어트,회원
[대도] 전라도 새깻잎김치,2024,24429,35,3,8.571428571428571,855000,103000,752000,대도,김치/젓갈,할인불가
[제주의맛] 제주 하우스 한라봉,2024,38286,35,3,8.571428571428571,1340000,119000,1221000,제주의맛,식품,할인불가
[굳닭] 한입에 쏘옥 닭가슴살 볼 3종 100g*10팩,2024,16300,34,0,0.0,554200,0,554200,굳닭,과자/간식/안주,회원
[아이프리] 모던 규조토 발매트/욕실매트,2024,14071,34,0,0.0,478400,0,478400,아이프리,욕실/세정/위생용품,회원
[세인] 모짜렐라 자연치즈 구워먹는 치즈 250g,2024,6500,34,0,0.0,221000,0,221000,세인,과자/간식/안주,할인불가
[플레이버] 불포화 지방산이 풍부한 견과 5종,2024,4921,34,5,14.705882352941178,167300,22800,144500,플레이버,과자/간식/안주,회원
[설고당] 부드러운 생크림을 더한 촉촉한 풍미의 쌀 카스테라,2024,5221,34,0,0.0,177500,0,177500,설고당,유제품/베이커리/떡,할인불가
[쥬빌레푸드] 진품종자 인증된 맛 무주 찐 찰옥수수,2024,18900,34,4,11.76470588235294,642600,75600,567000,쥬빌레푸드,농축산/과일/계란,할인불가
[우리두리식혜] 우리쌀로 만든 수제 식혜 2종,2024,18627,33,0,0.0,614700,0,614700,우리두리식혜,음료/차,할인불가
[썬키스트] 고당도 프리미엄 블랙라벨 오렌지,2024,46139,33,2,6.0606060606060606,1522600,87900,1434700,썬키스트,식품,할인불가
[유기농맘] 제로슈거 유기농 한입에 뻥튀기 4종,2024,8900,33,0,0.0,293700,0,293700,유기농맘,과자/간식/안주,할인불가
[쥬빌레푸드] 씹을수록 풍미 대박 페스츄리 오징어 어부의명작,2024,17294,33,0,0.0,570700,0,570700,쥬빌레푸드,수산/건어물/김,회원
[아시아출판] 인간 이재명,2024,16500,32,0,0.0,528000,0,528000,아시아출판,도서,회원
[플레이버] 속초식 붉은대게 내장 딱지장,2024,12900,32,0,0.0,412800,0,412800,플레이버,밥/반찬/요리,회원
[삼일정육식당] 광주 곤지암 한우 소머리국밥 600g,2024,27706,32,2,6.25,886600,84200,802400,삼일정육식당,국/탕/찌개/면,회원
[경영푸드] 캐나다산 자숙 랍스타,2024,59000,32,1,3.125,1888000,59000,1829000,경영푸드,수산/건어물/김,할인불가
[금강수림] 한우 미역국 1kg 3인분,2024,17419,31,0,0.0,540000,0,540000,금강수림,국/탕/찌개/면,할인불가
[일산비빔국수] 원조 비빔국수/코다리 비빔국수/냉모밀 밀키트,2024,14387,31,1,3.225806451612903,446000,18000,428000,일산비빔국수,국/탕/찌개/면,할인불가
[우리푸른숲] 고농축 3%편백오일수 피톤치드 탈취제,2024,20255,31,0,0.0,627900,0,627900,우리푸른숲,욕실/세정/위생용품,회원
[무등산식당] 담백 고소한 국내산 쪽갈비 구이,2024,18358,31,0,0.0,569100,0,569100,무등산식당,밥/반찬/요리,회원
[쥬빌레푸드] 쫀득 담백한 스지 아롱사태 수육,2024,18100,31,0,0.0,561100,0,561100,쥬빌레푸드,밥/반찬/요리,할인불가
[상아제약] 케어플러스+100억 유산균 15g(500mg*30캡슐),2024,19900,31,6,19.35483870967742,616900,119400,497500,상아제약,건강식품,회원
[강고집] 국내산 고소한 구운닭 치킨 부위별 4종,2024,16520,30,0,0.0,495600,0,495600,강고집,밥/반찬/요리,회원
[경영푸드] 국내산 손질 냉동 목포 먹갈치,2024,31000,30,0,0.0,930000,0,930000,경영푸드,식품,할인불가
국내산 화개장터 재첩국 500g,2024,35517,29,4,13.79310344827586,1030000,160000,870000,Unknown,Unknown,Unknown
[더킴] 간편하게 즐기는 프리미엄 양꼬치,2024,10291,29,0,0.0,298440,0,298440,더킴,밥/반찬/요리,회원
[이지마인드] 아크네&지성 피부용 폼클렌징 200ml,2024,8000,29,0,0.0,232000,0,232000,이지마인드,뷰티/다이어트,할인불가
[바스틀리] 천연 밀짚 펄프 토일렛 휴지,2024,18900,29,0,0.0,548100,0,548100,바스틀리,욕실/세정/위생용품,할인불가
[숲속청계농장] 황태를 먹인 자연방목 청란 청계란,2024,36000,29,1,3.4482758620689653,1044000,36000,1008000,숲속청계농장,농축산/과일/계란,할인불가
[경영푸드] 활 횟감 갑오징어,2024,39000,29,1,3.4482758620689653,1131000,39000,1092000,경영푸드,식품,할인불가
[락앤락] 올 뉴 진공 쌀통 25kg 유무선 겸용,2024,80000,29,1,3.4482758620689653,2320000,80000,2240000,락앤락,주방,회원
[용문해장국] 소뼈/무뼈 가마솥 해장국  700g 3팩,2024,32114,28,0,0.0,899200,0,899200,용문해장국,국/탕/찌개/면,회원
[대도] 전라도 석박지,2024,12036,28,0,0.0,337000,0,337000,대도,김치/젓갈,할인불가
[강고집] 100% 국내산 닭다리로 만든 냉장 닭갈비 1kg,2024,19800,28,0,0.0,554400,0,554400,강고집,밥/반찬/요리,할인불가
[바닮] 고소하게 볶아낸 돌자반 볶음,2024,16021,28,0,0.0,448600,0,448600,바닮,밥/반찬/요리,회원
[귀빈정] 26년전통 명품 단호박 약과 1kg,2024,12900,28,2,7.142857142857142,361200,25800,335400,귀빈정,과자/간식/안주,회원
[상아제약] 케어플러스+비타민B 컴플렉스 21g(700mg*30정),2024,9900,28,0,0.0,277200,0,277200,상아제약,건강식품,회원
[플레이버] 만수르의 간식! 메드쥴 대추야자,2024,15461,28,0,0.0,432900,0,432900,플레이버,농축산/과일/계란,할인불가
[상주곶감] 자연이 말린 상주곶감 선물세트,2024,59521,28,1,3.571428571428571,1666600,45400,1621200,상주곶감,식품,할인불가
[히히네 키친] 100% 국내산 콩으로 정성스럽게 만든 맷돌 콩국수,2024,22000,28,1,3.571428571428571,616000,22000,594000,히히네 키친,국/탕/찌개/면,회원
[에코비엔디] 부드러운 논슬립 더블유 욕실화 2종,2024,9900,27,0,0.0,267300,0,267300,에코비엔디,욕실/세정/위생용품,회원
[경영푸드] 국내산 서해안 반건조 참조기,2024,21163,27,0,0.0,571400,0,571400,경영푸드,식품,할인불가
[바이오라이트] 차량용 에어컨 필터 자동차 히터 4계절 패키지 3개입,2024,25900,27,0,0.0,699300,0,699300,바이오라이트,생활용품/차량용품/마스크,회원
[흑염소의진심] 무항생제 흑염소 진액 4종,2024,80000,26,2,7.6923076923076925,2080000,160000,1920000,흑염소의진심,건강식품,할인불가
[국밥명인] 소고기/수육/한우/장어 국밥 4종,2024,7900,26,7,26.923076923076923,205400,55300,150100,국밥명인,국/탕/찌개/면,할인불가
[미식대장] 데리야끼/간장/양념 깐 새우장 3종,2024,15792,26,0,0.0,410600,0,410600,미식대장,밥/반찬/요리,할인불가
[플레이버] 하얗게 새벽을 밝히는 정성 1953 새벽 식혜 4종,2024,20846,26,3,11.538461538461538,542000,60000,482000,플레이버,음료/차,회원
[밥도둑푸드] 국내 자연산 반건조 민어 1팩 (30-35cm),2024,13900,25,0,0.0,347500,0,347500,밥도둑푸드,수산/건어물/김,회원
[한채] 고구마 명가의 꿀고구마 말랭이,2024,31340,25,1,4.0,783500,43100,740400,한채,과자/간식/안주,회원
[경영푸드] 국내산 자연산 활 대방어회,2024,31900,25,3,12.0,797500,95700,701800,경영푸드,식품,할인불가
[순미네] 대구 반고개 오징어 무침회,2024,35800,25,3,12.0,895000,112000,783000,순미네,식품,할인불가
[귀빈정] 26년 전통 수제 부대찌개 2~3인분,2024,12117,24,0,0.0,290800,0,290800,귀빈정,국/탕/찌개/면,할인불가
[경영푸드] 도다리쑥국 야채세트,2024,25900,24,2,8.333333333333332,621600,51800,569800,경영푸드,식품,할인불가
[대도] 전라도 오이소박이,2024,23391,23,0,0.0,538000,0,538000,대도,김치/젓갈,할인불가
[엘리사] 순수 국내산 원료 엘프로스 디퓨져 실내용 200ml,2024,11783,23,0,0.0,271000,0,271000,엘리사,생활용품/차량용품/마스크,할인불가
[박수갈비] 담양식 국내산 프리미엄 수제 양념돼지갈비1kg,2024,31913,23,0,0.0,734000,0,734000,박수갈비,농축산/과일/계란,회원 + 비회원
[플레이버] 과육 50% 수제 과일청 과일차 (1kg+1kg),2024,25000,23,0,0.0,575000,0,575000,플레이버,잼/오일/조미/장,회원
[용궁칼국수] 밀가루 0% 장단콩 소면/중면/칼국수면,2024,23000,23,0,0.0,529000,0,529000,용궁칼국수,국/탕/찌개/면,할인불가
[때가솔] 품격을 올려주는 퍼퓸드 비누 4종,2024,7200,23,0,0.0,165600,0,165600,때가솔,욕실/세정/위생용품,회원
[독일 세바메드] 올리브 페이스 앤 바디워시,2024,19800,23,12,52.17391304347826,455400,237600,217800,독일 세바메드,세바메드,할인불가
[블루워시] 전성분 EWG 올그린등급 캡슐세제,2024,28330,23,5,21.73913043478261,651600,63500,588100,블루워시,욕실/세정/위생용품,할인불가
[쥬빌레푸드] 국내최초개발 명란쭈꾸미와 넓적당면,2024,19900,23,0,0.0,457700,0,457700,쥬빌레푸드,밥/반찬/요리,회원
[대도] 전라도 얼갈이김치,2024,13045,22,0,0.0,287000,0,287000,대도,김치/젓갈,할인불가
[오성내추럴] 국내산 100% 방금 빻은 장미빛 고춧가루,2024,33073,22,1,4.545454545454546,727600,15800,711800,오성내추럴,농축산/과일/계란,회원
[용궁칼국수] 매콤함과 고소함의 중독성 용궁해물찜 밀키트,2024,29000,22,1,4.545454545454546,638000,29000,609000,용궁칼국수,식품,할인불가
[에브리홈] 건강지킴 세우는 슬라이더 지퍼백 1+1,2024,4519,21,0,0.0,94900,0,94900,에브리홈,주방잡화/용품,할인불가
[디유] 실크단백질 누에 비누,2024,25043,21,0,0.0,525900,0,525900,디유,욕실/세정/위생용품,회원
[찡어팩토리] 리얼 영화관 땅콩버터구이 오징어,2024,21181,21,0,0.0,444800,0,444800,찡어팩토리,과자/간식/안주,회원
[다누앤] 힐링맥스 워킹화 S-1,2024,153000,21,1,4.761904761904762,3213000,153000,3060000,다누앤,패션/잡화,회원
[경영푸드] 국내산 간장게장 중사이즈,2024,39000,21,1,4.761904761904762,819000,39000,780000,경영푸드,식품,할인불가
[금강수림] 바지락황태국 1kg 3인분,2024,14900,20,0,0.0,298000,0,298000,금강수림,국/탕/찌개/면,할인불가
[금강수림] 우리콩 청국장 1kg 3인분,2024,18700,20,1,5.0,374000,19000,355000,금강수림,국/탕/찌개/면,할인불가
[링크페어] 316스텐 위생 도마,2024,39800,20,1,5.0,796000,39800,756200,링크페어,조리도구,회원
[러빈마킨] 등산 필수 아이템 아웃도어 모자 3종,2024,9700,20,0,0.0,194000,0,194000,러빈마킨,패션/잡화,할인불가
[이남장] 정성이 담긴 두툼한 설렁탕,2024,11100,20,0,0.0,222000,0,222000,이남장,국/탕/찌개/면,할인불가
[플레이버] 청룡 기운 정월대보름 부럼 4구 선물세트&피땅콩,2024,11645,20,0,0.0,232900,0,232900,플레이버,과자/간식/안주,할인불가
[재미삼아] 음정 1도 올리기 목캔디,2024,18400,20,3,15.0,368000,44700,323300,재미삼아,건강식품,할인불가
[상아제약] 관절엔 상아마디마디 MSM 프리미엄(3개월),2024,46690,20,0,0.0,933800,0,933800,상아제약,건강,회원
[발로싹] 이젠 걸어다니며 청소해요! 발로싹 청소 슬리퍼,2024,39800,20,1,5.0,796000,39800,756200,발로싹,생활,회원
[밥도둑푸드] 전라도식 양념 낙지젓갈 500g,2024,26000,19,0,0.0,494000,0,494000,밥도둑푸드,김치/젓갈,회원
[대도] 전라도 백김치,2024,29158,19,0,0.0,554000,0,554000,대도,김치/젓갈,할인불가
[밥도둑푸드] 국내산 새우로 만든 깐 새우장 300g,2024,15000,19,0,0.0,285000,0,285000,밥도둑푸드,밥/반찬/요리,회원
[무등산식당] 매콤크림&매운 돼지갈비찜,2024,23247,19,0,0.0,441700,0,441700,무등산식당,밥/반찬/요리,회원
[스키너리즘] 남자의인생 올인원 클렌저 300ml,2024,25000,19,0,0.0,475000,0,475000,스키너리즘,뷰티/다이어트,회원
[미라클테이블] 강원도 DMZ 야생화꿀 선물세트 2종,2024,32500,19,0,0.0,617500,0,617500,미라클테이블,잼/오일/조미/장,회원
[쥬빌레푸드] 신맛 적은 고당도 카라카라 오렌지,2024,15900,19,3,15.789473684210526,302100,47700,254400,쥬빌레푸드,농축산/과일/계란,회원
[아이프리] 새부리형 V핏 굿필링 KF-AD 마스크,2024,26456,18,0,0.0,476200,0,476200,아이프리,생활용품/차량용품/마스크,회원
[사부타일랜드] 자연유래 버블 배스밤 거품 입욕제,2024,10900,18,0,0.0,196200,0,196200,사부타일랜드,욕실/세정/위생용품,회원
[엘리사] 최고의 발향력 엘프로스 디퓨져 차량용 130ml,2024,14824,17,0,0.0,252000,0,252000,엘리사,생활용품/차량용품/마스크,할인불가
[하루제주] 물한방울 없는 100% 제주 양배추즙,2024,44382,17,0,0.0,754500,0,754500,하루제주,건강식품,할인불가
[플레이버] 안심한우 실속세트4호 정육세트,2024,96294,17,0,0.0,1637000,0,1637000,플레이버,식품,할인불가
[제주청정마을] 제주 레드향 선물세트 3kg,2024,49500,17,5,29.411764705882355,841500,247500,594000,제주청정마을,식품,할인불가
[다해농수산] 이용식의 마당쇠 혼합 잡곡 3종,2024,25371,17,0,0.0,431300,0,431300,다해농수산,농축산/과일/계란,회원
[유니케어] 변기세정볼 변기세정액 세트,2024,28165,17,0,0.0,478800,0,478800,유니케어,욕실/세정/위생용품,회원
[쥬빌레푸드] 고당도 프리미엄 머스크메론,2024,18900,17,1,5.88235294117647,321300,18900,302400,쥬빌레푸드,농축산/과일/계란,회원
[오성내추럴] 방금 빻은 장미빛 2023년 햇고춧가루,2024,18875,16,1,6.25,302000,22000,280000,오성내추럴,농축산/과일/계란,할인불가
[씨스팡] 남성 건강을 위한 멀티맨케어,2024,45125,16,1,6.25,722000,53000,669000,씨스팡,건강식품,회원
[러빈마킨] 아웃도어 방수 접이식 포켓모자 6종,2024,11900,16,0,0.0,190400,0,190400,러빈마킨,패션/잡화,할인불가
[칼라테레비] 토네이도 샤워기+PVC에코호스,2024,29800,16,0,0.0,476800,0,476800,칼라테레비,욕실/세정/위생용품,회원
[엠씨랩] 박힌 냄새까지 없애는 냄새 제거제 퀵,2024,12800,16,0,0.0,204800,0,204800,엠씨랩,생활용품/차량용품/마스크,회원 + 비회원
[오대복] 밀가루NO 국제시장 통 모짜렐라 치즈 쌀어묵바 3종,2024,18313,16,0,0.0,293000,0,293000,오대복,과자/간식/안주,회원
[경영푸드] 국내산 특대사이즈 급냉 암꽃게,2024,49000,16,0,0.0,784000,0,784000,경영푸드,식품,할인불가
[제주네이쳐] 제주 프리미엄 흑돈으로 만든 명품 햄 육포 명절선물세트,2024,45000,16,0,0.0,720000,0,720000,제주네이쳐,과자/간식/안주,할인불가
[밥도둑푸드] 국내산 키조개관자 슬라이스 200g,2024,15900,15,0,0.0,238500,0,238500,밥도둑푸드,수산/건어물/김,회원
[핸인핸] 모노 심플 유광 이중 미세모 칫솔 8p,2024,10900,15,2,13.333333333333334,163500,21800,141700,핸인핸,욕실/세정/위생용품,할인불가
[황후의찬] 맛있는 저칼로리 곤약 쫀드기,2024,32300,15,0,0.0,484500,0,484500,황후의찬,과자/간식/안주,회원
[사또건어물] 말랑말랑 건조 오징어 장족,2024,18440,15,2,13.333333333333334,276600,37800,238800,사또건어물,수산/건어물/김,할인불가
[허니뱅크] 100% 국산 달코롬한 하동 벌집 200g,2024,11900,15,0,0.0,178500,0,178500,허니뱅크,농축산/과일/계란,할인불가
[칼라테레비] 쫀쫀한 마성의 족발 세트,2024,24300,15,2,13.333333333333334,364500,35800,328700,칼라테레비,과자/간식/안주,할인불가
[경영푸드] 국내산 반건조 오징어 특대사이즈,2024,49000,15,0,0.0,735000,0,735000,경영푸드,식품,할인불가
[웰로스] 음식 보관의 새로운 혁명! 신선식품용 숙성백,2024,23120,15,0,0.0,346800,0,346800,웰로스,생활용품/차량용품/마스크,회원
[라인에비히] 당케FGF 회복크림 50ml,2024,35036,14,2,14.285714285714285,490500,90000,400500,라인에비히,뷰티/다이어트,회원
[화아담] 씹고 뜯는 맛이 좋은 쪽갈비 매운맛/순한맛 1kg,2024,31786,14,0,0.0,445000,0,445000,화아담,농축산/과일/계란,회원 + 비회원
[더킴] 부드러운 어린양 램 100% 양고기 숄더랙&LA양갈비,2024,31200,13,0,0.0,405600,0,405600,더킴,밥/반찬/요리,회원
[김오곤원장] 침향녹용단 & 녹용홍삼스틱,2024,60338,13,1,7.6923076923076925,784400,79800,704600,김오곤원장,건강식품,할인불가
[리만월] 40년전통 대만 대왕카스테라 600g,2024,18754,13,0,0.0,243800,0,243800,리만월,유제품/베이커리/떡,할인불가
[닥터쏘울] 건강한 발 밸런스를 위한 특허 닥터쏘울 깔창 인솔,2024,118877,13,3,23.07692307692308,1545400,330400,1215000,닥터쏘울,건강용품,회원
[경영푸드] 국내산 반건조 참돔 5마리,2024,33000,13,0,0.0,429000,0,429000,경영푸드,식품,할인불가
[에브리홈] 항균 분리수거 비닐봉투 20~100L 택1,2024,12292,12,2,16.666666666666664,147500,26500,121000,에브리홈,생활용품/차량용품/마스크,회원
[피엘디크] 더 밀크 모이스쳐 바디로션/바디워시,2024,10900,12,1,8.333333333333332,130800,10900,119900,피엘디크,뷰티/다이어트,할인불가
[미식대장] 데리야끼/간장/양념 손질 게장 3종,2024,27733,12,2,16.666666666666664,332800,63800,269000,미식대장,밥/반찬/요리,할인불가
[경영푸드] 한우 1+등급 차돌박이,2024,13000,12,0,0.0,156000,0,156000,경영푸드,농축산/과일/계란,회원
[쫀슐랭] 달콤바삭 추억의맛 달고나 건빵,2024,25200,12,0,0.0,302400,0,302400,쫀슐랭,과자/간식/안주,회원
[쥬빌레푸드] 갈치속젓을 싸먹는 오독오독 일품 식감 곰피쌈밥,2024,9900,12,0,0.0,118800,0,118800,쥬빌레푸드,김치/젓갈,할인불가
[플레이버] 최고급 메드쥴 대추야자 선물세트,2024,47650,12,0,0.0,571800,0,571800,플레이버,식품,회원
[일동제약] 빠르게 흡수되는 액상 글루콘산마그네슘,2024,32585,12,0,0.0,391020,0,391020,일동제약,건강,회원
[폴라리스] 2024 국산 차량용 캠핑용 아이스박스 13L,2024,14400,12,0,0.0,172800,0,172800,폴라리스,생활용품/차량용품/마스크,회원
[쉬젤] 웰빙쿠커 인덕션 겸용 스테인리스 찜기,2024,91727,11,2,18.181818181818183,1009000,176000,833000,쉬젤,냄비/팬/솥,할인불가
[경영푸드] 신안지도산 최상급 햇추젓 가을 새우젓,2024,29300,11,0,0.0,322300,0,322300,경영푸드,수산/건어물/김,할인불가
[엠첵] 자동 전자혈압계 BMC-30,2024,90000,11,0,0.0,990000,0,990000,엠첵,건강,회원
[제주네이쳐] 요망진 ABC 주스 30포,2024,53500,10,0,0.0,535000,0,535000,제주네이쳐,건강식품,할인불가
[제주네이쳐] 석류하영 콜라겐 30포,2024,39300,10,1,10.0,393000,28500,364500,제주네이쳐,건강,할인불가
[제주네이쳐] 프리미엄 석류즙 30포,2024,52100,10,0,0.0,521000,0,521000,제주네이쳐,건강식품,할인불가
[금강수림] 한돈 고추장찌개 1kg 3인분,2024,16700,10,0,0.0,167000,0,167000,금강수림,국/탕/찌개/면,할인불가
"[오랄비] 구강케어 치실, 전동칫솔, 교정용칫솔 모음전",2024,5550,10,0,0.0,55500,0,55500,오랄비,욕실/세정/위생용품,할인불가
[대명] 좋은 습관 걸이형 제습제 케어프린,2024,29000,10,0,0.0,290000,0,290000,대명,생활용품/차량용품/마스크,회원
[흑염소의진심] 흑염소 흑심 불고기,2024,15000,10,0,0.0,150000,0,150000,흑염소의진심,농축산/과일/계란,할인불가
[의령황금메밀] 쫄깃쫄깃 건강한 쓴메밀 생면/칼국수면,2024,16300,10,0,0.0,163000,0,163000,의령황금메밀,국/탕/찌개/면,회원
[굳닭] 닭가슴살 흑현미 핫도그 10팩,2024,17500,10,0,0.0,175000,0,175000,굳닭,과자/간식/안주,회원
[리잇X밥애] 맛있게 짓는 밥 곤드레 쏙,2024,25000,10,0,0.0,250000,0,250000,리잇X밥애,농축산/과일/계란,회원
[아라홈] 세균No 도톰한 일회용 수세미,2024,28400,10,0,0.0,284000,0,284000,아라홈,주방잡화/용품,회원 + 비회원
[글랜무어] 연꽃추출물 RSB 엑티브 아이크림,2024,54600,10,0,0.0,546000,0,546000,글랜무어,뷰티/다이어트,회원
[쥬빌레푸드] 가장 맛있는 모둠 참치회 2종,2024,63900,10,2,20.0,639000,124800,514200,쥬빌레푸드,수산/건어물/김,할인불가
[리턴투네이처] 생분해 코마사 30수 제로웨이스트 타올(수건) 3종,2024,15400,10,5,50.0,154000,77000,77000,리턴투네이처,욕실/세정/위생용품,회원
[플레이버] 농협안심 사골보신 우족 꼬리반골 선물세트,2024,56000,10,2,20.0,560000,112000,448000,플레이버,식품,할인불가
[무릎펴] 뉴 열자기 지압 무릎펴 3000,2024,40240,10,1,10.0,402400,25900,376500,무릎펴,건강,할인불가
[제주농장] 풍부한 과즙! 진하고 단단한 제주산 레드비트,2024,18900,10,0,0.0,189000,0,189000,제주농장,식품,할인불가
[닥터리드엠] 성분 좋은 99% 입 냄새 제거 칫솔 치약세트,2024,60450,10,0,0.0,604500,0,604500,닥터리드엠,생활,회원
[자연농푸드] 밥지을때 넣어먹는 고급 영양나물밥 3종 선물세트,2024,15000,9,0,0.0,135000,0,135000,자연농푸드,밥/반찬/요리,할인불가
[링크페어] 스테인레스 칼 세트 8종,2024,119000,9,1,11.11111111111111,1071000,119000,952000,링크페어,조리도구,회원
[장우동] 정통우동/비빔납작만두/떡볶이 3종,2024,13967,9,1,11.11111111111111,125700,11900,113800,장우동,국/탕/찌개/면,회원
[의령황금메밀] 친환경으로 직접 재배한 쓴메밀국수 세트 5종,2024,12889,9,0,0.0,116000,0,116000,의령황금메밀,국/탕/찌개/면,회원
[이젠슬림] 껍질 없는 미니 통통 구운 감자,2024,22500,9,0,0.0,202500,0,202500,이젠슬림,과자/간식/안주,회원
[포항죽도시장] 맑은 아귀탕 밀키트 2~3인분,2024,18011,9,0,0.0,162100,0,162100,포항죽도시장,국/탕/찌개/면,회원
[보국] 전자식 스타일리스 휴대용 미니 냉풍기,2024,40000,9,0,0.0,360000,0,360000,보국,계절가전/계절용품,회원
[신기한방] 지긋지긋한 초파리 잘가 bye,2024,16689,9,0,0.0,150200,0,150200,신기한방,생활용품/차량용품/마스크,할인불가
[플레이버] 사과 배 혼합세트4호,2024,95000,9,0,0.0,855000,0,855000,플레이버,식품,회원
[에브리홈] 건강지킴 위생백 100매 1+1,2024,2725,8,0,0.0,21800,0,21800,에브리홈,주방잡화/용품,할인불가
[에브리홈] 건강지킴 위생장갑 400매 1+1,2024,7500,8,0,0.0,60000,0,60000,에브리홈,주방잡화/용품,할인불가
[제주네이쳐] 맛있는 유기농 여주즙 30포,2024,44500,8,0,0.0,356000,0,356000,제주네이쳐,건강식품,할인불가
[네이처스케어] 아침사랑생식85 1개월분/검은콩 오트밀 비오틴 코코넛슈가함유/미숫가루보다고소한맛,2024,55000,8,0,0.0,440000,0,440000,네이처스케어,Unknown,Unknown
[드림하트] 100% 천연 라텍스 기능성 깔창 인솔&패드,2024,14125,8,0,0.0,113000,0,113000,드림하트,패션/잡화,할인불가
[덴탈닥터] 부드러운 178개 실리콘 모 칫솔 3개 세트,2024,7900,8,0,0.0,63200,0,63200,덴탈닥터,욕실/세정/위생용품,할인불가
[아이프리] 에탄올 62% 더 클린 손 소독 티슈,2024,11325,8,0,0.0,90600,0,90600,아이프리,욕실/세정/위생용품,할인불가
[메디미플러스] 해충박멸 30년 전통 신기패,2024,9900,8,0,0.0,79200,0,79200,메디미플러스,생활용품/차량용품/마스크,할인불가
[플레이버] 최고급 대추야자&견과 선물세트,2024,45625,8,0,0.0,365000,0,365000,플레이버,농축산/과일/계란,할인불가
[용궁칼국수] 밀가루 0% 파주 맛집 칼국수 밀키트,2024,33000,8,0,0.0,264000,0,264000,용궁칼국수,국/탕/찌개/면,할인불가
[댕기머리] 7분 동안 새치 염색 염모제 3컬러,2024,38900,8,0,0.0,311200,0,311200,댕기머리,뷰티/다이어트,회원
[우리아이키앤] 성장기 키크는 영양제 60포,2024,234500,8,0,0.0,1876000,0,1876000,우리아이키앤,건강식품,회원
[보만] 백전백승 충전식 모기채,2024,20800,8,0,0.0,166400,0,166400,보만,계절가전/계절용품,할인불가
[아크네엑시트] 당신을 위한 진짜 여드름 폼클렌징 스피큘링,2024,61750,8,0,0.0,494000,0,494000,아크네엑시트,뷰티/다이어트,회원
[몸애조화] 실속/능이버섯/홍삼 삼계탕 재료 3종,2024,7250,8,0,0.0,58000,0,58000,몸애조화,잼/오일/조미/장,회원
[상아제약] 상아데일리 멀티비타민 42g(700mg*60정),2024,17900,8,0,0.0,143200,0,143200,상아제약,건강식품,회원
[상아제약] 로얄 프로폴리스 108g(1200mg*90정),2024,10800,8,0,0.0,86400,0,86400,상아제약,건강식품,회원
[경영푸드] 가성비 돼지 등갈비,2024,39000,8,2,25.0,312000,78000,234000,경영푸드,식품,할인불가
[경영푸드] 설날 손질 생선포 전감 모음전,2024,20375,8,0,0.0,163000,0,163000,경영푸드,식품,할인불가
[경영푸드] 설날 영광 법성포 굴비 선물세트,2024,59900,8,0,0.0,479200,0,479200,경영푸드,식품,할인불가
[바이빔] 신소재 익스트림 냉감 바디 필로우,2024,139000,8,0,0.0,1112000,0,1112000,바이빔,생활용품/차량용품/마스크,회원
[폴라로이드] 놀랍도록 아름다운 당신의 일상을 위한 텀블러,2024,34250,8,0,0.0,274000,0,274000,폴라로이드,생활용품/차량용품/마스크,회원
[안동인] 안동에서 온 황금 레시피 안동찜닭,2024,23000,7,0,0.0,161000,0,161000,안동인,밥/반찬/요리,할인불가
[바닮] 고소하게 볶아낸 돌자반 볶음 70g*20봉,2024,52000,7,0,0.0,364000,0,364000,바닮,밥/반찬/요리,회원
[경영푸드] 국내산 자연산 반건조 박대 5마리,2024,30000,7,0,0.0,210000,0,210000,경영푸드,식품,할인불가
[경영푸드] 국내산 반건조 우럭 3마리,2024,45000,7,1,14.285714285714285,315000,45000,270000,경영푸드,식품,할인불가
[제주청정마을] 제주 한라봉 선물세트 3kg,2024,39700,7,2,28.57142857142857,277900,79400,198500,제주청정마을,식품,할인불가
[가득찬푸드] 잎새 꿩만두 600g,2024,9900,6,0,0.0,59400,0,59400,가득찬푸드,밥/반찬/요리,회원
[금강수림] 한우 소고기무국 1kg 3인분,2024,16833,6,0,0.0,101000,0,101000,금강수림,국/탕/찌개/면,할인불가
[샤인룩] 최고급 프리미엄 극세사 김서림방지 안경닦이,2024,16000,6,1,16.666666666666664,96000,18000,78000,샤인룩,생활용품/차량용품/마스크,할인불가
[씨가드] 의사가 만든 허리쿠션 룸바&드라이빙 허리쿠션 룸바S,2024,55000,6,0,0.0,330000,0,330000,씨가드,생활,회원
[초의차] 세상을 향기롭게 하는 초의꽃차 6종 세트,2024,35000,6,0,0.0,210000,0,210000,초의차,음료/차,할인불가
[의령황금메밀] 직접 재배한 메밀로 만든 황금미소 세트,2024,19500,6,0,0.0,117000,0,117000,의령황금메밀,국/탕/찌개/면,할인불가
[사옹원] 고소한 매콤 오징어/고추 튀김,2024,5900,6,3,50.0,35400,17700,17700,사옹원,밥/반찬/요리,할인불가
[독일 세바메드] 안티 헤어로스 샴푸,2024,8700,6,0,0.0,52200,0,52200,독일 세바메드,뷰티/다이어트,할인불가
[경영푸드] 신안 최고등급 특품 육젓 새우젓,2024,55000,6,0,0.0,330000,0,330000,경영푸드,수산/건어물/김,할인불가
[바스틀리] 천연 대나무 펄프 게런티드 트레블 포켓 티슈,2024,4900,6,0,0.0,29400,0,29400,바스틀리,바스틀리,할인불가
[바스틀리] 천연 밀짚 펄프 소프트 키친타올,2024,17900,6,2,33.33333333333333,107400,35800,71600,바스틀리,주방잡화/용품,할인불가
[여민락] 오븐에 구운 수제 넛바 견과류세트,2024,30000,6,0,0.0,180000,0,180000,여민락,과자/간식/안주,할인불가
[상아제약] 상아데일리 비타민D 42g(700mg),2024,17000,6,0,0.0,102000,0,102000,상아제약,건강식품,회원
[햇시루] 우유 앙금과 우유 생크림이 가득한 아이스 찰떡 모찌,2024,19400,6,0,0.0,116400,0,116400,햇시루,유제품/베이커리/떡,할인불가
[쥬빌레푸드] 두 가지 소스와 같이 먹는 푸주 홍게 어묵탕,2024,26900,6,1,16.666666666666664,161400,26900,134500,쥬빌레푸드,국/탕/찌개/면,할인불가
[제주청정마을] 제주 천혜향 선물세트 3kg,2024,43900,6,2,33.33333333333333,263400,87800,175600,제주청정마을,식품,할인불가
★[밥도둑푸드] 상큼한 밥도둑 양념 달래장 300g,2024,9900,6,0,0.0,59400,0,59400,밥도둑푸드,밥/반찬/요리,회원
[강고집] 오대창볶음 마라맛 2인분,2024,21000,6,0,0.0,126000,0,126000,강고집,밥/반찬/요리,회원
[칼라테레비] 깨지지 않는 스테인리스 와인잔 350ml,2024,11900,6,0,0.0,71400,0,71400,칼라테레비,생활,할인불가
건강한 치아관리 더콘가글Q 500ml,2024,15000,5,0,0.0,75000,0,75000,Unknown,Unknown,Unknown
[박장대소] 달지않은 치악산 청정지역 복숭아잼/오디잼 선물세트,2024,25000,5,0,0.0,125000,0,125000,박장대소,Unknown,Unknown
[모미건] 튀기지 않고 구워만든 건강스낵 현미칩&콘칩 200g,2024,24000,5,0,0.0,120000,0,120000,모미건,과자/간식/안주,회원
[제주의맛] 제주 흑돼지와 멜젓 선물세트,2024,100800,5,4,80.0,504000,432000,72000,제주의맛,식품,할인불가
[프리지아] 오일텐 포밍헤어컬러 브러쉬형 염색약,2024,10700,5,0,0.0,53500,0,53500,프리지아,뷰티/다이어트,할인불가
"[캠핑밥상] 30년 부산명물, 한우곱창 낙곱새 2인분",2024,17900,5,1,20.0,89500,17900,71600,캠핑밥상,밥/반찬/요리,할인불가
[하냥농부] 국내산 거창 사과즙 그 두번째 이야기,2024,37000,5,1,20.0,185000,37000,148000,하냥농부,음료/차,회원
[언박싱팩토리] 헤어샵용 두피 실리콘 브러쉬 1+1,2024,17800,5,0,0.0,89000,0,89000,언박싱팩토리,욕실/세정/위생용품,회원
[키츠인포레스트] 자연 향기 바디워시 390ml,2024,37160,5,1,20.0,185800,44000,141800,키츠인포레스트,욕실/세정/위생용품,회원
[후룻앤고] 부드러운 건망고 80g,2024,3900,5,5,100.0,19500,19500,0,후룻앤고,과자/간식/안주,회원
[사또건어물] 오동통 쫄깃한 자숙 오징어 통족,2024,12000,5,0,0.0,60000,0,60000,사또건어물,수산/건어물/김,할인불가
[착한농부] 맑아지는 레시피 티백 쑥혈차,2024,11000,5,0,0.0,55000,0,55000,착한농부,음료/차,할인불가
[엘로보] 강렬한 첫사랑의 향기 차량용 디퓨저 13종,2024,13000,5,1,20.0,65000,13000,52000,엘로보,생활용품/차량용품/마스크,할인불가
[이로웁다] 가벼워지는 CUT 커피 당당컷피,2024,57400,5,0,0.0,287000,0,287000,이로웁다,뷰티/다이어트,회원
[벨르로더] 깨끗하게 맑게 두피 스케일러,2024,29900,5,1,20.0,149500,29900,119600,벨르로더,욕실/세정/위생용품,회원
[바스틀리] 천연 밀짚 펄프 키친타올,2024,8400,5,0,0.0,42000,0,42000,바스틀리,주방잡화/용품,할인불가
[미식대가] 얼큰 칼칼한 한우 대창 전골,2024,14900,5,0,0.0,74500,0,74500,미식대가,국/탕/찌개/면,할인불가
[아렌시아] 프리미엄 친환경 1종 안심 주방 세제 3종,2024,10900,5,0,0.0,54500,0,54500,아렌시아,주방잡화/용품,할인불가
"[리잇X밥애] 칼로리 Down, 맛은 Up! 현미/귀리 곤약밥",2024,19400,5,0,0.0,97000,0,97000,리잇X밥애,밥/반찬/요리,회원
[백조씽크] 배수 가능한 스텐 배수구 커버,2024,35000,5,0,0.0,175000,0,175000,백조씽크,주방잡화/용품,회원
[독일 세바메드] 모이스처라이징 바디로션,2024,16700,5,0,0.0,83500,0,83500,독일 세바메드,세바메드,할인불가
[강릉엄지네] 쫄깃쫄깃 꼬막무침 밀키트,2024,23000,5,2,40.0,115000,46000,69000,강릉엄지네,밥/반찬/요리,할인불가
[눈떠아] 허리를 위한 완벽한 휴식 메모리폼 매트리스,2024,110500,5,0,0.0,552500,0,552500,눈떠아,유아동/완구/매트,할인불가
[플레이버] 여주산 GAP인증 생버섯 송이고 버섯 선물세트,2024,55000,5,4,80.0,275000,220000,55000,플레이버,식품,회원
[플레이버] 여주산 GAP인증 생버섯 송이고 버섯 선물세트,2024,55000,5,4,80.0,275000,220000,55000,플레이버,식품,회원
[미온바이오] 닥터삼한끼 1box 30포,2024,99000,4,0,0.0,396000,0,396000,미온바이오,Unknown,Unknown
[에브리홈] 건강지킴 롤백 1+1,2024,7500,4,0,0.0,30000,0,30000,에브리홈,주방잡화/용품,할인불가
[에브리홈] 건강지킴 안터지는 2중 지퍼백 1+1,2024,2800,4,0,0.0,11200,0,11200,에브리홈,주방잡화/용품,할인불가
[금강수림] 인삼 장어탕 1kg 3인분,2024,16000,4,0,0.0,64000,0,64000,금강수림,국/탕/찌개/면,할인불가
"[파워닭] 안심스럽닭, 함닭스테이크, 닭가슴살 소시지",2024,19500,4,0,0.0,78000,0,78000,파워닭,과자/간식/안주,할인불가
[링크페어] 아론 포스코 304스텐 냄비세트 3종 세트,2024,398000,4,1,25.0,1592000,398000,1194000,링크페어,냄비/팬/솥,회원
[제주네이쳐] 달콤함을 담은 제주과자 4종,2024,35500,4,0,0.0,142000,0,142000,제주네이쳐,과자/간식/안주,할인불가
[바롬] 오늘부터 석류콜라겐 젤리스틱,2024,14900,4,0,0.0,59600,0,59600,바롬,뷰티/다이어트,할인불가
[오쿠스노] 태국 과자 1위 리얼 새우머리 스낵 3가지맛,2024,15000,4,0,0.0,60000,0,60000,오쿠스노,과자/간식/안주,회원
[플레이버] 와인안주 플래터 선물세트,2024,46000,4,0,0.0,184000,0,184000,플레이버,식품,회원
[씨스팡] 가르시니아 늘비움 다이어트,2024,120000,4,0,0.0,480000,0,480000,씨스팡,뷰티/다이어트,회원
[초의차] 명인의 진향&연향 100티백,2024,50000,4,0,0.0,200000,0,200000,초의차,음료/차,회원
[플레이버] 과일차 과일청 선물세트,2024,33000,4,0,0.0,132000,0,132000,플레이버,식품,회원
[한백푸드] 매콤한 팔당오징어/알마니알찜,2024,29050,4,3,75.0,116200,84100,32100,한백푸드,밥/반찬/요리,회원
[이로웁다] 편안한 시너지를 위한 효소로움(석류맛),2024,52000,4,3,75.0,208000,156000,52000,이로웁다,뷰티/다이어트,회원
[벨르로더] 눈가 주름 개선 시크릿 아이롤온,2024,21000,4,0,0.0,84000,0,84000,벨르로더,뷰티/다이어트,회원
[온니포유] 의사가 만든 질 건강 유산균 와이라노,2024,39425,4,0,0.0,157700,0,157700,온니포유,건강식품,할인불가
[오성] 방향성이 좋은 야광 멀티 골프 티,2024,18000,4,0,0.0,72000,0,72000,오성,패션/잡화,회원
[독일 세바메드] 리퀴드 페이스 앤 바디워시,2024,19800,4,0,0.0,79200,0,79200,독일 세바메드,세바메드,할인불가
[피토페시아] 돋보적인 쿨링감 헤어부스팅 샴푸,2024,35000,4,0,0.0,140000,0,140000,피토페시아,뷰티/다이어트,회원
[아이더테크] 올인원 마이크로 버블 비누,2024,45000,4,0,0.0,180000,0,180000,아이더테크,욕실/세정/위생용품,회원 + 비회원
[바스틀리] 천연 대나무 펄프 게런티드 로션 페이셜 티슈,2024,13200,4,0,0.0,52800,0,52800,바스틀리,바스틀리,할인불가
[리턴투네이처] 생분해 향균 PLA 망사/일회용 수세미 2종,2024,28750,4,0,0.0,115000,0,115000,리턴투네이처,주방잡화/용품,회원
[넛토리] 충북 영동 명품곶감세트 3종,2024,76400,4,0,0.0,305600,0,305600,넛토리,식품,회원
[경영푸드] 반건조 부세조기 3마리,2024,33000,4,0,0.0,132000,0,132000,경영푸드,식품,할인불가
[경영푸드] 국내산 바다 장어,2024,24000,4,0,0.0,96000,0,96000,경영푸드,식품,할인불가
[경영푸드] 국내산 안동 부사사과,2024,35900,4,0,0.0,143600,0,143600,경영푸드,식품,할인불가
[안심생활] 국산 굴껍질로 만든 친환경 야채 과일 세정제 담금,2024,13550,4,0,0.0,54200,0,54200,안심생활,욕실/세정/위생용품,회원
[쥬빌레푸드] 빈타이 포타 프리미엄 베트남 소고기 쌀국수,2024,12000,4,0,0.0,48000,0,48000,쥬빌레푸드,국/탕/찌개/면,할인불가
[먹꾼] 동결건조해서 한 번 더 바삭한 끝판왕 먹태,2024,4100,4,0,0.0,16400,0,16400,먹꾼,과자/간식/안주,할인불가
[플레이버] 사과 선물세트 2종,2024,93000,4,0,0.0,372000,0,372000,플레이버,식품,회원
[플레이버] 안심한우 후레쉬 3호,2024,209000,4,0,0.0,836000,0,836000,플레이버,식품,할인불가
[다누앤] 힐링맥스 아동 실내화 K-1,2024,59000,4,0,0.0,236000,0,236000,다누앤,패션/잡화,회원
탈모완화 기능성 샴푸 털털샴푸 400ml,2024,38000,3,0,0.0,114000,0,114000,Unknown,Unknown,Unknown
[제주네이쳐] 유기농 레드비트 진액 30포,2024,33167,3,1,33.33333333333333,99500,25500,74000,제주네이쳐,건강식품,할인불가
[생각의길] 어떻게 살 것인가,2024,15000,3,0,0.0,45000,0,45000,생각의길,도서,회원
[신키네도] 수제 슈퍼스타 롤케이크 5종,2024,8500,3,1,33.33333333333333,25500,4500,21000,신키네도,유제품/베이커리/떡,할인불가
[바먹] 고소한 돼지고기 특수부위 4종,2024,11900,3,3,100.0,35700,35700,0,바먹,농축산/과일/계란,회원
[신화인터글로벌] 맛과 재미를 더하다 폭풍 닭볶이 2인분,2024,12900,3,3,100.0,38700,38700,0,신화인터글로벌,밥/반찬/요리,회원
[에브리딜] 레브온워시 강력한 고체발포세제,2024,38000,3,1,33.33333333333333,114000,38000,76000,에브리딜,욕실/세정/위생용품,회원
[합정상회] 스테이 포지티브 팔로산토 스머지스틱,2024,11867,3,0,0.0,35600,0,35600,합정상회,가구/인테리어,할인불가
[플레이버] 쫄깃쫄깃 향긋한 무농약 송이고 버섯,2024,21867,3,0,0.0,65600,0,65600,플레이버,농축산/과일/계란,할인불가
[네오스핀] 고생 끝! 무선 욕실 청소기,2024,64900,3,0,0.0,194700,0,194700,네오스핀,욕실/세정/위생용품,회원
[과채연구소] NFC 착즙 100% 건강즙 자색당근 사과 주스,2024,51900,3,1,33.33333333333333,155700,51900,103800,과채연구소,음료/차,회원
[보만] 입자조절 자동 양념 그라인더,2024,12800,3,3,100.0,38400,38400,0,보만,주방잡화/용품,할인불가
[바스틀리] 천연 대나무 펄프 게런티드 페이셜 갑티슈,2024,10500,3,0,0.0,31500,0,31500,바스틀리,바스틀리,회원 + 비회원
[리턴투네이처] 초록습관 생분해 샤워타올/샤워볼,2024,13333,3,0,0.0,40000,0,40000,리턴투네이처,욕실/세정/위생용품,회원
[지영옥] 국내산 닭다리 정육 통살닭구이 3종,2024,14900,3,1,33.33333333333333,44700,14900,29800,지영옥,밥/반찬/요리,회원
[경영푸드] 국내산 반건조 통치 민어 5마리,2024,35000,3,0,0.0,105000,0,105000,경영푸드,식품,할인불가
[칼라테레비] 아크릴 냉장고 스케줄 보드 + 보드 마카(6Color) 세트,2024,11900,3,0,0.0,35700,0,35700,칼라테레비,생활용품/차량용품/마스크,할인불가
[밥도둑푸드] 가정식 완도 수제 전복장 실속형 1kg (9미내외),2024,24900,2,0,0.0,49800,0,49800,밥도둑푸드,밥/반찬/요리,할인불가
[제주네이쳐] 알로에하영 30포,2024,28500,2,2,100.0,57000,57000,0,제주네이쳐,건강식품,할인불가
[동문가채] 디어진저 프리미엄 수제 생강청,2024,31500,2,1,50.0,63000,35000,28000,동문가채,음료/차,할인불가
[돌베개] 유시민 거꾸로 읽는 세계사,2024,17500,2,0,0.0,35000,0,35000,돌베개,도서,회원
[캠핑밥상] 조개의 감칠맛과 깊이를 더한 봉골레 파스타,2024,15900,2,2,100.0,31800,31800,0,캠핑밥상,국/탕/찌개/면,회원
[아이프리] 가볍지만 강력한 레가토 다리미,2024,99000,2,0,0.0,198000,0,198000,아이프리,생활가전,할인불가
[뉴트리케어] 돌외잎주정추출물 리턴투다이어트,2024,149000,2,2,100.0,298000,298000,0,뉴트리케어,뷰티/다이어트,할인불가
[아이프리] 자외선 차단과 쿨링효과 골프패치 5회분,2024,19000,2,0,0.0,38000,0,38000,아이프리,뷰티/다이어트,회원
[아이프리] 이제부터 냄새 걱정은 끝 신발 살균 건조기,2024,59000,2,0,0.0,118000,0,118000,아이프리,생활가전,회원
[아이프리] 시어서커 여름 홑이불/베개/패드 세트,2024,40400,2,0,0.0,80800,0,80800,아이프리,계절가전/계절용품,회원
[한채] 국내산 껍질 없는 한입 군고구마 고백,2024,21750,2,0,0.0,43500,0,43500,한채,과자/간식/안주,회원 + 비회원
[쿠라빌] 100% 국내산 추출 프로폴리스,2024,50000,2,0,0.0,100000,0,100000,쿠라빌,건강식품,회원 + 비회원
[초이스카페] 유명 브랜드 드립캡슐 커피&티 12종,2024,13800,2,0,0.0,27600,0,27600,초이스카페,음료/차,회원
[착한농부] 2억년의 감칠맛 히말라야 핑크솔트,2024,18000,2,0,0.0,36000,0,36000,착한농부,잼/오일/조미/장,할인불가
[미라클버블플러스] 효소안심 세탁조 클리너 12p,2024,23000,2,0,0.0,46000,0,46000,미라클버블플러스,욕실/세정/위생용품,회원 + 비회원
[에브리딜] 2023 재물을 부르는 특수금박 해바라기 액자,2024,129000,2,0,0.0,258000,0,258000,에브리딜,가구/인테리어,회원
[이로웁다] 내 몸을 위한 건강한 휴식 팥효소,2024,52000,2,2,100.0,104000,104000,0,이로웁다,뷰티/다이어트,회원
[클라우디아] 기분을 관리하면 인생이 관리된다,2024,17600,2,0,0.0,35200,0,35200,클라우디아,도서,회원
[아렌시아] 프리미엄 두피& 피부용 벨루어바 올인원바,2024,13500,2,0,0.0,27000,0,27000,아렌시아,욕실/세정/위생용품,할인불가
[스키너리즘] 피지 팝 매직 버블 클렌저,2024,36000,2,0,0.0,72000,0,72000,스키너리즘,뷰티/다이어트,회원
[칼라테레비] 실리콘 밥솥 칸막이,2024,13550,2,0,0.0,27100,0,27100,칼라테레비,주방잡화/용품,회원
[레가토] 기술특허 전문가용 물광 고데기,2024,149000,2,0,0.0,298000,0,298000,레가토,생활가전,회원
[플레이버] 육포는 나의 힘! 제주 흑돼지/호주 소고기 육포,2024,62000,2,0,0.0,124000,0,124000,플레이버,과자/간식/안주,할인불가
[독일 세바메드] 안티박테리얼 클렌징 폼,2024,10800,2,0,0.0,21600,0,21600,독일 세바메드,뷰티/다이어트,할인불가
[쉬젤] 엘레강스 키친툴 7종 세트,2024,29000,2,0,0.0,58000,0,58000,쉬젤,조리도구,할인불가
[퓨어초이스] 엑스트라버진  아보카도오일 250ml,2024,39650,2,0,0.0,79300,0,79300,퓨어초이스,잼/오일/조미/장,회원
[코오롱제약] 프리바이오틱스 생유산균,2024,19800,2,2,100.0,39600,39600,0,코오롱제약,건강식품,회원
[유명산지] 샤인머스켓 선물세트,2024,65300,2,0,0.0,130600,0,130600,유명산지,식품,할인불가
[플레이버] 라쿠친 핑크솔트 그라인더 4종 선물세트,2024,33000,2,0,0.0,66000,0,66000,플레이버,식품,회원
[플레이버] 배 선물세트,2024,95000,2,0,0.0,190000,0,190000,플레이버,식품,회원
[★새날] 기억하자! 이채양명주 디퓨저(500ml 한개),2024,19900,2,0,0.0,39800,0,39800,★새날,Unknown,Unknown
[웰로스] 냉장고 항균탈취 올인원 패드,2024,28500,2,0,0.0,57000,0,57000,웰로스,주방잡화/용품,회원
[에브리홈] 건강지킴 술술 벗기편한 위생장갑 50매 1+1,2024,3500,1,0,0.0,3500,0,3500,에브리홈,주방잡화/용품,할인불가
[제주네이쳐] 배도라지하영 30포,2024,108500,1,1,100.0,108500,108500,0,제주네이쳐,건강식품,할인불가
[제주네이쳐] 풋귤하영 콜라겐 30포,2024,55500,1,0,0.0,55500,0,55500,제주네이쳐,건강식품,할인불가
[제주네이쳐] 풋귤 몰랑몰랑 곤약젤리,2024,26500,1,0,0.0,26500,0,26500,제주네이쳐,뷰티/다이어트,할인불가
[대국수산] 간편하게 즐기는 신선한 가을전어 1팩 5미,2024,7980,1,1,100.0,7980,7980,0,대국수산,수산/건어물/김,할인불가
[생각의길] 유시민의 글쓰기 특강,2024,15000,1,0,0.0,15000,0,15000,생각의길,도서,회원
[커스텀플라스틱] 차량용 컵홀더 & 무선충전 트레이,2024,89900,1,0,0.0,89900,0,89900,커스텀플라스틱,생활,회원
[아이프리] PTC 저소음 미니온풍기,2024,79000,1,0,0.0,79000,0,79000,아이프리,계절가전/계절용품,회원
[씨가드] 의사가 만든 바른자세와 편안함 씨가드 휴대용 목베개,2024,67000,1,0,0.0,67000,0,67000,씨가드,생활,할인불가
[메디미플러스] 신기한 화장실 클리너,2024,18100,1,0,0.0,18100,0,18100,메디미플러스,욕실/세정/위생용품,할인불가
[링크페어] 304스텐 초고압 압력솥 3.0L,2024,598000,1,1,100.0,598000,598000,0,링크페어,주방가전,회원 + 비회원
[소담한밥상] 국내산 한우 사골곰탕,2024,21900,1,1,100.0,21900,21900,0,소담한밥상,국/탕/찌개/면,할인불가
[마리질랭] 편안하면서 트렌디한 데일리 에코백 12종,2024,16800,1,0,0.0,16800,0,16800,마리질랭,패션/잡화,할인불가
[혜화동] 함부로 오늘을 버리지 않을 것,2024,14000,1,0,0.0,14000,0,14000,혜화동,도서,회원
[서해문집] 거의 모든 전쟁의 역사,2024,19500,1,0,0.0,19500,0,19500,서해문집,도서,회원
[씨가드] 의사가 만든 세로골 트랜스폼 다리베개,2024,119000,1,0,0.0,119000,0,119000,씨가드,생활용품/차량용품/마스크,회원
[솔라] 자외선 UV 차단 패치 플러스형 16회분,2024,28000,1,1,100.0,28000,28000,0,솔라,뷰티/다이어트,회원
"[아이프리] 프리미엄 양면 겨울 차렵이불세트 (SS,Q)",2024,145000,1,0,0.0,145000,0,145000,아이프리,계절가전/계절용품,회원
[와우라이프] 나의 소중한 밍밍 잼칠라 이장님,2024,25000,1,0,0.0,25000,0,25000,와우라이프,도서,회원
[생각의길] 너무 재밌어서 잠 못 드는 해적의 세계사,2024,15800,1,0,0.0,15800,0,15800,생각의길,도서,회원
[이로웁다] 붓기 빼는 고소한 콩티팥티,2024,17900,1,0,0.0,17900,0,17900,이로웁다,뷰티/다이어트,회원
[포레스트북스] 그대 늙어가는 것이 아니라 익어가는 것이다,2024,15800,1,0,0.0,15800,0,15800,포레스트북스,도서,회원
[아렌시아] 두피& 피부용 크렘바 올인원바,2024,19500,1,0,0.0,19500,0,19500,아렌시아,욕실/세정/위생용품,할인불가
[닥터필] 물없이 간편하게 섭취할 수 있는 프로폴리스&이뮨,2024,102000,1,1,100.0,102000,102000,0,닥터필,건강식품,회원
[과채연구소] NFC 착즙 100% 건강즙 자색당근 ABC 주스,2024,51900,1,1,100.0,51900,51900,0,과채연구소,음료/차,회원
[더루츠] 옷을 책 처럼 꽂아서 정리하는 뉴 드레스북,2024,37900,1,0,0.0,37900,0,37900,더루츠,패션/잡화,할인불가
[독일 세바메드] 에브리데이샴푸,2024,19800,1,1,100.0,19800,19800,0,독일 세바메드,세바메드,할인불가
[쫀슐랭] 파기름 비빔국수와 납작만두,2024,32000,1,1,100.0,32000,32000,0,쫀슐랭,국/탕/찌개/면,회원
[쉬젤] 엘레강스 나이프 세트,2024,28000,1,0,0.0,28000,0,28000,쉬젤,조리도구,할인불가
[쉬젤] 엘레강스 통원목 도마&나이프 세트,2024,53000,1,0,0.0,53000,0,53000,쉬젤,조리도구,할인불가
[쥬빌레푸드] 꼬들꼬들 복어 껍질 무침,2024,19900,1,0,0.0,19900,0,19900,쥬빌레푸드,수산/건어물/김,할인불가
[슈미트] 인체공학적 디자인 무선 목어깨 안마기,2024,259000,1,1,100.0,259000,259000,0,슈미트,건강용품,회원
[솔바로] 자가맞춤형 코골이방지 의료기기 스노락 세트,2024,198000,1,0,0.0,198000,0,198000,솔바로,건강용품,회원
[플레이버] 머스크멜론 선물세트,2024,92000,1,0,0.0,92000,0,92000,플레이버,식품,회원
[정림식품] 오븐에 구운 센베이 옛날과자 선물세트,2024,21900,1,0,0.0,21900,0,21900,정림식품,과자/간식/안주,회원
[동아제약] 탱글한 식감으로 더욱 맛있는 박카스맛 탱글 젤리,2024,14900,1,0,0.0,14900,0,14900,동아제약,과자/간식/안주,할인불가
[칼라테레비] 빈티지 고양이 블랭킷,2024,29800,1,0,0.0,29800,0,29800,칼라테레비,가구/인테리어,할인불가
[프로면] 고단백 저탄수 프로틴 생면 6종,2024,16900,1,1,100.0,16900,16900,0,프로면,국/탕/찌개/면,할인불가
[이영애의 건강 미식] 입안에 붙이는 필름 블랙베리 멀티글루타치온,2024,87000,1,0,0.0,87000,0,87000,이영애의 건강 미식,건강,회원
★[설잠수] 실키 프로바이오틱스 100억 유산균,2024,60400,1,0,0.0,60400,0,60400,설잠수,건강,회원
★[쥬빌레푸드] msg 없이 깔끔한 프리미엄 건어물 건슐랭,2024,24700,1,0,0.0,24700,0,24700,쥬빌레푸드,수산/건어물/김,할인불가
(★개인 결제)[아임굿] '간'편한 기력회복 숙취해소 특허받은 과채음료,2024,165000,1,0,0.0,165000,0,165000,아임굿,건강식품,회원
[비트젠] 접이식 탁상용 선풍기,2024,26820,1,0,0.0,26820,0,26820,비트젠,2024 여름 미리준비 기획전,회원
[황석정꽃집] 3년생 왜성붓들레아 묘목 6종 세트,2024,270000,1,0,0.0,270000,0,270000,황석정꽃집,가구/인테리어,회원
